timestamp,object_id,actual_mwh,dq_flags,has_dq_issue
2026-04-02 00:45:00,OBJ_1002,5.7876,,False
2026-04-02 00:45:00,OBJ_1006,0.0,,False
2026-04-02 04:00:00,OBJ_1006,0.0,,False
2026-04-01 05:00:00,OBJ_1007,4.211,,False
2026-04-01 20:15:00,OBJ_1014,2.3023,,False
2026-04-02 18:45:00,OBJ_1001,1.1528,,False
2026-04-03 02:45:00,OBJ_1007,4.3472,,False
2026-04-01 17:30:00,OBJ_1001,2.2537,,False
2026-04-01 08:45:00,OBJ_1009,3.2718,,False
2026-04-03 16:45:00,OBJ_1002,6.3609,,False
2026-04-03 07:15:00,OBJ_1010,5.5423,,False
2026-04-03 06:30:00,OBJ_1010,5.1008,,False
2026-04-01 02:45:00,OBJ_1010,6.2214,,False
2026-04-01 10:45:00,OBJ_1005,-1.1619,,False
2026-04-02 08:45:00,OBJ_1011,1.0761,,False
2026-04-01 09:15:00,OBJ_1008,12.0276,,False
2026-04-02 04:00:00,OBJ_1009,0.0,,False
2026-04-01 03:00:00,OBJ_1014,3.07,,False
2026-04-01 10:15:00,OBJ_1007,2.2513,,False
2026-04-01 19:45:00,OBJ_1001,0.2346,,False
2026-04-03 23:45:00,OBJ_1002,4.5243,,False
2026-04-03 23:30:00,OBJ_1010,3.2235,,False
2026-04-01 07:45:00,OBJ_1006,1.5486,,False
2026-04-02 14:15:00,OBJ_1009,5.1939,,False
2026-04-03 01:45:00,OBJ_1011,1.3614,,False
2026-04-01 20:15:00,OBJ_1011,1.2449,,False
2026-04-03 15:15:00,OBJ_1012,15.5082,,False
2026-04-03 10:15:00,OBJ_1011,-1.7929,,False
2026-04-03 02:15:00,OBJ_1010,5.9984,,False
2026-04-02 06:00:00,OBJ_1006,0.0,,False
2026-04-03 17:45:00,OBJ_1006,1.8685,,False
2026-04-01 01:15:00,OBJ_1011,1.3108,,False
2026-04-02 09:30:00,OBJ_1011,0.948,,False
2026-04-03 13:00:00,OBJ_1011,-1.546,,False
2026-04-01 22:00:00,OBJ_1007,2.3665,,False
2026-04-02 12:15:00,OBJ_1014,2.5983,,False
2026-04-01 05:15:00,OBJ_1006,0.0,,False
2026-04-03 09:15:00,OBJ_1002,4.281,,False
2026-04-01 22:45:00,OBJ_1006,0.0,,False
2026-04-02 21:30:00,OBJ_1011,1.1974,,False
2026-04-03 19:15:00,OBJ_1014,3.1779,,False
2026-04-01 06:00:00,OBJ_1014,2.8057,,False
2026-04-03 16:30:00,OBJ_1008,10.492,,False
2026-04-03 02:45:00,OBJ_1006,0.0,,False
2026-04-03 09:45:00,OBJ_1014,1.8575,,False
2026-04-02 06:15:00,OBJ_1007,4.2155,,False
2026-04-02 14:00:00,OBJ_1010,4.9299,,False
2026-04-03 13:15:00,OBJ_1007,3.7505,,False
2026-04-03 01:30:00,OBJ_1005,0.6308,,False
2026-04-02 22:00:00,OBJ_1006,0.0,,False
2026-04-03 08:00:00,OBJ_1009,2.4424,,False
2026-04-01 07:15:00,OBJ_1014,3.1317,,False
2026-04-02 17:00:00,OBJ_1009,3.4081,,False
2026-04-02 00:30:00,OBJ_1002,4.7432,,False
2026-04-03 02:00:00,OBJ_1011,1.3078,,False
2026-04-02 11:45:00,OBJ_1012,12.3325,,False
2026-04-01 02:15:00,OBJ_1011,1.1609,,False
2026-04-02 14:45:00,OBJ_1006,3.7436,,False
2026-04-03 13:30:00,OBJ_1009,5.8348,,False
2026-04-02 16:30:00,OBJ_1010,5.6979,,False
2026-04-03 07:30:00,OBJ_1011,1.394,,False
2026-04-02 02:45:00,OBJ_1012,5.8423,,False
2026-04-02 17:15:00,OBJ_1008,11.5836,,False
2026-04-03 21:30:00,OBJ_1001,0.0,,False
2026-04-02 07:00:00,OBJ_1010,5.0856,,False
2026-04-03 04:00:00,OBJ_1007,5.1909,,False
2026-04-02 22:00:00,OBJ_1008,3.2011,,False
2026-04-02 23:45:00,OBJ_1005,0.6135,,False
2026-04-02 08:15:00,OBJ_1002,5.375,,False
2026-04-02 08:30:00,OBJ_1011,1.2276,,False
2026-04-02 19:00:00,OBJ_1001,0.9635,,False
2026-04-03 06:45:00,OBJ_1011,1.2872,,False
2026-04-03 19:00:00,OBJ_1014,2.6801,,False
2026-04-03 08:45:00,OBJ_1011,1.1485,,False
2026-04-03 00:30:00,OBJ_1008,3.5596,,False
2026-04-03 05:30:00,OBJ_1005,0.7276,,False
2026-04-03 18:45:00,OBJ_1002,7.7354,,False
2026-04-01 10:15:00,OBJ_1009,4.542,,False
2026-04-01 07:30:00,OBJ_1009,1.7505,,False
2026-04-03 04:30:00,OBJ_1001,0.0,,False
2026-04-03 03:00:00,OBJ_1001,0.0,,False
2026-04-02 18:30:00,OBJ_1012,13.8408,,False
2026-04-01 08:00:00,OBJ_1001,1.9347,,False
2026-04-01 11:15:00,OBJ_1010,3.3463,,False
2026-04-03 21:00:00,OBJ_1007,3.022,,False
2026-04-02 17:45:00,OBJ_1006,1.9431,,False
2026-04-01 00:45:00,OBJ_1011,0.9275,,False
2026-04-02 12:15:00,OBJ_1002,4.8727,,False
2026-04-02 21:00:00,OBJ_1005,0.8391,,False
2026-04-02 22:15:00,OBJ_1014,1.5142,,False
2026-04-03 21:45:00,OBJ_1012,14.8576,,False
2026-04-02 06:30:00,OBJ_1011,1.1291,,False
2026-04-01 05:45:00,OBJ_1014,2.9903,,False
2026-04-01 00:00:00,OBJ_1012,4.0596,,False
2026-04-02 08:00:00,OBJ_1014,2.7769,,False
2026-04-03 01:00:00,OBJ_1001,0.0,,False
2026-04-03 06:15:00,OBJ_1007,5.0294,,False
2026-04-01 05:30:00,OBJ_1005,0.6817,,False
2026-04-03 20:45:00,OBJ_1009,0.0,,False
2026-04-01 02:45:00,OBJ_1014,2.6977,,False
2026-04-03 22:00:00,OBJ_1012,4.3458,,False
2026-04-03 21:15:00,OBJ_1007,3.0212,,False
2026-04-02 11:15:00,OBJ_1010,3.3216,,False
2026-04-03 23:45:00,OBJ_1014,1.7004,,False
2026-04-01 17:15:00,OBJ_1014,3.7625,,False
2026-04-02 01:30:00,OBJ_1012,4.618,,False
2026-04-01 01:00:00,OBJ_1007,4.189,,False
2026-04-02 13:00:00,OBJ_1007,4.3025,,False
2026-04-01 16:15:00,OBJ_1006,3.0143,,False
2026-04-01 02:15:00,OBJ_1014,3.488,,False
2026-04-02 22:30:00,OBJ_1011,1.4997,,False
2026-04-01 02:30:00,OBJ_1006,0.0,,False
2026-04-03 16:30:00,OBJ_1014,3.6778,,False
2026-04-01 08:00:00,OBJ_1007,4.0269,,False
2026-04-01 12:15:00,OBJ_1002,5.6347,,False
2026-04-01 03:45:00,OBJ_1011,1.3708,,False
2026-04-02 09:00:00,OBJ_1001,2.4025,,False
2026-04-02 19:00:00,OBJ_1005,0.7663,,False
2026-04-02 00:30:00,OBJ_1009,0.0,,False
2026-04-02 03:30:00,OBJ_1006,0.0,,False
2026-04-02 14:45:00,OBJ_1009,5.3011,,False
2026-04-03 11:30:00,OBJ_1002,4.6118,,False
2026-04-01 00:00:00,OBJ_1010,3.7952,,False
2026-04-03 11:30:00,OBJ_1006,3.9257,,False
2026-04-01 01:45:00,OBJ_1005,0.6987,,False
2026-04-02 13:15:00,OBJ_1006,3.8842,,False
2026-04-03 13:30:00,OBJ_1014,2.7086,,False
2026-04-03 17:30:00,OBJ_1005,0.9114,,False
2026-04-03 05:15:00,OBJ_1012,4.9659,,False
2026-04-03 02:00:00,OBJ_1007,4.4791,,False
2026-04-02 18:15:00,OBJ_1010,5.4094,,False
2026-04-02 00:45:00,OBJ_1008,3.1448,,False
2026-04-02 11:00:00,OBJ_1007,2.7939,,False
2026-04-01 06:45:00,OBJ_1010,5.1238,,False
2026-04-03 11:00:00,OBJ_1007,2.6692,,False
2026-04-02 15:15:00,OBJ_1008,12.7853,,False
2026-04-02 05:45:00,OBJ_1009,0.0,,False
2026-04-01 20:30:00,OBJ_1002,5.5764,,False
2026-04-03 05:00:00,OBJ_1011,1.2003,,False
2026-04-02 08:00:00,OBJ_1010,4.3401,,False
2026-04-01 00:00:00,OBJ_1005,0.71,,False
2026-04-02 01:15:00,OBJ_1014,3.1483,,False
2026-04-03 22:15:00,OBJ_1007,2.4683,,False
2026-04-01 17:00:00,OBJ_1012,14.4795,,False
2026-04-01 08:00:00,OBJ_1002,4.7489,,False
2026-04-02 02:45:00,OBJ_1009,0.0,,False
2026-04-01 09:30:00,OBJ_1006,3.0053,,False
2026-04-01 01:15:00,OBJ_1009,0.0,,False
2026-04-01 08:00:00,OBJ_1010,4.3629,,False
2026-04-02 11:45:00,OBJ_1011,-1.7464,,False
2026-04-03 17:30:00,OBJ_1008,11.3824,,False
2026-04-02 03:00:00,OBJ_1008,3.0313,,False
2026-04-03 04:30:00,OBJ_1010,6.3658,,False
2026-04-01 23:45:00,OBJ_1010,3.472,,False
2026-04-02 16:15:00,OBJ_1012,17.881,,False
2026-04-01 14:15:00,OBJ_1011,-1.3365,,False
2026-04-02 16:15:00,OBJ_1014,3.6746,,False
2026-04-01 03:30:00,OBJ_1005,0.7352,,False
2026-04-02 03:30:00,OBJ_1009,0.0,,False
2026-04-01 14:45:00,OBJ_1005,-0.8206,,False
2026-04-02 16:00:00,OBJ_1007,4.5444,,False
2026-04-03 01:45:00,OBJ_1006,0.0,,False
2026-04-01 00:00:00,OBJ_1014,2.1764,,False
2026-04-02 23:15:00,OBJ_1002,4.2346,,False
2026-04-01 11:45:00,OBJ_1008,11.9256,,False
2026-04-01 08:30:00,OBJ_1002,4.6797,,False
2026-04-02 00:15:00,OBJ_1011,1.4117,,False
2026-04-01 09:45:00,OBJ_1002,3.8455,,False
2026-04-02 13:45:00,OBJ_1012,14.5856,,False
2026-04-03 16:15:00,OBJ_1006,3.0394,,False
2026-04-01 10:15:00,OBJ_1011,-1.3648,,False
2026-04-01 21:00:00,OBJ_1007,3.0801,,False
2026-04-03 13:30:00,OBJ_1012,16.444,,False
2026-04-02 07:00:00,OBJ_1001,0.9658,,False
2026-04-01 11:45:00,OBJ_1001,3.7286,,False
2026-04-03 10:15:00,OBJ_1010,2.9529,,False
2026-04-02 17:00:00,OBJ_1007,4.8903,,False
2026-04-01 16:30:00,OBJ_1008,11.9318,,False
2026-04-02 01:00:00,OBJ_1009,0.0,,False
2026-04-02 00:00:00,OBJ_1011,0.9394,,False
2026-04-02 21:15:00,OBJ_1010,3.4254,,False
2026-04-02 01:15:00,OBJ_1010,5.1475,,False
2026-04-01 02:15:00,OBJ_1006,0.0,,False
2026-04-01 17:45:00,OBJ_1006,1.9395,,False
2026-04-03 05:30:00,OBJ_1001,0.0,,False
2026-04-01 05:00:00,OBJ_1008,3.8763,,False
2026-04-02 09:45:00,OBJ_1011,1.0647,,False
2026-04-02 04:00:00,OBJ_1012,5.0147,,False
2026-04-03 00:45:00,OBJ_1011,0.9057,,False
2026-04-02 07:45:00,OBJ_1006,1.5416,,False
2026-04-03 06:45:00,OBJ_1010,6.0114,,False
2026-04-03 00:45:00,OBJ_1008,3.5689,,False
2026-04-01 07:30:00,OBJ_1006,1.2874,,False
2026-04-02 14:30:00,OBJ_1008,11.0564,,False
2026-04-01 21:30:00,OBJ_1012,16.7441,,False
2026-04-01 19:15:00,OBJ_1002,6.5759,,False
2026-04-01 18:30:00,OBJ_1012,16.9245,,False
2026-04-01 00:30:00,OBJ_9999,0.0,,False
2026-04-03 20:15:00,OBJ_1002,4.6854,,False
2026-04-01 06:00:00,OBJ_1005,0.8447,,False
2026-04-01 02:00:00,OBJ_1014,3.5033,,False
2026-04-03 16:15:00,OBJ_1008,11.9011,,False
2026-04-03 12:15:00,OBJ_1010,4.4681,,False
2026-04-02 17:30:00,OBJ_1007,4.6791,,False
2026-04-03 10:30:00,OBJ_1002,3.1406,,False
2026-04-02 09:00:00,OBJ_1011,1.1142,,False
2026-04-01 00:00:00,1001,0.05,invalid_object_id_format,True
2026-04-03 01:45:00,OBJ_1008,3.6556,,False
2026-04-03 13:45:00,OBJ_1014,3.1538,,False
2026-04-03 09:45:00,OBJ_1011,0.9954,,False
2026-04-02 18:15:00,OBJ_1002,7.4745,,False
2026-04-01 17:15:00,OBJ_1007,4.4126,,False
2026-04-02 17:45:00,OBJ_1008,11.4449,,False
2026-04-02 16:45:00,OBJ_1012,12.3149,,False
2026-04-03 21:45:00,OBJ_1002,4.3988,,False
2026-04-01 23:30:00,OBJ_1001,0.0,,False
2026-04-03 23:00:00,OBJ_1011,1.2652,,False
2026-04-03 17:15:00,OBJ_1008,11.1811,,False
2026-04-01 16:45:00,OBJ_1012,16.8814,,False
2026-04-01 18:00:00,OBJ_1012,13.7913,,False
2026-04-02 19:00:00,OBJ_1002,6.3761,,False
2026-04-01 01:15:00,OBJ_1003,2.2696,,False
2026-04-01 21:15:00,OBJ_1012,14.0323,,False
2026-04-03 23:30:00,OBJ_1009,0.0,,False
2026-04-01 13:45:00,OBJ_1002,6.0331,,False
2026-04-03 01:15:00,OBJ_1010,4.7736,,False
2026-04-02 12:30:00,OBJ_1007,3.5815,,False
2026-04-02 19:45:00,OBJ_1007,4.4991,,False
2026-04-03 12:45:00,OBJ_1001,3.8995,,False
2026-04-02 01:45:00,OBJ_1006,0.0,,False
2026-04-02 19:00:00,OBJ_1008,11.4188,,False
2026-04-01 21:45:00,OBJ_1001,0.0,,False
2026-04-01 17:00:00,OBJ_1011,1.2256,,False
2026-04-02 07:00:00,OBJ_1009,1.1793,,False
2026-04-03 11:00:00,OBJ_1009,4.85,,False
2026-04-02 22:15:00,OBJ_1002,3.4576,,False
2026-04-02 10:00:00,OBJ_1006,3.4133,,False
2026-04-03 16:45:00,OBJ_1009,3.5662,,False
2026-04-03 08:30:00,OBJ_1007,4.0271,,False
2026-04-01 11:15:00,OBJ_1007,2.467,,False
2026-04-01 22:30:00,OBJ_1002,2.8769,,False
2026-04-03 17:00:00,OBJ_1006,2.4105,,False
2026-04-03 15:45:00,OBJ_1012,16.0631,,False
2026-04-03 19:00:00,OBJ_1012,13.0521,,False
2026-04-02 22:15:00,OBJ_1008,3.9044,,False
2026-04-02 13:00:00,OBJ_1010,4.509,,False
2026-04-02 22:30:00,OBJ_1002,3.5921,,False
2026-04-02 23:15:00,OBJ_1011,1.2928,,False
2026-04-01 15:15:00,OBJ_1005,0.7222,,False
2026-04-02 00:45:00,OBJ_1014,2.4083,,False
2026-04-02 13:00:00,OBJ_1001,3.9627,,False
2026-04-01 13:45:00,OBJ_1005,-1.1172,,False
2026-04-01 01:30:00,OBJ_1011,1.2933,,False
2026-04-01 14:45:00,OBJ_1008,12.6995,,False
2026-04-01 03:45:00,OBJ_1006,0.0,,False
2026-04-03 14:30:00,OBJ_1006,4.1692,,False
2026-04-02 09:30:00,OBJ_1001,2.9525,,False
2026-04-03 23:15:00,OBJ_1009,0.0,,False
2026-04-03 11:45:00,OBJ_1011,-1.21,,False
2026-04-02 23:15:00,OBJ_1005,0.767,,False
2026-04-02 15:00:00,OBJ_1011,1.3697,,False
2026-04-02 17:15:00,OBJ_1005,0.8584,,False
2026-04-01 01:45:00,OBJ_1011,1.0316,,False
2026-04-02 03:45:00,OBJ_1009,0.0,,False
2026-04-03 08:30:00,OBJ_1009,3.1533,,False
2026-04-02 00:45:00,OBJ_1005,0.6269,,False
2026-04-01 04:45:00,OBJ_1009,0.0,,False
2026-04-02 21:45:00,OBJ_1008,10.6941,,False
2026-04-01 06:00:00,OBJ_1010,5.37,,False
2026-04-03 02:15:00,OBJ_1011,1.09,,False
2026-04-01 18:45:00,OBJ_1007,5.0386,,False
2026-04-03 15:45:00,OBJ_1005,0.6161,,False
2026-04-03 05:00:00,OBJ_1014,2.8642,,False
2026-04-01 23:00:00,OBJ_1008,3.8469,,False
2026-04-02 04:00:00,OBJ_1014,3.1858,,False
2026-04-01 08:15:00,OBJ_1001,2.0172,,False
2026-04-02 23:45:00,OBJ_1010,3.3645,,False
2026-04-01 22:15:00,OBJ_1002,2.8752,,False
2026-04-03 02:30:00,OBJ_1006,0.0,,False
2026-04-01 05:15:00,OBJ_1014,3.3936,,False
2026-04-01 02:45:00,OBJ_1007,4.2655,,False
2026-04-02 19:30:00,OBJ_1001,0.4676,,False
2026-04-02 05:30:00,OBJ_1002,7.834,,False
2026-04-03 03:15:00,OBJ_1005,0.6782,,False
2026-04-01 06:00:00,OBJ_1001,0.0,,False
2026-04-03 20:00:00,OBJ_1008,11.4571,,False
2026-04-01 03:15:00,OBJ_1001,0.0,,False
2026-04-01 23:15:00,OBJ_1002,3.724,,False
2026-04-02 20:15:00,OBJ_1007,3.7425,,False
2026-04-02 18:00:00,OBJ_1005,0.7836,,False
2026-04-01 10:15:00,OBJ_1005,-0.9037,,False
2026-04-03 18:00:00,OBJ_1006,1.8639,,False
2026-04-02 07:00:00,OBJ_1008,13.2589,,False
2026-04-01 05:30:00,OBJ_1008,3.5937,,False
2026-04-03 22:45:00,OBJ_1008,4.4095,,False
2026-04-02 21:00:00,OBJ_1012,17.1824,,False
2026-04-02 13:45:00,OBJ_1010,5.0936,,False
2026-04-03 05:30:00,OBJ_1006,0.0,,False
2026-04-02 08:15:00,OBJ_1014,2.1073,,False
2026-04-01 07:45:00,OBJ_1007,4.5556,,False
2026-04-03 11:45:00,OBJ_1002,4.5679,,False
2026-04-02 15:00:00,OBJ_1014,3.3639,,False
2026-04-02 08:30:00,OBJ_1006,2.2606,,False
2026-04-02 16:15:00,OBJ_1006,3.322,,False
2026-04-01 05:45:00,OBJ_1005,0.9984,,False
2026-04-01 16:30:00,OBJ_1011,1.2512,,False
2026-04-01 18:30:00,OBJ_1008,12.1735,,False
2026-04-01 07:00:00,OBJ_1009,1.2911,,False
2026-04-01 11:45:00,OBJ_1005,-1.0158,,False
2026-04-01 20:15:00,OBJ_1001,0.0,,False
2026-04-01 17:15:00,OBJ_1001,2.3547,,False
2026-04-03 23:15:00,OBJ_1012,4.5607,,False
2026-04-02 16:30:00,OBJ_1009,3.8878,,False
2026-04-03 23:45:00,OBJ_1012,5.0136,,False
2026-04-02 04:15:00,OBJ_1010,6.1364,,False
2026-04-01 22:45:00,OBJ_1001,0.0,,False
2026-04-01 14:45:00,OBJ_1011,-1.5777,,False
2026-04-01 23:45:00,OBJ_1012,5.9281,,False
2026-04-02 16:45:00,OBJ_1001,2.9684,,False
2026-04-01 21:15:00,OBJ_1006,0.0,,False
2026-04-01 05:15:00,OBJ_1005,0.8701,,False
2026-04-02 23:00:00,OBJ_1007,3.0875,,False
2026-04-02 05:00:00,OBJ_1001,0.0,,False
2026-04-01 21:00:00,OBJ_1009,0.0,,False
2026-04-02 07:30:00,OBJ_1005,0.6555,,False
2026-04-03 14:30:00,OBJ_1011,-1.6363,,False
2026-04-03 11:15:00,OBJ_1009,4.9626,,False
2026-04-01 18:15:00,OBJ_1012,13.1319,,False
2026-04-03 13:00:00,OBJ_1009,5.1575,,False
2026-04-01 11:30:00,OBJ_1014,1.7636,,False
2026-04-03 13:45:00,OBJ_1007,3.5463,,False
2026-04-03 02:00:00,OBJ_1002,5.8314,,False
2026-04-02 07:00:00,OBJ_1011,1.1098,,False
2026-04-02 23:00:00,OBJ_1006,0.0,,False
2026-04-03 18:45:00,OBJ_1012,17.6922,,False
2026-04-01 18:30:00,OBJ_1014,3.5635,,False
2026-04-03 05:15:00,OBJ_1009,0.0,,False
2026-04-01 18:00:00,OBJ_1011,1.0697,,False
2026-04-03 03:45:00,OBJ_1014,3.3338,,False
2026-04-01 02:00:00,OBJ_1011,1.4977,,False
2026-04-02 11:00:00,OBJ_1009,5.2853,,False
2026-04-02 07:45:00,OBJ_1001,1.6001,,False
2026-04-03 20:00:00,OBJ_1009,0.0,,False
2026-04-03 15:15:00,OBJ_1001,3.5338,,False
2026-04-03 10:15:00,OBJ_1001,3.1201,,False
2026-04-01 20:00:00,OBJ_1009,0.0,,False
2026-04-02 04:15:00,OBJ_1009,0.0,,False
2026-04-01 15:00:00,OBJ_1014,3.237,,False
2026-04-01 10:00:00,OBJ_1011,-1.6983,,False
2026-04-02 04:00:00,OBJ_1001,0.0,,False
2026-04-01 22:30:00,OBJ_1008,3.0491,,False
2026-04-02 14:30:00,OBJ_1011,-1.3968,,False
2026-04-01 04:30:00,OBJ_1006,0.0,,False
2026-04-03 13:15:00,OBJ_1001,4.0617,,False
2026-04-03 01:15:00,OBJ_1007,4.1058,,False
2026-04-03 14:00:00,OBJ_1014,2.9147,,False
2026-04-01 11:00:00,OBJ_1010,3.1742,,False
2026-04-01 13:30:00,OBJ_1001,4.0292,,False
2026-04-01 17:45:00,OBJ_1007,5.282,,False
2026-04-02 19:30:00,OBJ_1008,11.2967,,False
2026-04-01 06:30:00,OBJ_1001,0.4922,,False
2026-04-03 14:00:00,OBJ_1006,3.9149,,False
2026-04-01 09:00:00,OBJ_1002,4.4315,,False
2026-04-03 02:45:00,OBJ_1009,0.0,,False
2026-04-02 19:15:00,OBJ_1012,12.8991,,False
2026-04-01 18:45:00,OBJ_1005,0.8009,,False
2026-04-01 09:00:00,OBJ_1011,1.3776,,False
2026-04-03 04:15:00,OBJ_1011,1.1875,,False
2026-04-02 16:45:00,OBJ_1007,5.0208,,False
2026-04-02 08:30:00,OBJ_1012,16.8811,,False
2026-04-03 22:45:00,OBJ_1012,4.5722,,False
2026-04-02 03:15:00,OBJ_1009,0.0,,False
2026-04-02 10:45:00,OBJ_1002,3.0501,,False
2026-04-02 16:00:00,OBJ_1002,7.7547,,False
2026-04-01 19:00:00,OBJ_1007,3.9358,,False
2026-04-03 08:15:00,OBJ_1005,0.6828,,False
2026-04-02 12:45:00,OBJ_1005,-1.1827,,False
2026-04-01 10:00:00,OBJ_1006,3.4919,,False
2026-04-03 22:30:00,OBJ_1010,2.9965,,False
2026-04-02 14:15:00,OBJ_1006,4.308,,False
2026-04-01 17:15:00,OBJ_1011,1.319,,False
2026-04-01 19:00:00,OBJ_1005,0.7878,,False
2026-04-02 12:15:00,OBJ_1005,-1.0134,,False
2026-04-03 23:30:00,OBJ_1006,0.0,,False
2026-04-03 03:45:00,OBJ_1010,5.3233,,False
2026-04-03 06:30:00,OBJ_1002,7.0651,,False
2026-04-01 05:00:00,OBJ_1011,0.9945,,False
2026-04-01 18:45:00,OBJ_1001,1.1515,,False
2026-04-01 11:30:00,OBJ_1002,4.0957,,False
2026-04-03 18:30:00,OBJ_1002,6.1142,,False
2026-04-01 03:15:00,OBJ_1009,0.0,,False
2026-04-03 15:45:00,OBJ_1007,4.5512,,False
2026-04-02 19:30:00,OBJ_1010,5.089,,False
2026-04-03 21:45:00,OBJ_1008,11.4098,,False
2026-04-03 03:45:00,OBJ_1009,0.0,,False
2026-04-01 01:30:00,OBJ_1012,4.7913,,False
2026-04-01 20:30:00,OBJ_1010,4.5812,,False
2026-04-03 08:45:00,OBJ_1001,2.3109,,False
2026-04-01 07:15:00,OBJ_1009,1.5954,,False
2026-04-02 12:30:00,OBJ_1008,11.5955,,False
2026-04-02 18:15:00,OBJ_1008,9.8315,,False
2026-04-03 17:45:00,OBJ_1008,9.9874,,False
2026-04-02 14:00:00,OBJ_1001,4.2079,,False
2026-04-02 15:45:00,OBJ_1002,6.8212,,False
2026-04-03 21:15:00,OBJ_1012,14.2164,,False
2026-04-01 15:00:00,OBJ_1006,3.5182,,False
2026-04-01 21:00:00,OBJ_1001,0.0,,False
2026-04-01 05:45:00,OBJ_1001,0.0,,False
2026-04-01 22:30:00,OBJ_1014,1.3187,,False
2026-04-01 13:30:00,OBJ_1006,3.9863,,False
2026-04-03 20:45:00,OBJ_1008,10.1937,,False
2026-04-03 07:45:00,OBJ_1001,1.4745,,False
2026-04-01 07:45:00,OBJ_1012,17.8869,,False
2026-04-03 23:45:00,OBJ_1006,0.0,,False
2026-04-01 17:15:00,OBJ_1008,11.4715,,False
2026-04-01 00:45:00,OBJ_1005,0.8208,,False
2026-04-02 07:45:00,OBJ_1014,2.9151,,False
2026-04-03 03:45:00,OBJ_1006,0.0,,False
2026-04-01 02:00:00,OBJ_1005,0.6439,,False
2026-04-02 12:45:00,OBJ_1008,12.0825,,False
2026-04-03 13:45:00,OBJ_1009,5.4734,,False
2026-04-02 02:00:00,OBJ_1014,3.2305,,False
2026-04-01 21:45:00,OBJ_1007,2.9581,,False
2026-04-01 11:15:00,OBJ_1008,11.8002,,False
2026-04-01 20:00:00,OBJ_1011,1.1073,,False
2026-04-03 16:45:00,OBJ_1005,0.8733,,False
2026-04-02 03:00:00,OBJ_1009,0.0,,False
2026-04-02 14:00:00,OBJ_1006,3.9927,,False
2026-04-02 00:00:00,OBJ_1001,0.0,,False
2026-04-03 00:00:00,OBJ_1014,2.0366,,False
2026-04-02 06:15:00,OBJ_1010,6.1011,,False
2026-04-01 12:30:00,OBJ_1006,4.3191,,False
2026-04-03 21:15:00,OBJ_1005,0.759,,False
2026-04-03 20:30:00,OBJ_1010,4.0205,,False
2026-04-02 09:30:00,OBJ_1010,3.426,,False
2026-04-01 23:45:00,OBJ_1011,1.1748,,False
2026-04-02 11:30:00,OBJ_1014,1.8708,,False
2026-04-03 07:15:00,OBJ_1005,0.7663,,False
2026-04-02 20:45:00,OBJ_1001,0.0,,False
2026-04-01 14:15:00,OBJ_1002,6.7063,,False
2026-04-03 21:00:00,OBJ_1010,3.1212,,False
2026-04-02 04:30:00,OBJ_1009,0.0,,False
2026-04-03 11:30:00,OBJ_1011,-1.7866,,False
2026-04-03 04:45:00,OBJ_1010,6.9389,,False
2026-04-03 06:30:00,OBJ_1009,0.5796,,False
2026-04-03 12:00:00,OBJ_1012,15.2194,,False
2026-04-01 19:30:00,OBJ_1002,6.4256,,False
2026-04-03 18:45:00,OBJ_1005,0.7494,,False
2026-04-01 09:15:00,OBJ_1012,13.4691,,False
2026-04-02 15:00:00,OBJ_1001,4.0421,,False
2026-04-03 07:15:00,OBJ_1011,1.0753,,False
2026-04-01 21:15:00,OBJ_1008,12.7111,,False
2026-04-03 18:15:00,OBJ_1014,3.5072,,False
2026-04-02 04:45:00,OBJ_1012,4.5658,,False
2026-04-01 18:00:00,OBJ_1010,6.2183,,False
2026-04-01 18:15:00,OBJ_1011,1.0931,,False
2026-04-03 05:45:00,OBJ_1009,0.0,,False
2026-04-02 14:45:00,OBJ_1011,-1.6894,,False
2026-04-02 09:00:00,OBJ_1007,2.9238,,False
2026-04-03 18:15:00,OBJ_1001,1.719,,False
2026-04-02 01:45:00,OBJ_1008,3.9498,,False
2026-04-01 12:45:00,OBJ_1009,5.9553,,False
2026-04-02 20:00:00,OBJ_1001,0.0,,False
2026-04-01 06:00:00,OBJ_1011,1.298,,False
2026-04-02 23:15:00,OBJ_1010,3.4502,,False
2026-04-03 16:30:00,OBJ_1002,7.2301,,False
2026-04-02 07:15:00,OBJ_1009,1.6209,,False
2026-04-01 21:45:00,OBJ_1009,0.0,,False
2026-04-02 07:30:00,OBJ_1009,1.708,,False
2026-04-01 13:30:00,OBJ_1009,5.1445,,False
2026-04-01 01:00:00,OBJ_1014,2.8897,,False
2026-04-03 13:15:00,OBJ_1011,-1.337,,False
2026-04-02 07:00:00,OBJ_1012,12.16,,False
2026-04-03 09:00:00,OBJ_1014,2.1177,,False
2026-04-02 18:00:00,OBJ_1007,4.1486,,False
2026-04-01 18:45:00,OBJ_1010,5.7388,,False
2026-04-01 15:15:00,OBJ_1012,15.9626,,False
2026-04-02 07:00:00,OBJ_1005,0.9621,,False
2026-04-01 16:15:00,OBJ_1010,6.7119,,False
2026-04-01 23:00:00,OBJ_1001,0.0,,False
2026-04-01 04:00:00,OBJ_1005,0.7694,,False
2026-04-03 03:45:00,OBJ_1002,7.1617,,False
2026-04-01 21:45:00,OBJ_1012,12.1501,,False
2026-04-01 19:15:00,OBJ_1012,16.4806,,False
2026-04-02 14:00:00,OBJ_1011,-1.5026,,False
2026-04-02 12:45:00,OBJ_1009,5.3592,,False
2026-04-02 09:30:00,OBJ_1007,2.9729,,False
2026-04-01 17:15:00,OBJ_1010,5.9196,,False
2026-04-02 18:00:00,OBJ_1014,3.4519,,False
2026-04-01 14:00:00,OBJ_1001,4.22,,False
2026-04-03 13:15:00,OBJ_1010,5.3616,,False
2026-04-01 12:30:00,OBJ_1007,3.7869,,False
2026-04-03 23:30:00,OBJ_1012,5.2911,,False
2026-04-03 22:30:00,OBJ_1008,3.4143,,False
2026-04-01 19:00:00,OBJ_1002,5.5779,,False
2026-04-03 17:45:00,OBJ_1001,1.9372,,False
2026-04-01 16:00:00,OBJ_1006,3.2909,,False
2026-04-02 23:00:00,OBJ_1008,3.5561,,False
2026-04-01 01:45:00,OBJ_1003,1.9652,,False
2026-04-02 04:15:00,OBJ_1005,0.9327,,False
2026-04-02 19:15:00,OBJ_1009,0.9368,,False
2026-04-03 19:45:00,OBJ_1005,0.9547,,False
2026-04-01 19:30:00,OBJ_1007,4.3548,,False
2026-04-01 04:30:00,OBJ_1005,0.9876,,False
2026-04-03 07:00:00,OBJ_1001,0.9247,,False
2026-04-01 21:00:00,OBJ_1012,12.793,,False
2026-04-03 08:15:00,OBJ_1002,4.888,,False
2026-04-02 06:45:00,OBJ_1010,5.0497,,False
2026-04-01 10:15:00,OBJ_1010,2.8056,,False
2026-04-01 10:00:00,OBJ_1001,3.3428,,False
2026-04-03 19:30:00,OBJ_1014,2.5033,,False
2026-04-03 02:00:00,OBJ_1008,3.5337,,False
2026-04-01 22:45:00,OBJ_1014,1.5495,,False
2026-04-03 01:00:00,OBJ_1012,5.7751,,False
2026-04-01 11:45:00,OBJ_1007,2.6423,,False
2026-04-02 03:00:00,OBJ_1011,1.2709,,False
2026-04-01 17:00:00,OBJ_1014,3.0185,,False
2026-04-01 02:15:00,OBJ_1001,0.0,,False
2026-04-01 10:45:00,OBJ_1009,5.0667,,False
2026-04-01 17:00:00,OBJ_1009,3.7343,,False
2026-04-01 18:30:00,OBJ_1010,5.5111,,False
2026-04-01 15:45:00,OBJ_1007,5.3798,,False
2026-04-03 19:45:00,OBJ_1012,12.0077,,False
2026-04-02 07:00:00,OBJ_1006,0.8733,,False
2026-04-01 07:30:00,OBJ_1014,3.076,,False
2026-04-01 17:45:00,OBJ_1012,17.5312,,False
2026-04-03 17:00:00,OBJ_1005,0.8203,,False
2026-04-03 04:30:00,OBJ_1002,7.7514,,False
2026-04-03 10:30:00,OBJ_1008,12.9645,,False
2026-04-02 02:30:00,OBJ_1009,0.0,,False
2026-04-03 00:15:00,OBJ_1009,0.0,,False
2026-04-03 13:00:00,OBJ_1008,10.2239,,False
2026-04-03 12:30:00,OBJ_1011,-1.3856,,False
2026-04-02 07:00:00,OBJ_1007,4.0524,,False
2026-04-02 09:15:00,OBJ_1010,4.0991,,False
2026-04-03 18:30:00,OBJ_1014,3.4433,,False
2026-04-01 19:15:00,OBJ_1008,9.3079,,False
2026-04-02 13:45:00,OBJ_1014,3.0754,,False
2026-04-01 03:00:00,OBJ_1002,8.097,,False
2026-04-01 01:00:00,OBJ_1010,4.6224,,False
2026-04-02 18:45:00,OBJ_1010,5.8831,,False
2026-04-02 02:15:00,OBJ_1012,5.3343,,False
2026-04-01 23:00:00,OBJ_1006,0.0,,False
2026-04-03 13:45:00,OBJ_1010,5.6197,,False
2026-04-03 22:45:00,OBJ_1011,0.9606,,False
2026-04-02 03:30:00,OBJ_1002,7.2005,,False
2026-04-01 06:30:00,OBJ_1007,3.9108,,False
2026-04-02 06:15:00,OBJ_1006,0.2401,,False
2026-04-01 06:15:00,OBJ_1005,0.8213,,False
2026-04-02 19:30:00,OBJ_1005,0.6822,,False
2026-04-02 05:00:00,OBJ_1011,1.3342,,False
2026-04-01 04:45:00,OBJ_1005,0.9136,,False
2026-04-03 22:15:00,OBJ_1011,1.4005,,False
2026-04-01 11:45:00,OBJ_1012,17.6977,,False
2026-04-01 22:15:00,OBJ_1006,0.0,,False
2026-04-01 02:30:00,OBJ_1010,5.8368,,False
2026-04-01 06:15:00,OBJ_1008,4.0764,,False
2026-04-03 16:30:00,OBJ_1007,5.3602,,False
2026-04-01 14:15:00,OBJ_1012,13.0766,,False
2026-04-03 02:30:00,OBJ_1002,6.4671,,False
2026-04-03 12:45:00,OBJ_1009,5.7956,,False
2026-04-03 15:45:00,OBJ_1010,5.7368,,False
2026-04-01 07:15:00,OBJ_1010,4.9103,,False
2026-04-02 02:30:00,OBJ_1001,0.0,,False
2026-04-03 16:45:00,OBJ_1006,2.6265,,False
2026-04-01 06:30:00,OBJ_1010,5.3091,,False
2026-04-02 19:45:00,OBJ_1002,6.7318,,False
2026-04-03 16:30:00,OBJ_1010,6.0558,,False
2026-04-03 14:45:00,OBJ_1007,4.7628,,False
2026-04-02 15:45:00,OBJ_1006,3.4088,,False
2026-04-03 20:15:00,OBJ_1006,0.0,,False
2026-04-02 03:30:00,OBJ_1011,0.9879,,False
2026-04-02 05:45:00,OBJ_1010,5.2982,,False
2026-04-03 11:15:00,OBJ_1002,4.2683,,False
2026-04-01 02:15:00,OBJ_1009,0.0,,False
2026-04-02 23:15:00,OBJ_1001,0.0,,False
2026-04-02 02:00:00,OBJ_1005,0.9107,,False
2026-04-01 15:15:00,OBJ_1001,3.8559,,False
2026-04-03 01:15:00,OBJ_1005,0.9702,,False
2026-04-03 09:00:00,OBJ_1007,3.2484,,False
2026-04-02 13:00:00,OBJ_1012,15.3699,,False
2026-04-03 01:00:00,OBJ_1008,3.7922,,False
2026-04-03 15:15:00,OBJ_1014,2.9669,,False
2026-04-01 12:00:00,OBJ_1009,5.5859,,False
2026-04-02 22:30:00,OBJ_1010,2.4115,,False
2026-04-02 21:15:00,OBJ_1008,11.6906,,False
2026-04-01 22:15:00,OBJ_1007,2.1374,,False
2026-04-02 14:45:00,OBJ_1001,4.1516,,False
2026-04-01 03:00:00,OBJ_1006,0.0,,False
2026-04-02 08:00:00,OBJ_1007,3.4849,,False
2026-04-02 03:00:00,OBJ_1001,0.0,,False
2026-04-02 08:45:00,OBJ_1006,2.4602,,False
2026-04-03 04:30:00,OBJ_1014,3.5199,,False
2026-04-03 06:00:00,OBJ_1014,3.4661,,False
2026-04-01 19:15:00,OBJ_1011,1.4985,,False
2026-04-03 12:00:00,OBJ_1008,11.2547,,False
2026-04-02 01:15:00,OBJ_1006,0.0,,False
2026-04-02 05:00:00,OBJ_1006,0.0,,False
2026-04-01 03:30:00,OBJ_1006,0.0,,False
2026-04-01 20:15:00,OBJ_1002,4.9543,,False
2026-04-03 12:30:00,OBJ_1012,16.4502,,False
2026-04-01 23:30:00,OBJ_1012,4.9525,,False
2026-04-03 08:45:00,OBJ_1006,2.5109,,False
2026-04-02 03:00:00,OBJ_1014,3.6856,,False
2026-04-01 02:00:00,OBJ_1009,0.0,,False
2026-04-01 15:30:00,OBJ_1001,3.3381,,False
2026-04-02 07:45:00,OBJ_1007,3.5929,,False
2026-04-02 18:30:00,OBJ_1002,7.7226,,False
2026-04-02 03:45:00,OBJ_1007,4.7787,,False
2026-04-03 23:15:00,OBJ_1007,3.0926,,False
2026-04-02 12:45:00,OBJ_1007,3.7421,,False
2026-04-01 16:30:00,OBJ_1014,3.3603,,False
2026-04-03 20:45:00,OBJ_1005,0.8789,,False
2026-04-01 07:00:00,OBJ_1002,6.8269,,False
2026-04-02 17:15:00,OBJ_1001,2.5899,,False
2026-04-03 11:15:00,OBJ_1014,1.7871,,False
2026-04-03 13:00:00,OBJ_1005,-1.1086,,False
2026-04-02 12:15:00,OBJ_1010,4.4981,,False
2026-04-01 02:00:00,OBJ_1001,0.0,,False
2026-04-02 09:00:00,OBJ_1012,16.685,,False
2026-04-01 06:15:00,OBJ_1006,0.2248,,False
2026-04-01 00:30:00,OBJ_1014,2.3911,,False
2026-04-03 15:30:00,OBJ_1005,0.7626,,False
2026-04-03 06:30:00,OBJ_1006,0.4816,,False
2026-04-02 06:15:00,OBJ_1011,1.1694,,False
2026-04-02 18:00:00,OBJ_1010,5.8069,,False
2026-04-01 04:15:00,OBJ_1007,4.5892,,False
2026-04-01 09:00:00,OBJ_1005,0.8619,,False
2026-04-03 23:30:00,OBJ_1008,3.6647,,False
2026-04-03 22:00:00,OBJ_1001,0.0,,False
2026-04-03 04:00:00,OBJ_1012,5.5913,,False
2026-04-02 15:15:00,OBJ_1009,4.58,,False
2026-04-03 12:45:00,OBJ_1002,5.4703,,False
2026-04-01 07:45:00,OBJ_1009,2.0478,,False
2026-04-01 00:30:00,OBJ_1012,5.4595,,False
2026-04-01 06:30:00,OBJ_1002,6.0396,,False
2026-04-01 03:15:00,OBJ_1012,4.8762,,False
2026-04-01 22:00:00,OBJ_1006,0.0,,False
2026-04-01 16:00:00,OBJ_1014,3.3622,,False
2026-04-02 19:00:00,OBJ_1011,1.0485,,False
2026-04-01 17:30:00,OBJ_1011,1.1769,,False
2026-04-02 06:30:00,OBJ_1006,0.4561,,False
2026-04-02 17:30:00,OBJ_1001,2.3519,,False
2026-04-03 00:45:00,OBJ_1006,0.0,,False
2026-04-01 12:45:00,OBJ_1010,4.4697,,False
2026-04-02 00:45:00,OBJ_1010,4.6863,,False
2026-04-01 13:00:00,OBJ_1009,5.492,,False
2026-04-03 21:00:00,OBJ_1006,0.0,,False
2026-04-02 18:45:00,OBJ_1012,12.8014,,False
2026-04-03 19:45:00,OBJ_1006,0.2314,,False
2026-04-03 22:30:00,OBJ_1006,0.0,,False
2026-04-02 08:45:00,OBJ_1014,2.2354,,False
2026-04-03 00:15:00,OBJ_1014,2.1292,,False
2026-04-02 10:15:00,OBJ_1010,2.6086,,False
2026-04-01 10:30:00,OBJ_1012,15.2557,,False
2026-04-03 16:15:00,OBJ_1014,2.9491,,False
2026-04-02 06:15:00,OBJ_1002,6.7141,,False
2026-04-01 11:00:00,OBJ_1012,12.1741,,False
2026-04-01 03:00:00,OBJ_1010,5.3481,,False
2026-04-02 06:15:00,OBJ_1012,5.068,,False
2026-04-02 21:45:00,OBJ_1010,3.5831,,False
2026-04-02 12:00:00,OBJ_1014,2.401,,False
2026-04-02 02:00:00,OBJ_1011,1.3044,,False
2026-04-01 07:30:00,OBJ_1011,1.1762,,False
2026-04-01 15:45:00,OBJ_1011,1.445,,False
2026-04-02 04:45:00,OBJ_1010,5.5269,,False
2026-04-01 02:45:00,OBJ_9999,0.0,,False
2026-04-02 09:00:00,OBJ_1010,3.2917,,False
2026-04-02 11:30:00,OBJ_1010,3.0306,,False
2026-04-01 21:00:00,OBJ_1002,4.096,,False
2026-04-03 18:15:00,OBJ_1010,5.2389,,False
2026-04-01 15:30:00,OBJ_1010,6.3372,,False
2026-04-01 19:30:00,OBJ_1006,0.4618,,False
2026-04-02 10:15:00,OBJ_1001,3.5481,,False
2026-04-03 04:15:00,OBJ_1012,4.8016,,False
2026-04-03 00:15:00,OBJ_1007,3.7504,,False
2026-04-03 05:45:00,OBJ_1002,6.5588,,False
2026-04-03 16:45:00,OBJ_1008,9.8422,,False
2026-04-01 18:45:00,OBJ_1008,12.9339,,False
2026-04-01 05:45:00,OBJ_1010,6.6819,,False
2026-04-03 07:15:00,OBJ_1009,1.4196,,False
2026-04-01 19:45:00,OBJ_1009,0.3172,,False
2026-04-01 14:45:00,OBJ_1009,5.045,,False
2026-04-03 17:00:00,OBJ_1008,9.6176,,False
2026-04-03 10:45:00,OBJ_1007,2.129,,False
2026-04-02 03:15:00,OBJ_1002,7.8868,,False
2026-04-03 04:15:00,OBJ_1002,7.6288,,False
2026-04-02 22:30:00,OBJ_1001,0.0,,False
2026-04-03 14:15:00,OBJ_1012,12.0383,,False
2026-04-03 01:15:00,OBJ_1009,0.0,,False
2026-04-01 21:30:00,OBJ_1007,3.0733,,False
2026-04-03 12:00:00,OBJ_1002,4.5151,,False
2026-04-02 23:15:00,OBJ_1008,3.5698,,False
2026-04-02 06:00:00,OBJ_1008,3.1966,,False
2026-04-03 16:45:00,OBJ_1014,3.1236,,False
2026-04-03 06:30:00,OBJ_1011,0.9707,,False
2026-04-02 08:45:00,OBJ_1009,3.3555,,False
2026-04-02 18:45:00,OBJ_1002,7.6076,,False
2026-04-01 02:45:00,OBJ_1001,0.0,,False
2026-04-02 07:45:00,OBJ_1012,17.4309,,False
2026-04-03 07:00:00,OBJ_1012,17.783,,False
2026-04-03 00:45:00,OBJ_1005,0.9433,,False
2026-04-03 20:00:00,OBJ_1011,1.4184,,False
2026-04-02 06:15:00,OBJ_1008,3.6663,,False
2026-04-02 13:30:00,OBJ_1006,4.1352,,False
2026-04-02 11:15:00,OBJ_1005,-0.8804,,False
2026-04-03 19:30:00,OBJ_1005,0.8262,,False
2026-04-01 14:30:00,OBJ_1012,15.4444,,False
2026-04-02 21:45:00,OBJ_1005,0.7275,,False
2026-04-02 21:00:00,OBJ_1007,2.5159,,False
2026-04-01 13:00:00,OBJ_1007,4.0766,,False
2026-04-03 07:30:00,OBJ_1009,1.7184,,False
2026-04-03 10:30:00,OBJ_1006,3.2973,,False
2026-04-02 13:45:00,OBJ_1001,3.9141,,False
2026-04-02 11:00:00,OBJ_1006,3.4857,,False
2026-04-02 21:00:00,OBJ_1006,0.0,,False
2026-04-02 16:00:00,OBJ_1014,3.0865,,False
2026-04-03 21:30:00,OBJ_1002,4.2892,,False
2026-04-02 10:00:00,OBJ_1010,2.7908,,False
2026-04-01 14:00:00,OBJ_1010,5.0037,,False
2026-04-02 02:15:00,OBJ_1007,3.9956,,False
2026-04-01 06:30:00,OBJ_1011,1.3447,,False
2026-04-02 02:30:00,OBJ_1012,5.494,,False
2026-04-02 15:45:00,OBJ_1005,0.8649,,False
2026-04-02 20:15:00,OBJ_1009,0.0,,False
2026-04-02 12:15:00,OBJ_1008,13.2372,,False
2026-04-03 01:30:00,OBJ_1001,0.0,,False
2026-04-02 11:45:00,OBJ_1001,4.1166,,False
2026-04-01 21:15:00,OBJ_1014,1.7674,,False
2026-04-02 21:45:00,OBJ_1012,13.8044,,False
2026-04-01 01:15:00,OBJ_1007,3.8937,,False
2026-04-02 11:15:00,OBJ_1006,3.6204,,False
2026-04-03 18:45:00,OBJ_1008,9.4546,,False
2026-04-02 10:45:00,OBJ_1001,3.9364,,False
2026-04-01 04:45:00,OBJ_1008,4.436,,False
2026-04-02 15:30:00,OBJ_1012,12.3737,,False
2026-04-03 12:30:00,OBJ_1010,4.4368,,False
2026-04-03 00:00:00,OBJ_1001,0.0,,False
2026-04-03 07:45:00,OBJ_1014,2.7139,,False
2026-04-02 18:45:00,OBJ_1009,1.4854,,False
2026-04-02 08:45:00,OBJ_1005,0.8782,,False
2026-04-03 14:00:00,OBJ_1008,10.4729,,False
2026-04-01 22:45:00,OBJ_1002,3.2904,,False
2026-04-03 09:45:00,OBJ_1007,2.6427,,False
2026-04-02 14:45:00,OBJ_1008,11.3955,,False
2026-04-02 19:00:00,OBJ_1009,1.2679,,False
2026-04-02 23:15:00,OBJ_1009,0.0,,False
2026-04-03 16:15:00,OBJ_1002,6.5735,,False
2026-04-03 07:00:00,OBJ_1010,4.622,,False
2026-04-02 06:00:00,OBJ_1007,4.904,,False
2026-04-01 23:30:00,OBJ_1006,0.0,,False
2026-04-01 07:30:00,OBJ_1001,1.4441,,False
2026-04-03 17:15:00,OBJ_1007,4.8823,,False
2026-04-01 02:00:00,OBJ_1010,5.4241,,False
2026-04-03 08:30:00,OBJ_1006,2.0692,,False
2026-04-02 18:00:00,OBJ_1002,6.1767,,False
2026-04-01 13:15:00,OBJ_1012,13.2727,,False
2026-04-03 16:00:00,OBJ_1006,3.2291,,False
2026-04-01 22:00:00,OBJ_1005,0.6885,,False
2026-04-03 12:45:00,OBJ_1008,11.3535,,False
2026-04-03 00:45:00,OBJ_1014,2.3665,,False
2026-04-01 13:45:00,OBJ_1007,3.7119,,False
2026-04-02 17:00:00,OBJ_1010,6.7752,,False
2026-04-01 19:45:00,OBJ_1002,6.3057,,False
2026-04-02 10:45:00,OBJ_1011,-1.4671,,False
2026-04-01 14:00:00,OBJ_1012,16.5731,,False
2026-04-03 21:00:00,OBJ_1002,4.1602,,False
2026-04-03 06:00:00,OBJ_1011,0.9375,,False
2026-04-03 03:45:00,OBJ_1001,0.0,,False
2026-04-01 04:00:00,OBJ_1009,0.0,,False
2026-04-02 12:15:00,OBJ_1011,-1.6324,,False
2026-04-02 20:15:00,OBJ_1008,11.9781,,False
2026-04-02 10:30:00,OBJ_1005,-0.8998,,False
2026-04-02 01:15:00,OBJ_1008,3.5513,,False
2026-04-01 07:30:00,OBJ_1012,13.8311,,False
2026-04-03 09:45:00,OBJ_1005,0.6003,,False
2026-04-03 20:45:00,OBJ_1002,4.8627,,False
2026-04-01 13:15:00,OBJ_1011,-1.3091,,False
2026-04-03 03:30:00,OBJ_1009,0.0,,False
2026-04-02 09:45:00,OBJ_1014,2.2398,,False
2026-04-01 19:00:00,OBJ_1001,0.9495,,False
2026-04-02 05:00:00,OBJ_1014,3.6992,,False
2026-04-02 16:15:00,OBJ_1001,3.2069,,False
2026-04-01 15:00:00,OBJ_1011,1.2135,,False
2026-04-03 19:00:00,OBJ_1006,0.9966,,False
2026-04-01 03:15:00,OBJ_1011,1.2899,,False
2026-04-01 04:15:00,OBJ_1005,0.7794,,False
2026-04-03 15:00:00,OBJ_1011,1.4785,,False
2026-04-02 14:15:00,OBJ_1014,3.0957,,False
2026-04-01 12:45:00,OBJ_1012,16.2439,,False
2026-04-01 14:30:00,OBJ_1008,9.5683,,False
2026-04-02 13:15:00,OBJ_1012,12.9582,,False
2026-04-01 06:15:00,OBJ_1012,4.9771,,False
2026-04-02 03:15:00,OBJ_1011,1.0998,,False
2026-04-03 00:15:00,OBJ_1001,0.0,,False
2026-04-01 00:00:00,OBJ_1009,0.0,,False
2026-04-02 17:00:00,OBJ_1012,14.8647,,False
2026-04-02 03:45:00,OBJ_1012,5.129,,False
2026-04-02 07:30:00,OBJ_1011,1.401,,False
2026-04-02 03:15:00,OBJ_1010,5.7091,,False
2026-04-03 10:30:00,OBJ_1001,3.2792,,False
2026-04-03 08:00:00,OBJ_1001,1.8988,,False
2026-04-02 23:45:00,OBJ_1011,1.4055,,False
2026-04-03 19:00:00,OBJ_1011,1.2534,,False
2026-04-02 22:15:00,OBJ_1007,2.2736,,False
2026-04-03 12:00:00,OBJ_1007,3.5688,,False
2026-04-01 05:30:00,OBJ_1002,8.1296,,False
2026-04-01 11:15:00,OBJ_1014,1.9754,,False
2026-04-01 21:30:00,OBJ_1011,1.1195,,False
2026-04-01 00:00:00,OBJ_1008,4.015,,False
2026-04-02 21:45:00,OBJ_1002,4.6862,,False
2026-04-01 11:30:00,OBJ_1007,2.5332,,False
2026-04-03 09:15:00,OBJ_1006,2.7099,,False
2026-04-02 14:15:00,OBJ_1005,-0.8475,,False
2026-04-01 00:15:00,OBJ_1002,4.4651,,False
2026-04-03 07:00:00,OBJ_1005,0.7258,,False
2026-04-02 22:00:00,OBJ_1014,1.6369,,False
2026-04-01 14:15:00,OBJ_1014,2.6591,,False
2026-04-01 00:00:00,OBJ_1006,0.0,,False
2026-04-03 14:30:00,OBJ_1007,5.0699,,False
2026-04-01 03:00:00,OBJ_1005,0.6343,,False
2026-04-01 02:30:00,OBJ_1014,3.3193,,False
2026-04-01 04:00:00,OBJ_1012,4.6786,,False
2026-04-01 14:30:00,OBJ_1006,3.9629,,False
2026-04-03 07:30:00,OBJ_1010,5.563,,False
2026-04-01 10:15:00,OBJ_1008,12.4462,,False
2026-04-03 00:00:00,OBJ_1011,0.904,,False
2026-04-03 14:45:00,OBJ_1005,-0.824,,False
2026-04-03 04:15:00,OBJ_1006,0.0,,False
2026-04-02 07:30:00,OBJ_1002,6.5358,,False
2026-04-03 17:30:00,OBJ_1012,12.6008,,False
2026-04-03 22:45:00,OBJ_1005,0.6593,,False
2026-04-01 19:45:00,OBJ_1010,4.7757,,False
2026-04-01 17:45:00,OBJ_1009,2.5731,,False
2026-04-01 19:45:00,OBJ_1014,2.8052,,False
2026-04-03 14:00:00,OBJ_1005,-0.986,,False
2026-04-03 09:30:00,OBJ_1010,3.1973,,False
2026-04-03 18:30:00,OBJ_1010,5.8375,,False
2026-04-03 19:00:00,OBJ_1001,0.9954,,False
2026-04-03 15:00:00,OBJ_1005,0.6382,,False
2026-04-03 14:00:00,OBJ_1007,4.9337,,False
2026-04-02 02:45:00,OBJ_1010,4.8798,,False
2026-04-01 17:45:00,OBJ_1008,13.4111,,False
2026-04-02 00:30:00,OBJ_1011,1.1561,,False
2026-04-01 21:30:00,OBJ_1008,13.4097,,False
2026-04-02 08:15:00,OBJ_1001,1.8723,,False
2026-04-01 08:45:00,OBJ_1005,0.7682,,False
2026-04-03 20:15:00,OBJ_1014,2.4782,,False
2026-04-01 22:15:00,OBJ_1005,0.9549,,False
2026-04-02 01:15:00,OBJ_1007,4.4306,,False
2026-04-03 08:30:00,OBJ_1012,12.7613,,False
2026-04-03 01:30:00,OBJ_1014,2.4872,,False
2026-04-02 10:30:00,OBJ_1012,13.5617,,False
2026-04-02 20:45:00,OBJ_1002,4.9933,,False
2026-04-01 12:00:00,OBJ_1011,-1.3007,,False
2026-04-01 01:45:00,OBJ_1014,2.78,,False
2026-04-02 20:30:00,OBJ_1008,10.3426,,False
2026-04-01 14:45:00,OBJ_1001,3.8085,,False
2026-04-01 10:15:00,OBJ_1012,12.4649,,False
2026-04-02 21:15:00,OBJ_1001,0.0,,False
2026-04-01 02:30:00,OBJ_1009,0.0,,False
2026-04-01 02:00:00,OBJ_1008,3.6332,,False
2026-04-03 00:15:00,OBJ_1005,0.991,,False
2026-04-03 11:45:00,OBJ_1008,12.4323,,False
2026-04-01 16:30:00,OBJ_1012,15.8087,,False
2026-04-02 04:00:00,OBJ_1007,4.2949,,False
2026-04-02 17:00:00,OBJ_1006,2.387,,False
2026-04-03 19:15:00,OBJ_1010,5.8431,,False
2026-04-03 23:15:00,OBJ_1010,3.7638,,False
2026-04-01 16:00:00,OBJ_1007,4.6033,,False
2026-04-01 20:00:00,OBJ_1005,0.6038,,False
2026-04-02 11:15:00,OBJ_1008,9.1183,,False
2026-04-03 08:30:00,OBJ_1010,5.0716,,False
2026-04-03 22:15:00,OBJ_1001,0.0,,False
2026-04-02 18:30:00,OBJ_1010,4.9839,,False
2026-04-01 22:30:00,OBJ_1010,2.6638,,False
2026-04-01 13:30:00,OBJ_1014,2.9234,,False
2026-04-02 03:45:00,OBJ_1014,3.4181,,False
2026-04-02 02:15:00,OBJ_1011,1.192,,False
2026-04-02 22:00:00,OBJ_1010,2.4781,,False
2026-04-02 00:00:00,OBJ_1012,4.55,,False
2026-04-02 15:30:00,OBJ_1006,3.6334,,False
2026-04-01 23:45:00,OBJ_1007,2.4005,,False
2026-04-03 15:30:00,OBJ_1009,4.5532,,False
2026-04-03 00:00:00,OBJ_1005,0.7493,,False
2026-04-01 12:30:00,OBJ_1012,14.0832,,False
2026-04-03 04:15:00,OBJ_1014,3.3746,,False
2026-04-02 01:00:00,OBJ_1001,0.0,,False
2026-04-02 23:00:00,OBJ_1010,3.5125,,False
2026-04-02 03:15:00,OBJ_1001,0.0,,False
2026-04-01 02:30:00,OBJ_1008,4.3058,,False
2026-04-03 16:00:00,OBJ_1009,4.3125,,False
2026-04-02 06:30:00,OBJ_1002,6.7753,,False
2026-04-01 02:00:00,OBJ_1007,4.866,,False
2026-04-01 21:00:00,OBJ_1014,2.0081,,False
2026-04-02 10:00:00,OBJ_1011,-1.6688,,False
2026-04-01 19:15:00,OBJ_1005,0.9038,,False
2026-04-03 16:15:00,OBJ_1012,12.1308,,False
2026-04-03 11:15:00,OBJ_1001,3.908,,False
2026-04-03 18:45:00,OBJ_1006,1.2349,,False
2026-04-01 16:00:00,OBJ_1005,0.8996,,False
2026-04-01 01:15:00,OBJ_1001,0.0,,False
2026-04-01 23:00:00,OBJ_1005,0.9147,,False
2026-04-01 06:45:00,OBJ_1007,4.6166,,False
2026-04-01 09:45:00,OBJ_1006,2.9406,,False
2026-04-02 14:30:00,OBJ_1001,3.929,,False
2026-04-03 11:00:00,OBJ_1012,12.5055,,False
2026-04-01 06:30:00,OBJ_1009,0.6352,,False
2026-04-03 23:15:00,OBJ_1014,1.8934,,False
2026-04-02 00:15:00,OBJ_1002,4.9057,,False
2026-04-02 02:45:00,OBJ_1008,3.1081,,False
2026-04-03 02:30:00,OBJ_1012,4.7078,,False
2026-04-01 10:00:00,OBJ_1014,1.6582,,False
2026-04-03 05:45:00,OBJ_1012,4.8643,,False
2026-04-01 04:15:00,OBJ_1010,6.0245,,False
2026-04-03 15:00:00,OBJ_1012,13.4206,,False
2026-04-02 09:45:00,OBJ_1001,3.1554,,False
2026-04-02 03:30:00,OBJ_1010,5.5326,,False
2026-04-02 21:30:00,OBJ_1005,0.6244,,False
2026-04-02 05:30:00,OBJ_1005,0.9253,,False
2026-04-01 12:45:00,OBJ_1014,2.323,,False
2026-04-02 16:30:00,OBJ_1005,0.7162,,False
2026-04-01 21:30:00,OBJ_1010,3.9246,,False
2026-04-02 19:30:00,OBJ_1007,3.6438,,False
2026-04-01 00:15:00,OBJ_9999,0.0,,False
2026-04-03 22:45:00,OBJ_1001,0.0,,False
2026-04-01 05:30:00,OBJ_1012,5.5037,,False
2026-04-01 21:00:00,OBJ_1010,3.8657,,False
2026-04-02 08:30:00,OBJ_1014,2.2183,,False
2026-04-03 11:00:00,OBJ_1011,-1.3662,,False
2026-04-03 03:30:00,OBJ_1005,0.9897,,False
2026-04-02 17:15:00,OBJ_1009,3.2299,,False
2026-04-03 15:15:00,OBJ_1009,4.5225,,False
2026-04-02 01:45:00,OBJ_1010,5.3952,,False
2026-04-03 01:00:00,OBJ_1009,0.0,,False
2026-04-03 23:30:00,OBJ_1007,3.1347,,False
2026-04-02 00:30:00,OBJ_1005,0.7806,,False
2026-04-02 21:15:00,OBJ_1014,2.0766,,False
2026-04-01 02:30:00,OBJ_9999,0.0,,False
2026-04-03 01:00:00,OBJ_1014,2.753,,False
2026-04-02 02:45:00,OBJ_1011,0.9112,,False
2026-04-01 12:15:00,OBJ_1014,2.0799,,False
2026-04-03 10:15:00,OBJ_1012,14.5339,,False
2026-04-01 13:15:00,OBJ_1005,-0.8975,,False
2026-04-01 22:00:00,OBJ_1011,0.9839,,False
2026-04-03 19:30:00,OBJ_1009,0.595,,False
2026-04-01 09:00:00,OBJ_1010,4.0242,,False
2026-04-01 07:15:00,OBJ_1002,6.8338,,False
2026-04-02 07:30:00,OBJ_1010,4.7979,,False
2026-04-03 17:15:00,OBJ_1001,2.5239,,False
2026-04-03 22:15:00,OBJ_1005,0.6505,,False
2026-04-01 17:00:00,OBJ_1007,4.6889,,False
2026-04-02 06:15:00,OBJ_1005,0.7643,,False
2026-04-01 00:45:00,OBJ_1012,4.4558,,False
2026-04-01 18:00:00,OBJ_1005,0.7105,,False
2026-04-02 04:30:00,OBJ_1010,5.3574,,False
2026-04-01 09:45:00,OBJ_1011,1.409,,False
2026-04-01 05:30:00,OBJ_1014,2.9096,,False
2026-04-02 23:15:00,OBJ_1014,1.7664,,False
2026-04-02 17:45:00,OBJ_1010,6.7813,,False
2026-04-01 21:45:00,OBJ_1014,2.2037,,False
2026-04-01 07:30:00,OBJ_1005,0.9149,,False
2026-04-02 19:30:00,OBJ_1002,5.5105,,False
2026-04-01 11:15:00,OBJ_1009,4.7342,,False
2026-04-02 07:30:00,OBJ_1006,1.4206,,False
2026-04-03 01:45:00,OBJ_1010,4.8112,,False
2026-04-01 10:00:00,OBJ_1012,15.2872,,False
2026-04-02 18:00:00,OBJ_1011,1.3544,,False
2026-04-01 04:00:00,OBJ_1008,4.01,,False
2026-04-03 01:15:00,OBJ_1012,5.1741,,False
2026-04-02 11:15:00,OBJ_1011,-1.6822,,False
2026-04-01 17:30:00,OBJ_1008,9.4194,,False
2026-04-02 16:00:00,OBJ_1006,3.092,,False
2026-04-01 15:30:00,OBJ_1008,10.3107,,False
2026-04-02 09:15:00,OBJ_1007,3.0891,,False
2026-04-03 22:45:00,OBJ_1007,2.326,,False
2026-04-03 04:15:00,OBJ_1010,6.9826,,False
2026-04-03 19:00:00,OBJ_1005,0.6697,,False
2026-04-03 09:15:00,OBJ_1014,2.172,,False
2026-04-01 21:30:00,OBJ_1002,3.8878,,False
2026-04-01 00:15:00,OBJ_1007,3.4866,,False
2026-04-03 07:15:00,OBJ_1006,1.2158,,False
2026-04-01 09:30:00,OBJ_1001,3.1103,,False
2026-04-02 04:45:00,OBJ_1011,1.1237,,False
2026-04-02 09:45:00,OBJ_1005,0.8759,,False
2026-04-03 09:30:00,OBJ_1007,2.7594,,False
2026-04-01 03:45:00,OBJ_1005,0.8676,,False
2026-04-03 08:15:00,OBJ_1007,3.4052,,False
2026-04-03 13:30:00,OBJ_1002,5.6075,,False
2026-04-01 11:15:00,OBJ_1011,-1.5386,,False
2026-04-01 09:00:00,OBJ_1001,2.5658,,False
2026-04-01 19:45:00,OBJ_1006,0.2209,,False
2026-04-02 04:15:00,OBJ_1001,0.0,,False
2026-04-02 08:15:00,OBJ_1008,10.757,,False
2026-04-03 01:00:00,OBJ_1007,3.5664,,False
2026-04-03 18:00:00,OBJ_1010,6.425,,False
2026-04-03 17:30:00,OBJ_1014,3.4629,,False
2026-04-02 00:15:00,OBJ_1010,4.5511,,False
2026-04-03 16:30:00,OBJ_1011,1.0008,,False
2026-04-01 11:30:00,OBJ_1011,-1.6512,,False
2026-04-02 23:00:00,OBJ_1009,0.0,,False
2026-04-03 09:30:00,OBJ_1012,14.7575,,False
2026-04-03 06:30:00,OBJ_1007,4.2935,,False
2026-04-02 23:45:00,OBJ_1014,2.0103,,False
2026-04-02 00:30:00,OBJ_1010,3.8052,,False
2026-04-01 08:15:00,OBJ_1007,3.769,,False
2026-04-01 23:00:00,OBJ_1014,2.0984,,False
2026-04-03 08:30:00,OBJ_1002,6.0753,,False
2026-04-01 23:00:00,OBJ_1002,3.5747,,False
2026-04-03 20:15:00,OBJ_1008,13.2825,,False
2026-04-03 16:45:00,OBJ_1011,0.9208,,False
2026-04-01 05:15:00,OBJ_1008,4.3354,,False
2026-04-03 18:00:00,OBJ_1008,9.1269,,False
2026-04-01 13:00:00,OBJ_1011,-1.361,,False
2026-04-01 14:00:00,OBJ_1007,4.1722,,False
2026-04-01 06:00:00,OBJ_1012,5.8779,,False
2026-04-01 14:15:00,OBJ_1007,4.5228,,False
2026-04-01 14:00:00,OBJ_1014,2.8099,,False
2026-04-01 22:45:00,OBJ_1011,1.1728,,False
2026-04-02 15:45:00,OBJ_1014,3.4986,,False
2026-04-02 06:30:00,OBJ_1012,5.0549,,False
2026-04-01 08:30:00,OBJ_1007,3.3677,,False
2026-04-03 08:15:00,OBJ_1006,1.8696,,False
2026-04-02 20:00:00,OBJ_1007,3.4642,,False
2026-04-02 11:30:00,OBJ_1008,12.4612,,False
2026-04-02 11:30:00,OBJ_1005,-1.1998,,False
2026-04-01 12:30:00,OBJ_1014,2.3182,,False
2026-04-02 05:30:00,OBJ_1001,0.0,,False
2026-04-02 19:00:00,OBJ_1014,3.1391,,False
2026-04-03 07:30:00,OBJ_1014,3.0981,,False
2026-04-03 01:45:00,OBJ_1012,5.9097,,False
2026-04-03 13:45:00,OBJ_1005,-1.0881,,False
2026-04-02 10:15:00,OBJ_1007,2.2311,,False
2026-04-01 00:15:00,OBJ_1003,2.3035,,False
2026-04-01 23:30:00,OBJ_1009,0.0,,False
2026-04-01 08:30:00,OBJ_1006,2.1536,,False
2026-04-01 05:30:00,OBJ_1001,0.0,,False
2026-04-02 21:30:00,OBJ_1002,4.0855,,False
2026-04-01 14:45:00,OBJ_1002,6.1292,,False
2026-04-03 05:15:00,OBJ_1010,5.9493,,False
2026-04-03 23:00:00,OBJ_1002,4.0356,,False
2026-04-03 09:15:00,OBJ_1011,1.0271,,False
2026-04-02 16:15:00,OBJ_1007,5.3127,,False
2026-04-01 14:15:00,OBJ_1008,10.2735,,False
2026-04-01 06:15:00,OBJ_1010,5.915,,False
2026-04-03 16:45:00,OBJ_1007,4.4999,,False
2026-04-03 04:45:00,OBJ_1007,5.1476,,False
2026-04-02 20:15:00,OBJ_1006,0.0,,False
2026-04-01 06:00:00,OBJ_1008,3.0117,,False
2026-04-01 20:45:00,OBJ_1009,0.0,,False
2026-04-01 15:15:00,OBJ_1006,3.7146,,False
2026-04-03 03:30:00,OBJ_1008,4.4209,,False
2026-04-03 07:45:00,OBJ_1005,0.8185,,False
2026-04-01 07:00:00,OBJ_1007,3.8308,,False
2026-04-02 10:00:00,OBJ_1009,4.0878,,False
2026-04-01 19:15:00,OBJ_1010,5.7779,,False
2026-04-02 22:15:00,OBJ_1001,0.0,,False
2026-04-01 17:45:00,OBJ_1002,7.6789,,False
2026-04-03 08:00:00,OBJ_1007,3.2895,,False
2026-04-02 22:45:00,OBJ_1002,2.9748,,False
2026-04-03 21:45:00,OBJ_1001,0.0,,False
2026-04-01 15:45:00,OBJ_1009,4.5591,,False
2026-04-01 07:00:00,OBJ_1005,0.9596,,False
2026-04-01 10:15:00,OBJ_1014,1.398,,False
2026-04-03 09:15:00,OBJ_1010,3.5378,,False
2026-04-01 01:15:00,OBJ_1008,4.4843,,False
2026-04-03 17:00:00,OBJ_1001,2.509,,False
2026-04-03 05:00:00,OBJ_1005,0.8322,,False
2026-04-03 06:30:00,OBJ_1014,2.8494,,False
2026-04-01 12:45:00,OBJ_1006,4.3915,,False
2026-04-03 05:30:00,OBJ_1011,1.3063,,False
2026-04-02 09:45:00,OBJ_1002,4.241,,False
2026-04-01 14:00:00,OBJ_1006,3.9074,,False
2026-04-02 16:00:00,OBJ_1011,1.0786,,False
2026-04-01 16:15:00,OBJ_1008,9.411,,False
2026-04-01 16:00:00,OBJ_1009,4.4719,,False
2026-04-02 01:30:00,OBJ_1005,0.8571,,False
2026-04-01 07:15:00,OBJ_1005,0.9905,,False
2026-04-01 18:15:00,OBJ_1005,0.6594,,False
2026-04-02 06:45:00,OBJ_1011,1.4075,,False
2026-04-03 15:45:00,OBJ_1008,9.4105,,False
2026-04-02 04:30:00,OBJ_1011,0.9621,,False
2026-04-02 23:15:00,OBJ_1012,5.3697,,False
2026-04-01 01:45:00,OBJ_1007,3.7593,,False
2026-04-02 04:30:00,OBJ_1014,3.2175,,False
2026-04-01 21:15:00,OBJ_1005,0.9654,,False
2026-04-01 23:15:00,OBJ_1005,0.9602,,False
2026-04-02 10:15:00,OBJ_1011,-1.6579,,False
2026-04-03 01:00:00,OBJ_1011,1.4209,,False
2026-04-01 04:00:00,OBJ_1007,5.2199,,False
2026-04-02 06:00:00,OBJ_1009,0.0,,False
2026-04-01 22:30:00,OBJ_1005,0.7957,,False
2026-04-02 17:15:00,OBJ_1002,6.8619,,False
2026-04-01 00:00:00,OBJ_9999,0.0,,False
2026-04-03 12:45:00,OBJ_1005,-1.0806,,False
2026-04-01 17:30:00,OBJ_1012,12.7048,,False
2026-04-03 03:15:00,OBJ_1008,4.4232,,False
2026-04-01 17:45:00,OBJ_1014,3.3222,,False
2026-04-02 12:45:00,OBJ_1001,4.2417,,False
2026-04-03 10:15:00,OBJ_1009,4.6699,,False
2026-04-03 10:00:00,OBJ_1010,2.8619,,False
2026-04-02 05:00:00,OBJ_1008,3.1418,,False
2026-04-02 01:00:00,OBJ_1014,2.8342,,False
2026-04-03 01:00:00,OBJ_1002,6.5404,,False
2026-04-02 07:15:00,OBJ_1002,5.7219,,False
2026-04-03 23:15:00,OBJ_1006,0.0,,False
2026-04-03 00:45:00,OBJ_1001,0.0,,False
2026-04-01 02:15:00,OBJ_1012,4.9074,,False
2026-04-02 15:15:00,OBJ_1005,0.6682,,False
2026-04-01 09:15:00,OBJ_1007,3.0956,,False
2026-04-03 07:00:00,OBJ_1007,3.5998,,False
2026-04-01 02:45:00,OBJ_1005,0.8121,,False
2026-04-03 06:00:00,OBJ_1012,4.2035,,False
2026-04-03 02:15:00,OBJ_1001,0.0,,False
2026-04-02 07:15:00,OBJ_1001,1.1527,,False
,OBJ_1002,2.8,malformed_timestamp,True
2026-04-03 19:00:00,OBJ_1002,6.4529,,False
2026-04-01 00:45:00,OBJ_1007,3.559,,False
2026-04-01 06:30:00,OBJ_1006,0.4492,,False
2026-04-01 22:15:00,OBJ_1014,1.3422,,False
2026-04-01 12:00:00,OBJ_1002,4.6507,,False
2026-04-02 16:00:00,OBJ_1009,4.1456,,False
2026-04-02 01:15:00,OBJ_1011,1.3843,,False
2026-04-01 09:15:00,OBJ_1014,1.9716,,False
2026-04-01 09:45:00,OBJ_1007,3.2662,,False
2026-04-03 14:30:00,OBJ_1005,-1.1358,,False
2026-04-01 09:30:00,OBJ_1014,2.1281,,False
2026-04-03 14:30:00,OBJ_1014,3.114,,False
2026-04-01 01:00:00,OBJ_1005,0.6404,,False
2026-04-01 21:45:00,OBJ_1010,3.2064,,False
2026-04-02 16:45:00,OBJ_1005,0.6549,,False
2026-04-03 15:00:00,OBJ_1014,3.0662,,False
2026-04-01 05:00:00,OBJ_1010,6.6335,,False
2026-04-02 15:30:00,OBJ_1005,0.6606,,False
2026-04-01 00:30:00,OBJ_1009,0.0,,False
2026-04-01 13:15:00,OBJ_1009,5.1178,,False
2026-04-01 06:45:00,OBJ_1008,4.2519,,False
2026-04-02 17:45:00,OBJ_1007,5.4946,,False
2026-04-01 02:30:00,OBJ_1002,6.2813,,False
2026-04-02 17:00:00,OBJ_1008,13.1809,,False
2026-04-03 03:30:00,OBJ_1006,0.0,,False
2026-04-03 05:15:00,OBJ_1006,0.0,,False
2026-04-02 12:30:00,OBJ_1009,5.6503,,False
2026-04-02 21:15:00,OBJ_1002,4.0716,,False
2026-04-01 10:45:00,OBJ_1008,12.8553,,False
2026-04-03 02:15:00,OBJ_1006,0.0,,False
2026-04-01 20:30:00,OBJ_1001,0.0,,False
2026-04-02 17:30:00,OBJ_1009,3.1618,,False
2026-04-01 20:30:00,OBJ_1006,0.0,,False
2026-04-01 16:15:00,OBJ_1002,6.3827,,False
2026-04-01 07:45:00,OBJ_1008,13.351,,False
2026-04-02 03:30:00,OBJ_1008,4.2284,,False
2026-04-01 01:00:00,OBJ_1008,3.5472,,False
2026-04-01 16:00:00,OBJ_1002,6.9449,,False
2026-04-03 13:30:00,OBJ_1001,4.3798,,False
2026-04-03 14:45:00,OBJ_1012,16.2051,,False
2026-04-01 16:00:00,OBJ_1012,15.0028,,False
2026-04-01 17:00:00,OBJ_1001,2.5763,,False
2026-04-03 06:00:00,OBJ_1008,3.3087,,False
2026-04-02 15:00:00,OBJ_1008,9.1199,,False
2026-04-01 05:00:00,OBJ_1014,2.9168,,False
2026-04-03 09:00:00,OBJ_1010,3.4322,,False
2026-04-02 05:15:00,OBJ_1006,0.0,,False
2026-04-01 20:00:00,OBJ_1001,0.0,,False
2026-04-03 07:00:00,OBJ_1014,2.8411,,False
2026-04-02 15:00:00,OBJ_1012,16.657,,False
2026-04-01 11:15:00,OBJ_1002,4.0278,,False
2026-04-03 17:30:00,OBJ_1010,6.8864,,False
2026-04-03 22:45:00,OBJ_1009,0.0,,False
2026-04-03 04:30:00,OBJ_1012,5.5379,,False
2026-04-02 17:30:00,OBJ_1010,6.8219,,False
2026-04-02 18:30:00,OBJ_1011,0.9709,,False
2026-04-03 11:00:00,OBJ_1001,3.4989,,False
2026-04-03 06:45:00,OBJ_1008,3.2786,,False
2026-04-01 09:00:00,OBJ_1012,13.0181,,False
2026-04-02 02:00:00,OBJ_1002,7.1633,,False
2026-04-03 08:15:00,OBJ_1014,2.2828,,False
2026-04-02 19:30:00,OBJ_1014,2.4782,,False
2026-04-03 19:15:00,OBJ_1008,10.7622,,False
2026-04-02 12:30:00,OBJ_1014,2.3653,,False
2026-04-01 23:15:00,OBJ_1007,3.0434,,False
2026-04-03 19:45:00,OBJ_1008,10.1229,,False
2026-04-01 03:45:00,OBJ_1012,5.615,,False
2026-04-03 00:00:00,OBJ_1010,4.2881,,False
2026-04-03 17:15:00,OBJ_1002,8.2426,,False
2026-04-02 12:30:00,OBJ_1010,4.6312,,False
2026-04-03 08:30:00,OBJ_1014,2.7011,,False
2026-04-02 04:30:00,OBJ_1007,4.6494,,False
2026-04-01 22:00:00,OBJ_1009,0.0,,False
2026-04-01 03:45:00,OBJ_1007,4.2839,,False
2026-04-01 15:30:00,OBJ_1009,4.4947,,False
2026-04-01 06:00:00,OBJ_1009,0.0,,False
2026-04-01 06:45:00,OBJ_1009,0.9421,,False
2026-04-01 18:15:00,OBJ_1007,4.3556,,False
2026-04-02 11:45:00,OBJ_1007,2.8709,,False
2026-04-01 20:00:00,OBJ_1007,3.9646,,False
2026-04-02 04:45:00,OBJ_1005,0.669,,False
2026-04-03 03:00:00,OBJ_1011,0.9462,,False
2026-04-02 05:30:00,OBJ_1008,4.1082,,False
2026-04-03 19:30:00,OBJ_1010,5.8684,,False
2026-04-03 03:00:00,OBJ_1005,0.7205,,False
2026-04-03 05:15:00,OBJ_1002,7.0578,,False
2026-04-03 10:45:00,OBJ_1010,2.4379,,False
2026-04-03 15:00:00,OBJ_1008,9.3367,,False
2026-04-03 17:00:00,OBJ_1010,6.6885,,False
2026-04-01 23:15:00,OBJ_1008,3.217,,False
2026-04-01 02:00:00,OBJ_9999,0.0,,False
2026-04-03 02:30:00,OBJ_1014,2.7287,,False
2026-04-02 02:15:00,OBJ_1002,6.6252,,False
2026-04-02 13:15:00,OBJ_1009,5.6449,,False
2026-04-01 14:45:00,OBJ_1007,4.4626,,False
2026-04-01 01:45:00,OBJ_1010,4.8959,,False
2026-04-02 07:30:00,OBJ_1007,4.0655,,False
2026-04-03 06:15:00,OBJ_1005,0.783,,False
2026-04-02 14:30:00,OBJ_1009,5.3288,,False
2026-04-02 21:30:00,OBJ_1001,0.0,,False
2026-04-03 09:15:00,OBJ_1012,13.6112,,False
2026-04-03 02:15:00,OBJ_1014,2.6512,,False
2026-04-03 05:45:00,OBJ_1005,0.6641,,False
2026-04-01 19:15:00,OBJ_1009,0.9494,,False
2026-04-02 09:30:00,OBJ_1014,1.8759,,False
2026-04-02 08:15:00,OBJ_1006,2.1729,,False
2026-04-03 19:15:00,OBJ_1009,1.0042,,False
2026-04-02 10:45:00,OBJ_1008,12.8377,,False
2026-04-02 16:00:00,OBJ_1001,3.33,,False
2026-04-02 10:30:00,OBJ_1010,2.7553,,False
2026-04-03 09:15:00,OBJ_1001,2.8775,,False
2026-04-03 15:30:00,OBJ_1006,3.545,,False
2026-04-02 04:15:00,OBJ_1002,6.4184,,False
2026-04-02 03:30:00,OBJ_1012,4.3945,,False
2026-04-02 21:00:00,OBJ_1009,0.0,,False
2026-04-02 07:15:00,OBJ_1010,5.3786,,False
2026-04-02 08:45:00,OBJ_1010,4.3923,,False
2026-04-03 22:00:00,OBJ_1002,3.448,,False
2026-04-01 22:15:00,OBJ_1012,5.4845,,False
2026-04-03 14:00:00,OBJ_1001,4.357,,False
2026-04-01 03:30:00,OBJ_1007,4.4176,,False
2026-04-03 04:45:00,OBJ_1002,7.6575,,False
2026-04-03 21:30:00,OBJ_1007,2.5266,,False
2026-04-03 10:45:00,OBJ_1005,-0.8034,,False
2026-04-02 04:30:00,OBJ_1008,3.7134,,False
2026-04-03 15:15:00,OBJ_1006,3.7822,,False
2026-04-02 04:45:00,OBJ_1006,0.0,,False
2026-04-03 21:15:00,OBJ_1006,0.0,,False
2026-04-01 10:45:00,OBJ_1007,2.2871,,False
2026-04-02 12:30:00,OBJ_1001,4.179,,False
2026-04-02 03:00:00,OBJ_1007,4.2604,,False
2026-04-03 04:00:00,OBJ_1006,0.0,,False
2026-04-03 18:00:00,OBJ_1005,0.9225,,False
2026-04-01 06:15:00,OBJ_1011,1.0584,,False
2026-04-02 20:00:00,OBJ_1009,0.0,,False
2026-04-03 21:15:00,OBJ_1011,1.4313,,False
2026-04-02 18:45:00,OBJ_1008,13.1226,,False
2026-04-01 01:45:00,OBJ_1001,0.0,,False
2026-04-01 04:15:00,OBJ_1009,0.0,,False
2026-04-01 07:00:00,OBJ_1011,1.1438,,False
2026-04-02 15:30:00,OBJ_1011,1.3415,,False
2026-04-02 02:30:00,OBJ_1005,0.6031,,False
2026-04-03 14:15:00,OBJ_1009,5.6794,,False
2026-04-03 18:30:00,OBJ_1007,5.0055,,False
2026-04-03 05:00:00,OBJ_1002,7.2702,,False
2026-04-02 09:30:00,OBJ_1009,3.9534,,False
2026-04-01 01:00:00,OBJ_1001,0.0,,False
2026-04-02 22:45:00,OBJ_1014,1.488,,False
2026-04-01 09:45:00,OBJ_1014,2.1567,,False
2026-04-02 19:15:00,OBJ_1008,9.2779,,False
2026-04-03 03:15:00,OBJ_1001,0.0,,False
2026-04-02 19:45:00,OBJ_1010,4.4875,,False
2026-04-01 14:00:00,OBJ_1005,-1.0811,,False
2026-04-02 13:45:00,OBJ_1006,4.1003,,False
2026-04-02 00:00:00,OBJ_1007,3.8453,,False
2026-04-03 07:00:00,OBJ_1002,5.553,,False
2026-04-02 16:00:00,OBJ_1012,13.734,,False
2026-04-01 01:30:00,OBJ_1007,3.6996,,False
2026-04-02 13:00:00,OBJ_1009,5.9778,,False
2026-04-03 18:30:00,OBJ_1011,1.4503,,False
2026-04-03 23:45:00,OBJ_1001,0.0,,False
2026-04-03 13:15:00,OBJ_1008,9.4631,,False
2026-04-02 16:30:00,OBJ_1011,1.1874,,False
2026-04-02 16:45:00,OBJ_1010,6.1783,,False
2026-04-03 05:00:00,OBJ_1012,4.6899,,False
2026-04-03 12:30:00,OBJ_1014,2.5294,,False
2026-04-03 13:45:00,OBJ_1011,-1.3076,,False
2026-04-02 01:15:00,OBJ_1009,0.0,,False
2026-04-02 21:45:00,OBJ_1011,1.4096,,False
2026-04-01 11:00:00,OBJ_1011,-1.4615,,False
2026-04-02 04:15:00,OBJ_1006,0.0,,False
2026-04-03 22:15:00,OBJ_1002,3.5355,,False
2026-04-02 22:45:00,OBJ_1008,3.571,,False
2026-04-03 16:00:00,OBJ_1002,6.3643,,False
2026-04-01 17:15:00,OBJ_1005,0.8502,,False
2026-04-03 00:15:00,OBJ_1010,4.8068,,False
2026-04-02 05:30:00,OBJ_1010,6.0716,,False
2026-04-03 03:15:00,OBJ_1012,4.6591,,False
2026-04-01 16:15:00,OBJ_1009,4.4483,,False
2026-04-02 10:30:00,OBJ_1002,3.3879,,False
2026-04-02 03:45:00,OBJ_1010,5.8961,,False
2026-04-02 13:15:00,OBJ_1014,2.6357,,False
2026-04-01 07:15:00,OBJ_1007,4.5757,,False
2026-04-01 15:30:00,OBJ_1012,14.7242,,False
2026-04-03 23:30:00,OBJ_1014,1.7287,,False
2026-04-03 11:15:00,OBJ_1011,-1.5057,,False
2026-04-02 01:30:00,OBJ_1007,4.527,,False
2026-04-02 22:45:00,OBJ_1001,0.0,,False
2026-04-03 18:15:00,OBJ_1005,0.7969,,False
2026-04-02 23:30:00,OBJ_1014,1.9208,,False
2026-04-01 19:45:00,OBJ_1008,12.9188,,False
2026-04-03 14:15:00,OBJ_1014,3.0083,,False
2026-04-02 08:30:00,OBJ_1010,3.8672,,False
2026-04-02 02:45:00,OBJ_1006,0.0,,False
2026-04-02 09:45:00,OBJ_1012,17.8802,,False
2026-04-01 04:45:00,OBJ_1010,6.2216,,False
2026-04-03 17:45:00,OBJ_1002,7.8849,,False
2026-04-02 05:45:00,OBJ_1011,1.4067,,False
2026-04-03 11:30:00,OBJ_1005,-1.1819,,False
2026-04-01 08:15:00,OBJ_1006,1.9334,,False
2026-04-02 09:00:00,OBJ_1009,3.6025,,False
2026-04-03 05:15:00,OBJ_1014,3.2918,,False
2026-04-03 06:45:00,OBJ_1012,5.9998,,False
2026-04-03 04:00:00,OBJ_1008,3.6577,,False
2026-04-02 08:45:00,OBJ_1001,2.5178,,False
2026-04-02 19:30:00,OBJ_1006,0.4723,,False
2026-04-01 17:45:00,OBJ_1011,1.1302,,False
2026-04-02 00:30:00,OBJ_1014,2.2816,,False
2026-04-02 21:15:00,OBJ_1012,12.8596,,False
2026-04-01 04:30:00,OBJ_1012,4.1173,,False
2026-04-03 23:00:00,OBJ_1009,0.0,,False
2026-04-02 00:00:00,OBJ_1010,4.4361,,False
2026-04-03 18:15:00,OBJ_1011,1.2159,,False
2026-04-03 01:15:00,OBJ_1001,0.0,,False
2026-04-01 14:00:00,OBJ_1009,5.1411,,False
2026-04-03 22:00:00,OBJ_1014,1.6953,,False
2026-04-01 01:45:00,OBJ_1009,0.0,,False
2026-04-03 20:15:00,OBJ_1009,0.0,,False
2026-04-01 12:15:00,OBJ_1008,10.4038,,False
2026-04-02 04:30:00,OBJ_1012,5.7983,,False
2026-04-01 02:30:00,OBJ_1012,4.3057,,False
2026-04-01 17:00:00,OBJ_1010,6.2976,,False
2026-04-01 19:15:00,OBJ_1007,3.5789,,False
2026-04-02 01:45:00,OBJ_1012,4.8397,,False
2026-04-02 16:30:00,OBJ_1012,13.2124,,False
2026-04-01 02:45:00,OBJ_1006,0.0,,False
2026-04-02 05:30:00,OBJ_1014,3.1836,,False
2026-04-03 03:30:00,OBJ_1007,4.5415,,False
2026-04-02 20:15:00,OBJ_1001,0.0,,False
2026-04-01 22:45:00,OBJ_1008,3.2847,,False
2026-04-02 06:30:00,OBJ_1001,0.4894,,False
2026-04-01 09:30:00,OBJ_1012,12.0333,,False
2026-04-01 00:30:00,OBJ_1007,3.0418,,False
2026-04-01 03:15:00,OBJ_1005,0.6847,,False
2026-04-02 16:15:00,OBJ_1010,6.4331,,False
2026-04-03 17:00:00,OBJ_1002,7.0496,,False
2026-04-01 17:00:00,OBJ_1005,0.7293,,False
2026-04-01 02:15:00,OBJ_1002,5.7964,,False
2026-04-03 21:30:00,OBJ_1011,1.1063,,False
2026-04-03 06:30:00,OBJ_1005,0.9255,,False
2026-04-02 05:00:00,OBJ_1002,7.4337,,False
2026-04-03 04:00:00,OBJ_1010,6.4614,,False
2026-04-02 13:45:00,OBJ_1005,-0.8202,,False
2026-04-02 06:30:00,OBJ_1008,4.4767,,False
2026-04-03 05:45:00,OBJ_1011,1.2843,,False
2026-04-03 11:45:00,OBJ_1012,12.4052,,False
2026-04-02 02:30:00,OBJ_1006,0.0,,False
2026-04-01 01:15:00,OBJ_1014,2.9911,,False
2026-04-02 17:00:00,OBJ_1005,0.9083,,False
2026-04-01 08:45:00,OBJ_1010,4.1932,,False
2026-04-01 22:30:00,OBJ_1007,2.4455,,False
2026-04-02 08:45:00,OBJ_1012,12.2628,,False
2026-04-03 22:00:00,OBJ_1011,1.3543,,False
2026-04-02 10:45:00,OBJ_1012,12.5267,,False
2026-04-03 14:45:00,OBJ_1008,9.4186,,False
2026-04-01 06:00:00,OBJ_1002,7.2334,,False
2026-04-03 18:45:00,OBJ_1007,4.4213,,False
2026-04-01 03:00:00,OBJ_1007,4.1976,,False
2026-04-02 06:30:00,OBJ_1010,5.3414,,False
2026-04-02 13:00:00,OBJ_1008,12.8735,,False
2026-04-02 16:45:00,OBJ_1006,2.8257,,False
2026-04-02 21:45:00,OBJ_1009,0.0,,False
2026-04-03 11:00:00,OBJ_1010,3.0957,,False
2026-04-03 08:00:00,OBJ_1002,5.2424,,False
2026-04-01 19:00:00,OBJ_1006,0.9967,,False
2026-04-03 10:30:00,OBJ_1007,2.0506,,False
2026-04-03 06:15:00,OBJ_1009,0.3182,,False
2026-04-02 12:00:00,OBJ_1010,4.7283,,False
2026-04-02 09:00:00,OBJ_1002,4.8689,,False
2026-04-02 01:30:00,OBJ_1010,4.5805,,False
2026-04-03 14:45:00,OBJ_1009,5.4778,,False
2026-04-02 14:30:00,OBJ_1005,-0.8548,,False
2026-04-02 08:15:00,OBJ_1010,4.6184,,False
2026-04-01 18:00:00,OBJ_1002,7.5468,,False
2026-04-02 01:00:00,OBJ_1006,0.0,,False
2026-04-02 06:30:00,OBJ_1009,0.6175,,False
2026-04-01 02:45:00,OBJ_1011,1.399,,False
2026-04-02 14:30:00,OBJ_1002,5.8615,,False
2026-04-01 11:00:00,OBJ_1008,11.7146,,False
2026-04-02 04:45:00,OBJ_1008,3.6591,,False
2026-04-01 16:45:00,OBJ_1011,1.4671,,False
2026-04-02 04:45:00,OBJ_1007,4.8121,,False
2026-04-03 18:00:00,OBJ_1001,1.7112,,False
2026-04-01 08:30:00,OBJ_1008,12.8161,,False
2026-04-01 17:30:00,OBJ_1009,3.1885,,False
2026-04-02 22:15:00,OBJ_1012,5.4486,,False
2026-04-02 05:30:00,OBJ_1011,1.2876,,False
2026-04-02 23:00:00,OBJ_1001,0.0,,False
2026-04-01 21:00:00,OBJ_1008,9.4056,,False
2026-04-01 17:00:00,OBJ_1006,2.7932,,False
2026-04-02 01:00:00,OBJ_1012,4.7033,,False
2026-04-02 21:00:00,OBJ_1008,12.3324,,False
2026-04-01 13:45:00,OBJ_1001,4.2008,,False
2026-04-01 20:45:00,OBJ_1010,4.6482,,False
2026-04-03 15:30:00,OBJ_1002,7.1105,,False
2026-04-02 00:30:00,OBJ_1012,5.3302,,False
2026-04-01 03:00:00,OBJ_1012,5.0996,,False
2026-04-01 07:15:00,OBJ_1012,16.8134,,False
2026-04-03 01:00:00,OBJ_1010,4.6252,,False
2026-04-02 03:45:00,OBJ_1008,4.1317,,False
2026-04-01 12:45:00,OBJ_1005,-0.9365,,False
2026-04-01 21:45:00,OBJ_1005,0.8691,,False
2026-04-03 08:00:00,OBJ_1011,1.3265,,False
2026-04-03 14:15:00,OBJ_1005,-1.0367,,False
2026-04-03 15:45:00,OBJ_1014,3.0654,,False
2026-04-01 08:30:00,OBJ_1011,1.0856,,False
2026-04-03 00:30:00,OBJ_1012,4.4517,,False
2026-04-01 08:45:00,OBJ_1006,2.5807,,False
2026-04-01 22:45:00,OBJ_1005,0.9911,,False
2026-04-02 10:45:00,OBJ_1014,1.5666,,False
2026-04-02 01:15:00,OBJ_1001,0.0,,False
2026-04-01 13:30:00,OBJ_1012,16.549,,False
2026-04-02 22:15:00,OBJ_1010,2.4664,,False
2026-04-03 03:30:00,OBJ_1014,3.0948,,False
2026-04-01 22:30:00,OBJ_1006,0.0,,False
2026-04-03 22:00:00,OBJ_1006,0.0,,False
2026-04-02 17:00:00,OBJ_1011,1.427,,False
2026-04-02 17:15:00,OBJ_1010,6.4103,,False
2026-04-03 03:45:00,OBJ_1007,4.6172,,False
2026-04-01 17:30:00,OBJ_1006,2.2328,,False
2026-04-02 20:00:00,OBJ_1005,0.9735,,False
2026-04-02 23:00:00,OBJ_1014,1.7682,,False
2026-04-01 08:45:00,OBJ_1014,2.2964,,False
2026-04-03 01:45:00,OBJ_1005,0.8003,,False
2026-04-02 13:15:00,OBJ_1011,-1.7192,,False
2026-04-03 00:15:00,OBJ_1002,4.8313,,False
2026-04-03 13:30:00,OBJ_1011,-1.7484,,False
2026-04-03 07:45:00,OBJ_1002,6.5763,,False
2026-04-02 21:45:00,OBJ_1007,2.5988,,False
2026-04-01 22:30:00,OBJ_1012,5.7109,,False
2026-04-03 23:15:00,OBJ_1005,0.695,,False
2026-04-03 21:00:00,OBJ_1009,0.0,,False
2026-04-03 16:00:00,OBJ_1011,0.9839,,False
2026-04-03 03:30:00,OBJ_1012,5.9375,,False
2026-04-03 02:45:00,OBJ_1001,0.0,,False
2026-04-02 15:15:00,OBJ_1007,4.9505,,False
2026-04-03 11:15:00,OBJ_1005,-1.1116,,False
2026-04-02 09:00:00,OBJ_1008,10.1399,,False
2026-04-02 16:45:00,OBJ_1014,3.2848,,False
2026-04-03 06:30:00,OBJ_1012,4.6108,,False
2026-04-01 15:45:00,OBJ_1001,3.6281,,False
2026-04-02 20:00:00,OBJ_1011,1.2875,,False
2026-04-03 05:15:00,OBJ_1008,3.2125,,False
2026-04-03 13:30:00,OBJ_1005,-0.9887,,False
2026-04-02 17:15:00,OBJ_1011,1.462,,False
2026-04-03 14:00:00,OBJ_1011,-1.3204,,False
2026-04-02 12:00:00,OBJ_1002,4.6689,,False
2026-04-02 13:15:00,OBJ_1007,3.7909,,False
2026-04-03 03:00:00,OBJ_1006,0.0,,False
2026-04-01 07:00:00,OBJ_1012,15.724,,False
2026-04-03 19:15:00,OBJ_1006,0.748,,False
2026-04-02 08:00:00,OBJ_1002,5.3587,,False
2026-04-03 10:15:00,OBJ_1008,9.0418,,False
2026-04-03 15:15:00,OBJ_1007,4.5379,,False
2026-04-03 05:30:00,OBJ_1014,3.7726,,False
2026-04-02 10:00:00,OBJ_1007,2.2771,,False
2026-04-02 12:45:00,OBJ_1006,4.1445,,False
2026-04-01 11:15:00,OBJ_1005,-0.866,,False
2026-04-01 18:15:00,OBJ_1010,5.6239,,False
2026-04-02 20:30:00,OBJ_1009,0.0,,False
2026-04-02 03:00:00,OBJ_1012,5.6641,,False
2026-04-02 23:45:00,OBJ_1012,4.4629,,False
2026-04-02 15:00:00,OBJ_1007,5.0439,,False
2026-04-02 11:00:00,OBJ_1011,-1.7564,,False
2026-04-01 15:00:00,OBJ_1007,5.1484,,False
2026-04-01 20:00:00,OBJ_1012,15.5254,,False
2026-04-02 05:15:00,OBJ_1012,5.876,,False
2026-04-01 10:45:00,OBJ_1014,1.597,,False
2026-04-03 10:45:00,OBJ_1006,3.7317,,False
2026-04-01 10:00:00,OBJ_1009,4.4935,,False
2026-04-02 07:00:00,OBJ_1002,5.7873,,False
2026-04-01 02:15:00,OBJ_1010,4.9909,,False
2026-04-03 20:30:00,OBJ_1005,0.8376,,False
2026-04-01 09:00:00,OBJ_1014,1.7501,,False
2026-04-01 13:45:00,OBJ_1009,5.2996,,False
2026-04-02 05:30:00,OBJ_1012,4.8468,,False
2026-04-01 22:15:00,OBJ_1009,0.0,,False
2026-04-01 11:45:00,OBJ_1002,3.5724,,False
2026-04-01 05:30:00,OBJ_1011,1.0897,,False
2026-04-03 01:00:00,OBJ_1005,0.8263,,False
2026-04-02 01:30:00,OBJ_1006,0.0,,False
2026-04-01 01:30:00,OBJ_9999,0.0,,False
2026-04-02 09:45:00,OBJ_1009,4.0394,,False
2026-04-02 05:15:00,OBJ_1002,6.8871,,False
2026-04-01 07:15:00,OBJ_1008,9.1115,,False
2026-04-01 15:00:00,OBJ_1002,6.7777,,False
2026-04-01 14:30:00,OBJ_1002,6.3023,,False
2026-04-02 21:30:00,OBJ_1014,2.2362,,False
2026-04-02 22:30:00,OBJ_1008,4.4057,,False
2026-04-02 17:30:00,OBJ_1005,0.9679,,False
2026-04-01 09:30:00,OBJ_1011,1.2936,,False
2026-04-02 06:45:00,OBJ_1014,2.9407,,False
2026-04-03 04:15:00,OBJ_1009,0.0,,False
2026-04-03 10:15:00,OBJ_1005,-0.8531,,False
2026-04-02 10:00:00,OBJ_1012,12.2088,,False
2026-04-02 21:30:00,OBJ_1012,17.8337,,False
2026-04-02 16:15:00,OBJ_1009,3.8846,,False
2026-04-01 01:30:00,OBJ_1005,0.7262,,False
2026-04-03 02:15:00,OBJ_1007,4.0475,,False
2026-04-03 20:45:00,OBJ_1010,4.1126,,False
2026-04-03 16:45:00,OBJ_1012,15.7151,,False
2026-04-03 08:00:00,OBJ_1005,0.9976,,False
2026-04-01 11:30:00,OBJ_1006,3.8519,,False
2026-04-02 09:15:00,OBJ_1001,2.6981,,False
2026-04-01 05:30:00,OBJ_1010,5.6818,,False
2026-04-01 00:30:00,OBJ_1006,0.0,,False
2026-04-01 17:45:00,OBJ_1001,2.0129,,False
2026-04-02 22:00:00,OBJ_1005,0.825,,False
2026-04-03 23:45:00,OBJ_1005,0.8964,,False
2026-04-01 08:15:00,OBJ_1011,1.3317,,False
2026-04-03 14:00:00,OBJ_1012,15.3828,,False
2026-04-02 01:15:00,OBJ_1002,6.3198,,False
2026-04-02 15:30:00,OBJ_1008,12.4874,,False
2026-04-01 18:15:00,OBJ_1001,1.7218,,False
2026-04-01 12:15:00,OBJ_1009,5.6289,,False
2026-04-01 02:30:00,OBJ_1007,5.0206,,False
2026-04-03 05:45:00,OBJ_1001,0.0,,False
2026-04-01 03:30:00,OBJ_1014,3.629,,False
2026-04-01 15:15:00,OBJ_1008,12.3304,,False
2026-04-01 01:15:00,OBJ_1012,5.6857,,False
2026-04-02 08:15:00,OBJ_1011,1.4886,,False
2026-04-02 15:45:00,OBJ_1010,5.7139,,False
2026-04-02 19:45:00,OBJ_1001,0.232,,False
2026-04-01 23:00:00,OBJ_1011,1.0243,,False
2026-04-01 14:30:00,OBJ_1001,3.9507,,False
2026-04-03 06:00:00,OBJ_1010,6.199,,False
2026-04-03 15:30:00,OBJ_1011,0.9719,,False
2026-04-03 01:15:00,OBJ_1014,2.9722,,False
2026-04-01 22:45:00,OBJ_1012,5.3255,,False
2026-04-03 07:45:00,OBJ_1008,12.7353,,False
2026-04-03 04:30:00,OBJ_1006,0.0,,False
2026-04-01 04:00:00,OBJ_1011,1.1416,,False
2026-04-01 10:45:00,OBJ_1006,3.6928,,False
2026-04-03 19:30:00,OBJ_1011,1.0007,,False
2026-04-02 09:45:00,OBJ_1007,2.5106,,False
2026-04-01 20:15:00,OBJ_1009,0.0,,False
2026-04-02 12:15:00,OBJ_1012,15.6308,,False
2026-04-02 15:00:00,OBJ_1002,7.3518,,False
2026-04-03 19:15:00,OBJ_1002,5.5301,,False
2026-04-01 13:00:00,OBJ_1008,11.1757,,False
2026-04-01 04:45:00,OBJ_1001,0.0,,False
2026-04-03 16:00:00,OBJ_1010,6.6558,,False
2026-04-03 12:00:00,OBJ_1011,-1.2495,,False
2026-04-03 06:15:00,OBJ_1011,1.2668,,False
2026-04-03 08:15:00,OBJ_1001,1.8957,,False
2026-04-01 07:00:00,OBJ_1006,0.8827,,False
2026-04-03 16:15:00,OBJ_1009,4.1936,,False
2026-04-03 18:00:00,OBJ_1009,2.4864,,False
2026-04-01 08:30:00,OBJ_1014,2.3771,,False
2026-04-02 22:00:00,OBJ_1007,2.2015,,False
2026-04-02 04:45:00,OBJ_1014,3.2804,,False
2026-04-02 08:30:00,OBJ_1007,3.8327,,False
2026-04-02 17:45:00,OBJ_1009,2.682,,False
2026-04-01 21:00:00,OBJ_1006,0.0,,False
2026-04-02 14:15:00,OBJ_1011,-1.653,,False
2026-04-03 07:15:00,OBJ_1007,4.1127,,False
2026-04-02 05:30:00,OBJ_1009,0.0,,False
2026-04-01 05:00:00,OBJ_1009,0.0,,False
2026-04-01 13:15:00,OBJ_1014,3.0084,,False
2026-04-02 13:00:00,OBJ_1006,4.3099,,False
2026-04-02 23:30:00,OBJ_1009,0.0,,False
2026-04-01 03:00:00,OBJ_1011,1.1852,,False
2026-04-01 08:45:00,OBJ_1001,2.3289,,False
2026-04-01 19:00:00,OBJ_1012,17.1561,,False
2026-04-03 04:45:00,OBJ_1014,3.136,,False
2026-04-02 00:45:00,OBJ_1001,0.0,,False
2026-04-02 10:30:00,OBJ_1006,3.3036,,False
2026-04-02 06:00:00,OBJ_1011,1.3988,,False
2026-04-03 06:00:00,OBJ_1005,0.8369,,False
2026-04-01 12:30:00,OBJ_1009,5.1762,,False
2026-04-02 07:45:00,OBJ_1008,10.8892,,False
2026-04-02 22:00:00,OBJ_1002,3.6341,,False
2026-04-02 18:15:00,OBJ_1009,2.0001,,False
2026-04-02 19:15:00,OBJ_1014,2.6974,,False
2026-04-03 14:00:00,OBJ_1009,5.4574,,False
2026-04-03 20:45:00,OBJ_1011,0.9298,,False
2026-04-03 10:00:00,OBJ_1012,15.9329,,False
2026-04-01 19:30:00,OBJ_1009,0.5757,,False
2026-04-03 15:00:00,OBJ_1010,5.8723,,False
2026-04-03 16:00:00,OBJ_1001,3.5133,,False
2026-04-03 15:15:00,OBJ_1010,5.4752,,False
2026-04-03 00:30:00,OBJ_1009,0.0,,False
2026-04-02 14:15:00,OBJ_1007,4.355,,False
2026-04-02 06:00:00,OBJ_1005,0.6151,,False
2026-04-02 20:15:00,OBJ_1014,2.4714,,False
2026-04-03 16:15:00,OBJ_1001,3.3466,,False
2026-04-02 19:30:00,OBJ_1009,0.6525,,False
2026-04-02 20:00:00,OBJ_1014,2.7897,,False
2026-04-03 20:00:00,OBJ_1014,2.5761,,False
2026-04-01 20:15:00,OBJ_1007,3.4396,,False
2026-04-02 02:00:00,OBJ_1007,3.9586,,False
2026-04-02 23:30:00,OBJ_1006,0.0,,False
2026-04-01 08:45:00,OBJ_1002,4.7671,,False
2026-04-03 02:30:00,OBJ_1009,0.0,,False
2026-04-02 01:30:00,OBJ_1001,0.0,,False
2026-04-01 00:15:00,OBJ_1006,0.0,,False
2026-04-01 10:45:00,OBJ_1001,3.4699,,False
2026-04-03 20:45:00,OBJ_1007,3.7905,,False
2026-04-03 10:30:00,OBJ_1011,-1.6519,,False
2026-04-01 20:00:00,OBJ_1002,4.9623,,False
2026-04-02 11:30:00,OBJ_1009,5.5132,,False
2026-04-01 00:15:00,OBJ_1010,4.6834,,False
2026-04-01 13:45:00,OBJ_1011,-1.484,,False
2026-04-01 22:00:00,OBJ_1012,5.8925,,False
2026-04-02 11:00:00,OBJ_1010,3.6597,,False
2026-04-01 22:45:00,OBJ_1009,0.0,,False
2026-04-03 06:00:00,OBJ_1009,0.0,,False
2026-04-02 18:45:00,OBJ_1005,0.8814,,False
2026-04-02 00:45:00,OBJ_1009,0.0,,False
2026-04-03 07:15:00,OBJ_1008,9.372,,False
2026-04-01 13:15:00,OBJ_1007,4.1598,,False
2026-04-02 16:30:00,OBJ_1006,2.842,,False
2026-04-03 09:00:00,OBJ_1001,2.7553,,False
2026-04-02 11:15:00,OBJ_1002,3.693,,False
2026-04-03 21:30:00,OBJ_1005,0.6905,,False
2026-04-03 16:15:00,OBJ_1007,5.0816,,False
2026-04-02 23:30:00,OBJ_1010,3.6681,,False
2026-04-01 14:00:00,OBJ_1008,9.543,,False
2026-04-03 06:00:00,OBJ_1007,4.8238,,False
2026-04-03 12:15:00,OBJ_1014,2.0733,,False
2026-04-03 08:00:00,OBJ_1008,12.6482,,False
2026-04-02 20:30:00,OBJ_1005,0.6891,,False
2026-04-01 14:15:00,OBJ_1006,4.309,,False
2026-04-03 05:45:00,OBJ_1014,2.8686,,False
2026-04-01 04:00:00,OBJ_1010,5.4214,,False
2026-04-01 10:30:00,OBJ_1006,3.3178,,False
2026-04-03 17:45:00,OBJ_1007,5.5047,,False
2026-04-03 14:15:00,OBJ_1011,-1.3471,,False
2026-04-02 19:00:00,OBJ_1007,4.0917,,False
2026-04-03 09:15:00,OBJ_1009,3.529,,False
2026-04-02 17:15:00,OBJ_1006,2.5681,,False
2026-04-03 22:30:00,OBJ_1002,2.8472,,False
2026-04-02 05:45:00,OBJ_1002,6.5708,,False
2026-04-02 00:15:00,OBJ_1008,3.9081,,False
2026-04-03 11:15:00,OBJ_1012,16.4871,,False
2026-04-02 02:15:00,OBJ_1001,0.0,,False
2026-04-02 05:30:00,OBJ_1007,5.2741,,False
2026-04-02 20:45:00,OBJ_1014,2.24,,False
2026-04-02 15:30:00,OBJ_1014,2.9506,,False
2026-04-03 18:45:00,OBJ_1011,0.9945,,False
2026-04-03 22:30:00,OBJ_1014,1.4988,,False
2026-04-03 22:15:00,OBJ_1008,3.6531,,False
2026-04-01 08:00:00,OBJ_1014,2.5195,,False
2026-04-02 01:00:00,OBJ_1007,4.321,,False
2026-04-03 23:30:00,OBJ_1002,3.6656,,False
2026-04-01 06:15:00,OBJ_1002,6.0683,,False
2026-04-02 15:15:00,OBJ_1002,7.3515,,False
2026-04-02 14:30:00,OBJ_1010,5.6388,,False
2026-04-01 12:30:00,OBJ_1010,4.8978,,False
2026-04-03 21:00:00,OBJ_1012,13.7509,,False
2026-04-01 21:30:00,OBJ_1014,1.7099,,False
2026-04-02 16:45:00,OBJ_1009,3.8001,,False
2026-04-02 18:30:00,OBJ_1009,1.8903,,False
2026-04-01 16:30:00,OBJ_1007,4.8579,,False
2026-04-02 19:45:00,OBJ_1014,3.2371,,False
2026-04-01 01:30:00,OBJ_1008,4.4144,,False
2026-04-01 01:15:00,OBJ_1006,0.0,,False
2026-04-01 07:45:00,OBJ_1011,1.1398,,False
2026-04-03 03:15:00,OBJ_1002,7.3725,,False
2026-04-03 07:15:00,OBJ_1001,1.1514,,False
2026-04-01 05:45:00,OBJ_1008,3.3978,,False
2026-04-03 20:15:00,OBJ_1010,4.027,,False
2026-04-03 05:00:00,OBJ_1006,0.0,,False
2026-04-01 13:00:00,OBJ_1012,17.1103,,False
2026-04-02 10:15:00,OBJ_1006,3.4318,,False
2026-04-03 18:00:00,OBJ_1014,2.854,,False
2026-04-03 01:15:00,OBJ_1002,5.3133,,False
2026-04-03 00:30:00,OBJ_1005,0.9261,,False
2026-04-01 18:00:00,OBJ_1009,2.4111,,False
2026-04-02 06:15:00,OBJ_1014,2.9625,,False
2026-04-01 03:45:00,OBJ_1010,5.9367,,False
2026-04-03 03:00:00,OBJ_1009,0.0,,False
2026-04-02 04:45:00,OBJ_1001,0.0,,False
2026-04-03 18:45:00,OBJ_1009,1.487,,False
2026-04-01 04:45:00,OBJ_1006,0.0,,False
2026-04-01 03:45:00,OBJ_1008,4.4033,,False
2026-04-02 11:30:00,OBJ_1007,2.7809,,False
2026-04-02 00:15:00,OBJ_1009,0.0,,False
2026-04-03 10:00:00,OBJ_1014,1.5758,,False
2026-04-03 01:30:00,OBJ_1002,5.8732,,False
2026-04-03 10:00:00,OBJ_1009,4.2023,,False
2026-04-02 19:15:00,OBJ_1002,6.0949,,False
2026-04-03 16:45:00,OBJ_1001,2.7264,,False
2026-04-01 22:00:00,OBJ_1002,3.6346,,False
2026-04-01 02:45:00,OBJ_1012,4.615,,False
2026-04-01 04:15:00,OBJ_1011,1.4168,,False
2026-04-01 04:45:00,OBJ_1002,6.8558,,False
2026-04-03 17:30:00,OBJ_1002,8.0491,,False
2026-04-01 07:45:00,OBJ_1001,1.5226,,False
2026-04-02 18:15:00,OBJ_1001,1.6955,,False
2026-04-03 10:00:00,OBJ_1011,-1.3405,,False
2026-04-03 08:00:00,OBJ_1012,15.7966,,False
2026-04-03 01:30:00,OBJ_1008,4.252,,False
2026-04-02 10:30:00,OBJ_1008,11.2457,,False
2026-04-01 11:30:00,OBJ_1012,16.9915,,False
2026-04-03 05:30:00,OBJ_1007,5.2482,,False
2026-04-03 19:45:00,OBJ_1014,2.7442,,False
2026-04-03 04:00:00,OBJ_1005,0.9812,,False
2026-04-01 05:45:00,OBJ_1006,0.0,,False
2026-04-03 14:30:00,OBJ_1010,6.1738,,False
2026-04-02 22:30:00,OBJ_1007,1.8661,,False
2026-04-01 07:45:00,OBJ_1002,5.3468,,False
2026-04-03 13:30:00,OBJ_1006,4.0578,,False
2026-04-01 00:30:00,OBJ_1003,1.6232,,False
2026-04-02 00:00:00,OBJ_1014,2.4566,,False
2026-04-03 11:45:00,OBJ_1007,2.905,,False
2026-04-03 12:45:00,OBJ_1014,2.5567,,False
2026-04-01 16:45:00,OBJ_1009,3.8144,,False
2026-04-02 12:15:00,OBJ_1007,3.1165,,False
2026-04-01 20:30:00,OBJ_1012,17.4249,,False
2026-04-01 12:30:00,OBJ_1008,11.7019,,False
2026-04-01 18:15:00,OBJ_1009,2.1389,,False
2026-04-03 11:00:00,OBJ_1014,1.9269,,False
2026-04-02 04:00:00,OBJ_1010,5.7298,,False
2026-04-01 12:15:00,OBJ_1011,-1.438,,False
2026-04-03 13:00:00,OBJ_1007,4.3865,,False
2026-04-01 13:30:00,OBJ_1005,-1.0805,,False
2026-04-02 06:15:00,OBJ_1009,0.3003,,False
2026-04-03 20:00:00,OBJ_1012,15.9058,,False
2026-04-02 20:45:00,OBJ_1005,0.975,,False
2026-04-03 21:45:00,OBJ_1006,0.0,,False
2026-04-01 15:45:00,OBJ_1014,2.8879,,False
2026-04-03 20:30:00,OBJ_1002,4.715,,False
2026-04-01 03:30:00,OBJ_1011,1.0374,,False
2026-04-03 13:45:00,OBJ_1006,3.9515,,False
2026-04-02 15:30:00,OBJ_1001,3.2495,,False
2026-04-03 19:45:00,OBJ_1002,6.4351,,False
2026-04-02 18:00:00,OBJ_1001,1.6926,,False
2026-04-03 20:30:00,OBJ_1009,0.0,,False
2026-04-02 05:15:00,OBJ_1008,4.4515,,False
2026-04-03 04:45:00,OBJ_1009,0.0,,False
2026-04-03 05:00:00,OBJ_1010,6.1787,,False
2026-04-03 21:30:00,OBJ_1010,3.183,,False
2026-04-02 05:45:00,OBJ_1005,0.6857,,False
2026-04-03 00:30:00,OBJ_1014,2.4911,,False
2026-04-01 06:30:00,OBJ_1014,3.0684,,False
2026-04-03 09:00:00,OBJ_1002,3.8288,,False
2026-04-03 03:30:00,OBJ_1011,1.4787,,False
2026-04-03 20:30:00,OBJ_1008,9.1395,,False
2026-04-03 00:00:00,OBJ_1002,5.172,,False
2026-04-02 17:30:00,OBJ_1011,1.4556,,False
2026-04-03 13:15:00,OBJ_1005,-1.0268,,False
2026-04-01 20:45:00,OBJ_1005,0.7409,,False
2026-04-02 10:15:00,OBJ_1002,3.125,,False
2026-04-03 12:00:00,OBJ_1001,3.7553,,False
2026-04-03 02:15:00,OBJ_1005,0.8852,,False
2026-04-01 23:45:00,OBJ_1001,0.0,,False
2026-04-02 07:15:00,OBJ_1006,1.129,,False
2026-04-01 15:00:00,OBJ_1008,11.7284,,False
2026-04-01 16:30:00,OBJ_1002,6.8649,,False
2026-04-01 13:00:00,OBJ_1014,3.0344,,False
2026-04-02 12:15:00,OBJ_1006,4.1054,,False
2026-04-02 18:45:00,OBJ_1014,2.8226,,False
2026-04-02 12:00:00,OBJ_1001,-0.2,duplicate_timeseries_key,True
2026-04-02 06:00:00,OBJ_1012,5.5422,,False
2026-04-02 06:00:00,OBJ_1014,3.4097,,False
2026-04-02 17:45:00,OBJ_1012,14.8081,,False
2026-04-02 19:15:00,OBJ_1006,0.6495,,False
2026-04-01 09:15:00,OBJ_1001,2.7806,,False
2026-04-02 04:00:00,OBJ_1011,0.9337,,False
2026-04-02 07:30:00,OBJ_1008,9.0236,,False
2026-04-03 19:00:00,OBJ_1010,4.7497,,False
2026-04-03 22:00:00,OBJ_1010,2.4138,,False
2026-04-01 05:30:00,OBJ_1009,0.0,,False
2026-04-01 19:00:00,OBJ_1010,5.6759,,False
2026-04-01 00:45:00,OBJ_1010,4.5545,,False
2026-04-01 16:00:00,OBJ_1001,3.0781,,False
2026-04-02 22:00:00,OBJ_1011,1.288,,False
2026-04-02 13:30:00,OBJ_1011,-1.7671,,False
2026-04-02 01:45:00,OBJ_1011,1.0291,,False
2026-04-02 02:00:00,OBJ_1006,0.0,,False
2026-04-03 07:30:00,OBJ_1012,14.2012,,False
2026-04-01 16:45:00,OBJ_1005,0.7333,,False
2026-04-03 19:30:00,OBJ_1012,17.3119,,False
2026-04-03 07:45:00,OBJ_1011,1.4996,,False
2026-04-02 10:30:00,OBJ_1009,4.6132,,False
2026-04-01 20:45:00,OBJ_1011,1.403,,False
2026-04-03 18:15:00,OBJ_1008,9.4062,,False
2026-04-02 05:15:00,OBJ_1005,0.8331,,False
2026-04-02 15:00:00,OBJ_1005,0.9187,,False
2026-04-03 01:45:00,OBJ_1007,3.5184,,False
2026-04-01 11:45:00,OBJ_1006,4.3241,,False
2026-04-02 13:45:00,OBJ_1008,11.9442,,False
2026-04-03 12:30:00,OBJ_1006,3.8398,,False
2026-04-01 02:45:00,OBJ_1002,7.273,,False
2026-04-01 07:30:00,OBJ_1007,4.5648,,False
2026-04-03 17:45:00,OBJ_1009,2.8355,,False
2026-04-01 04:30:00,OBJ_1007,5.3873,,False
2026-04-01 18:30:00,OBJ_1002,6.3155,,False
2026-04-03 07:30:00,OBJ_1008,9.5094,,False
2026-04-02 02:15:00,OBJ_1010,5.9002,,False
2026-04-03 20:00:00,OBJ_1005,0.9538,,False
2026-04-02 02:00:00,OBJ_1010,5.803,,False
2026-04-01 11:30:00,OBJ_1010,3.3317,,False
2026-04-03 22:30:00,OBJ_1011,1.3719,,False
2026-04-01 22:30:00,OBJ_1009,0.0,,False
2026-04-02 12:30:00,OBJ_1005,-0.8113,,False
2026-04-02 18:45:00,OBJ_1007,4.0591,,False
2026-04-03 19:30:00,OBJ_1007,3.7024,,False
2026-04-03 10:45:00,OBJ_1002,3.2774,,False
2026-04-02 00:00:00,OBJ_1005,0.8744,,False
2026-04-02 05:15:00,OBJ_1007,4.6141,,False
2026-04-02 15:30:00,OBJ_1002,6.7979,,False
2026-04-03 05:30:00,OBJ_1012,4.3287,,False
2026-04-01 23:15:00,OBJ_1001,0.0,,False
2026-04-03 02:15:00,OBJ_1009,0.0,,False
2026-04-03 01:30:00,OBJ_1012,5.5112,,False
2026-04-02 21:00:00,OBJ_1011,1.0304,,False
2026-04-02 13:30:00,OBJ_1001,4.1884,,False
2026-04-01 22:00:00,OBJ_1001,0.0,,False
2026-04-03 14:30:00,OBJ_1001,3.7588,,False
2026-04-02 10:15:00,OBJ_1008,12.0558,,False
2026-04-03 05:30:00,OBJ_1008,3.1726,,False
2026-04-03 09:00:00,OBJ_1009,3.713,,False
2026-04-01 09:00:00,OBJ_1008,9.9617,,False
2026-04-03 12:30:00,OBJ_1008,10.9552,,False
2026-04-02 15:45:00,OBJ_1007,4.532,,False
2026-04-01 20:00:00,OBJ_1008,12.0492,,False
2026-04-02 01:45:00,OBJ_1007,3.62,,False
2026-04-03 00:30:00,OBJ_1006,0.0,,False
2026-04-02 13:15:00,OBJ_1010,4.6782,,False
2026-04-01 12:30:00,OBJ_1005,-0.8408,,False
2026-04-02 09:30:00,OBJ_1005,0.8908,,False
2026-04-01 04:30:00,OBJ_1009,0.0,,False
2026-04-02 13:45:00,OBJ_1009,5.4455,,False
2026-04-01 10:30:00,OBJ_1009,4.8566,,False
2026-04-03 11:45:00,OBJ_1001,3.7611,,False
2026-04-02 02:45:00,OBJ_1005,0.8001,,False
2026-04-03 13:15:00,OBJ_1006,4.0668,,False
2026-04-02 02:30:00,OBJ_1007,4.1206,,False
2026-04-03 16:45:00,OBJ_1010,6.7949,,False
2026-04-03 10:00:00,OBJ_1002,3.0174,,False
2026-04-01 13:00:00,OBJ_1001,4.3203,,False
2026-04-02 22:45:00,OBJ_1006,0.0,,False
2026-04-02 15:45:00,OBJ_1001,3.2337,,False
2026-04-01 16:45:00,OBJ_1014,3.4164,,False
2026-04-01 17:15:00,OBJ_1006,2.5103,,False
2026-04-02 11:00:00,OBJ_1001,3.9604,,False
2026-04-02 21:00:00,OBJ_1010,3.3363,,False
2026-04-03 21:45:00,OBJ_1014,1.7468,,False
2026-04-03 07:30:00,OBJ_1007,4.1847,,False
2026-04-01 19:30:00,OBJ_1014,2.5494,,False
2026-04-03 22:15:00,OBJ_1012,4.5158,,False
2026-04-03 08:45:00,OBJ_1007,3.7359,,False
2026-04-03 16:00:00,OBJ_1007,5.2465,,False
2026-04-01 15:45:00,OBJ_1012,16.9598,,False
2026-04-02 04:30:00,OBJ_1002,7.2433,,False
2026-04-01 21:45:00,OBJ_1011,1.0403,,False
2026-04-02 20:30:00,OBJ_1011,1.2192,,False
2026-04-01 11:00:00,OBJ_1002,4.6775,,False
2026-04-01 12:00:00,OBJ_1014,2.5343,,False
2026-04-02 01:30:00,OBJ_1002,6.2452,,False
2026-04-01 08:30:00,OBJ_1012,14.4504,,False
2026-04-01 12:00:00,OBJ_1006,4.1697,,False
2026-04-02 21:30:00,OBJ_1009,0.0,,False
2026-04-02 04:30:00,OBJ_1001,0.0,,False
2026-04-01 16:45:00,OBJ_1006,2.8502,,False
2026-04-01 15:00:00,OBJ_1009,5.2361,,False
2026-04-03 14:15:00,OBJ_1008,9.8794,,False
2026-04-02 03:00:00,OBJ_1002,7.3307,,False
2026-04-03 22:00:00,OBJ_1009,0.0,,False
2026-04-01 09:45:00,OBJ_1005,0.7701,,False
2026-04-02 07:15:00,OBJ_1008,13.1887,,False
2026-04-03 07:00:00,OBJ_1006,0.9189,,False
2026-04-03 12:15:00,OBJ_1005,-1.0045,,False
2026-04-02 08:00:00,OBJ_1006,1.7017,,False
2026-04-03 18:00:00,OBJ_1012,15.3787,,False
2026-04-03 02:45:00,OBJ_1002,6.3988,,False
2026-04-02 00:00:00,OBJ_1008,3.1102,,False
2026-04-02 08:30:00,OBJ_1001,2.3182,,False
2026-04-01 05:30:00,OBJ_1007,4.461,,False
2026-04-01 21:15:00,OBJ_1002,4.3707,,False
2026-04-01 08:00:00,OBJ_1008,10.1946,,False
2026-04-03 03:15:00,OBJ_1014,3.1355,,False
2026-04-03 22:00:00,OBJ_1008,4.0163,,False
2026-04-02 16:00:00,OBJ_1005,0.844,,False
2026-04-01 18:15:00,OBJ_1006,1.6029,,False
2026-04-03 10:00:00,OBJ_1006,3.4675,,False
2026-04-03 10:00:00,OBJ_1008,10.7835,,False
2026-04-01 01:30:00,OBJ_1001,0.0,,False
2026-04-02 01:00:00,OBJ_1010,5.7154,,False
2026-04-03 08:45:00,OBJ_1014,2.5387,,False
2026-04-03 02:30:00,OBJ_1011,0.9158,,False
2026-04-03 11:45:00,OBJ_1010,3.7174,,False
2026-04-02 00:15:00,OBJ_1012,5.3018,,False
2026-04-01 02:30:00,OBJ_1001,0.0,,False
2026-04-02 23:30:00,OBJ_1002,4.693,,False
2026-04-02 02:45:00,OBJ_1007,4.8841,,False
2026-04-03 00:30:00,OBJ_1001,0.0,,False
2026-04-01 10:15:00,OBJ_1006,3.2556,,False
2026-04-01 18:30:00,OBJ_1001,1.3908,,False
2026-04-03 04:30:00,OBJ_1011,0.951,,False
2026-04-01 23:45:00,OBJ_1002,3.6785,,False
2026-04-02 18:30:00,OBJ_1008,11.9416,,False
2026-04-02 23:30:00,OBJ_1007,2.499,,False
2026-04-03 04:45:00,OBJ_1011,1.1583,,False
2026-04-01 22:45:00,OBJ_1007,2.103,,False
2026-04-03 20:45:00,OBJ_1001,0.0,,False
2026-04-02 16:15:00,OBJ_1011,1.1278,,False
2026-04-02 02:30:00,OBJ_1014,2.8016,,False
2026-04-02 17:45:00,OBJ_1001,2.0357,,False
2026-04-02 17:00:00,OBJ_1001,2.6868,,False
2026-04-03 01:45:00,OBJ_1009,0.0,,False
2026-04-03 21:00:00,OBJ_1001,0.0,,False
2026-04-01 14:30:00,OBJ_1010,5.5993,,False
2026-04-02 04:45:00,OBJ_1009,0.0,,False
2026-04-01 17:15:00,OBJ_1002,7.7613,,False
2026-04-02 21:30:00,OBJ_1007,3.2017,,False
2026-04-02 15:15:00,OBJ_1012,17.6892,,False
2026-04-01 01:45:00,OBJ_1012,5.9951,,False
2026-04-02 01:00:00,OBJ_1011,1.2602,,False
2026-04-03 09:30:00,OBJ_1009,3.6371,,False
2026-04-02 11:30:00,OBJ_1006,4.0684,,False
2026-04-01 00:15:00,OBJ_1005,0.6795,,False
2026-04-03 21:15:00,OBJ_1008,9.4101,,False
2026-04-03 05:00:00,OBJ_1007,4.7463,,False
2026-04-03 15:30:00,OBJ_1010,5.5817,,False
2026-04-03 12:30:00,OBJ_1007,3.0354,,False
2026-04-03 02:00:00,OBJ_1010,5.5046,,False
2026-04-02 18:45:00,OBJ_1006,1.117,,False
2026-04-01 05:30:00,OBJ_1006,0.0,,False
2026-04-03 12:15:00,OBJ_1006,3.9062,,False
2026-04-03 07:00:00,OBJ_1009,1.1368,,False
2026-04-01 07:15:00,OBJ_1001,1.2327,,False
2026-04-03 07:15:00,OBJ_1012,13.6491,,False
2026-04-02 04:45:00,OBJ_1002,7.3584,,False
2026-04-02 14:45:00,OBJ_1010,5.2928,,False
2026-04-01 11:30:00,OBJ_1008,10.4708,,False
2026-04-03 11:00:00,OBJ_1006,3.8048,,False
2026-04-01 09:15:00,OBJ_1011,0.9147,,False
2026-04-03 05:45:00,OBJ_1010,5.4829,,False
2026-04-01 09:30:00,OBJ_1008,12.1336,,False
2026-04-03 11:15:00,OBJ_1006,3.9644,,False
2026-04-02 16:30:00,OBJ_1008,10.5586,,False
2026-04-01 11:15:00,OBJ_1001,3.9574,,False
2026-04-03 18:30:00,OBJ_1005,0.8868,,False
2026-04-01 10:45:00,OBJ_1010,2.6151,,False
2026-04-03 16:30:00,OBJ_1009,3.6334,,False
2026-04-02 10:15:00,OBJ_1005,-0.9531,,False
2026-04-01 23:00:00,OBJ_1012,4.4319,,False
2026-04-03 16:15:00,OBJ_1011,1.3876,,False
2026-04-02 18:15:00,OBJ_1007,4.7776,,False
2026-04-02 19:15:00,OBJ_1005,0.8815,,False
2026-04-02 07:45:00,OBJ_1005,0.7152,,False
2026-04-03 06:15:00,OBJ_1014,2.997,,False
2026-04-03 13:45:00,OBJ_1012,16.826,,False
2026-04-01 08:30:00,OBJ_1001,2.1658,,False
2026-04-03 02:00:00,OBJ_1012,5.3213,,False
2026-04-02 02:30:00,OBJ_1011,0.9046,,False
2026-04-03 14:00:00,OBJ_1002,5.907,,False
2026-04-01 10:00:00,OBJ_1010,2.7113,,False
2026-04-03 20:15:00,OBJ_1011,1.1253,,False
2026-04-03 14:30:00,OBJ_1008,9.0066,,False
2026-04-01 22:00:00,OBJ_1010,2.6366,,False
2026-04-03 21:15:00,OBJ_1014,1.9549,,False
2026-04-02 19:15:00,OBJ_1007,4.2017,,False
2026-04-02 01:45:00,OBJ_1005,0.8265,,False
2026-04-03 09:15:00,OBJ_1005,0.8657,,False
2026-04-01 15:45:00,OBJ_1010,6.2358,,False
2026-04-02 14:00:00,OBJ_1012,16.5864,,False
2026-04-02 10:45:00,OBJ_1007,1.9325,,False
2026-04-02 07:15:00,OBJ_1007,3.5699,,False
2026-04-01 18:30:00,OBJ_1006,1.273,,False
2026-04-03 03:15:00,OBJ_1010,6.1889,,False
2026-04-01 13:15:00,OBJ_1008,10.7055,,False
2026-04-01 11:30:00,OBJ_1005,-0.8201,,False
2026-04-01 12:15:00,OBJ_1001,3.8472,,False
2026-04-03 15:30:00,OBJ_1014,3.4658,,False
2026-04-03 00:45:00,OBJ_1009,0.0,,False
2026-04-02 22:30:00,OBJ_1005,0.7332,,False
2026-04-02 00:45:00,OBJ_1011,1.2338,,False
2026-04-03 07:45:00,OBJ_1010,4.8595,,False
2026-04-01 16:15:00,OBJ_1011,1.2451,,False
2026-04-02 20:15:00,OBJ_1012,13.0708,,False
2026-04-01 19:00:00,OBJ_1011,1.4114,,False
2026-04-01 14:30:00,OBJ_1011,-1.7236,,False
2026-04-02 13:00:00,OBJ_1014,2.6291,,False
2026-04-01 10:30:00,OBJ_1011,-1.4446,,False
2026-04-02 08:30:00,OBJ_1009,2.8726,,False
2026-04-02 23:45:00,OBJ_1001,0.0,,False
2026-04-01 10:15:00,OBJ_1001,3.5289,,False
2026-04-02 12:30:00,OBJ_1012,15.8339,,False
2026-04-02 05:15:00,OBJ_1014,3.1341,,False
2026-04-01 17:45:00,OBJ_1005,0.8035,,False
2026-04-01 03:00:00,OBJ_1009,0.0,,False
2026-04-03 19:30:00,OBJ_1002,5.6956,,False
2026-04-01 05:15:00,OBJ_1010,6.1889,,False
2026-04-01 22:15:00,OBJ_1011,1.1515,,False
2026-04-01 01:15:00,OBJ_1002,5.4806,,False
2026-04-02 16:00:00,OBJ_1008,11.5114,,False
2026-04-02 03:15:00,OBJ_1005,0.6973,,False
2026-04-02 17:30:00,OBJ_1014,2.8497,,False
2026-04-03 23:45:00,OBJ_1011,1.0867,,False
2026-04-02 07:30:00,OBJ_1012,15.2928,,False
2026-04-03 00:45:00,OBJ_1012,4.3428,,False
2026-04-02 12:00:00,OBJ_1007,3.2909,,False
2026-04-03 17:00:00,OBJ_1011,1.2155,,False
2026-04-01 15:45:00,OBJ_1005,0.85,,False
2026-04-02 11:15:00,OBJ_1001,3.8511,,False
2026-04-01 11:15:00,OBJ_1006,3.8253,,False
2026-04-03 14:45:00,OBJ_1002,6.7214,,False
2026-04-01 22:30:00,OBJ_1001,0.0,,False
2026-04-03 06:45:00,OBJ_1006,0.6563,,False
2026-04-01 17:30:00,OBJ_1005,0.6634,,False
2026-04-03 12:00:00,OBJ_1010,4.5511,,False
2026-04-03 08:45:00,OBJ_1005,0.9314,,False
2026-04-02 08:15:00,OBJ_1005,0.8029,,False
2026-04-01 11:30:00,OBJ_1009,5.4605,,False
2026-04-02 02:45:00,OBJ_1001,0.0,,False
2026-04-02 12:45:00,OBJ_1010,3.778,,False
2026-04-02 13:45:00,OBJ_1007,4.4732,,False
2026-04-02 01:00:00,OBJ_1002,5.3961,,False
2026-04-03 15:30:00,OBJ_1008,9.9344,,False
2026-04-01 11:45:00,OBJ_1014,1.7349,,False
2026-04-02 20:30:00,OBJ_1002,5.6826,,False
2026-04-01 23:45:00,OBJ_1009,0.0,,False
2026-04-02 13:15:00,OBJ_1008,10.7287,,False
2026-04-01 05:15:00,OBJ_1011,1.2716,,False
2026-04-02 20:00:00,OBJ_1006,0.0,,False
2026-04-03 21:45:00,OBJ_1007,2.8212,,False
2026-04-01 13:30:00,OBJ_1011,-1.4931,,False
2026-04-03 05:45:00,OBJ_1006,0.0,,False
2026-04-01 03:15:00,OBJ_1008,3.3017,,False
2026-04-02 02:00:00,OBJ_1001,0.0,,False
2026-04-01 04:45:00,OBJ_1012,4.3096,,False
2026-04-01 23:30:00,OBJ_1005,0.6952,,False
2026-04-01 18:45:00,OBJ_1011,1.1742,,False
2026-04-03 07:30:00,OBJ_1002,6.1136,,False
2026-04-03 22:45:00,OBJ_1006,0.0,,False
2026-04-03 05:00:00,OBJ_1009,0.0,,False
2026-04-02 13:30:00,OBJ_1007,4.0496,,False
2026-04-03 03:15:00,OBJ_1011,1.3824,,False
2026-04-03 20:45:00,OBJ_1014,2.6828,,False
2026-04-03 22:00:00,OBJ_1007,2.352,,False
2026-04-03 22:45:00,OBJ_1010,2.7561,,False
2026-04-02 08:15:00,OBJ_1007,3.6119,,False
2026-04-02 08:15:00,OBJ_1009,2.6716,,False
2026-04-02 02:15:00,OBJ_1014,2.6866,,False
2026-04-01 08:15:00,OBJ_1009,2.8699,,False
2026-04-03 01:30:00,OBJ_1007,3.7336,,False
2026-04-01 01:15:00,OBJ_1010,5.1228,,False
2026-04-03 20:30:00,OBJ_1014,2.1667,,False
2026-04-03 11:00:00,OBJ_1008,13.3346,,False
2026-04-03 06:45:00,OBJ_1001,0.7191,,False
2026-04-02 08:45:00,OBJ_1008,9.284,,False
2026-04-02 13:00:00,OBJ_1011,-1.4223,,False
2026-04-02 01:30:00,OBJ_1011,1.3216,,False
2026-04-01 08:00:00,OBJ_1006,1.7119,,False
2026-04-03 02:30:00,OBJ_1008,3.6733,,False
2026-04-01 00:00:00,OBJ_1002,4.4628,,False
2026-04-01 22:15:00,OBJ_1001,0.0,,False
2026-04-02 09:15:00,OBJ_1014,2.2264,,False
2026-04-01 03:15:00,OBJ_1007,5.1012,,False
2026-04-01 15:45:00,OBJ_1002,7.7706,,False
2026-04-01 21:30:00,OBJ_1005,0.9866,,False
2026-04-01 03:00:00,OBJ_1008,4.1409,,False
2026-04-01 18:00:00,OBJ_1008,13.2041,,False
2026-04-03 11:00:00,OBJ_1002,3.6683,,False
2026-04-03 17:15:00,OBJ_1010,6.0303,,False
2026-04-03 04:00:00,OBJ_1001,0.0,,False
2026-04-02 16:45:00,OBJ_1008,10.0911,,False
2026-04-02 22:00:00,OBJ_1001,0.0,,False
2026-04-01 16:15:00,OBJ_1005,0.7728,,False
2026-04-01 05:15:00,OBJ_1007,4.2974,,False
2026-04-03 20:15:00,OBJ_1012,16.3919,,False
2026-04-03 17:00:00,OBJ_1012,15.7845,,False
2026-04-02 11:45:00,OBJ_1002,3.957,,False
2026-04-03 19:45:00,OBJ_1010,4.799,,False
2026-04-01 07:15:00,OBJ_1011,1.4585,,False
2026-04-02 10:30:00,OBJ_1001,3.4662,,False
2026-04-03 13:15:00,OBJ_1002,6.0483,,False
2026-04-03 17:15:00,OBJ_1012,13.0789,,False
2026-04-01 05:45:00,OBJ_1012,4.7391,,False
2026-04-01 08:00:00,OBJ_1012,13.8821,,False
2026-04-02 16:30:00,OBJ_1002,7.9884,,False
2026-04-02 19:45:00,OBJ_1009,0.3151,,False
2026-04-03 10:45:00,OBJ_1008,12.2509,,False
2026-04-01 08:15:00,OBJ_1014,2.5645,,False
2026-04-01 00:15:00,OBJ_1014,2.5006,,False
2026-04-02 12:00:00,OBJ_1012,15.8103,,False
2026-04-01 14:45:00,OBJ_1012,12.3217,,False
2026-04-01 04:45:00,OBJ_1007,4.7914,,False
2026-04-02 07:30:00,OBJ_1001,1.4483,,False
2026-04-02 13:15:00,OBJ_1002,5.6471,,False
2026-04-03 12:00:00,OBJ_1009,5.3366,,False
2026-04-01 19:45:00,OBJ_1012,12.8587,,False
2026-04-01 09:15:00,OBJ_1006,2.9169,,False
2026-04-01 15:00:00,OBJ_1005,0.9976,,False
2026-04-02 17:30:00,OBJ_1006,2.3931,,False
2026-04-03 01:30:00,OBJ_1006,0.0,,False
2026-04-01 11:00:00,OBJ_1006,3.9008,,False
2026-04-03 11:30:00,OBJ_1010,3.4787,,False
2026-04-02 13:00:00,OBJ_1005,-0.925,,False
2026-04-03 19:30:00,OBJ_1006,0.4991,,False
2026-04-02 04:30:00,OBJ_1005,0.9239,,False
2026-04-01 23:30:00,OBJ_1008,3.0786,,False
2026-04-02 21:00:00,OBJ_1002,3.7551,,False
2026-04-02 10:15:00,OBJ_1012,15.4435,,False
2026-04-01 16:30:00,OBJ_1009,4.1892,,False
2026-04-02 20:45:00,OBJ_1010,4.784,,False
2026-04-03 20:45:00,OBJ_1006,0.0,,False
2026-04-01 18:45:00,OBJ_1012,16.3347,,False
2026-04-02 12:45:00,OBJ_1014,2.356,,False
2026-04-02 01:30:00,OBJ_1009,0.0,,False
2026-04-02 10:00:00,OBJ_1002,3.3768,,False
2026-04-02 15:15:00,OBJ_1010,6.2924,,False
2026-04-02 00:15:00,OBJ_1006,0.0,,False
2026-04-01 23:30:00,OBJ_1007,2.5037,,False
2026-04-02 15:30:00,OBJ_1010,6.6208,,False
2026-04-01 14:15:00,OBJ_1009,4.9876,,False
2026-04-03 12:30:00,OBJ_1001,4.2696,,False
2026-04-03 04:15:00,OBJ_1008,4.1836,,False
2026-04-02 14:00:00,OBJ_1005,-0.9464,,False
2026-04-02 05:15:00,OBJ_1009,0.0,,False
2026-04-03 18:00:00,OBJ_1007,5.0963,,False
2026-04-03 18:30:00,OBJ_1009,1.6909,,False
2026-04-03 01:00:00,OBJ_1006,0.0,,False
2026-04-03 00:15:00,OBJ_1008,4.011,,False
2026-04-03 17:30:00,OBJ_1009,3.0805,,False
2026-04-01 00:30:00,OBJ_1010,4.4305,,False
2026-04-01 00:30:00,OBJ_1001,0.0,,False
2026-04-01 17:30:00,OBJ_1007,4.8929,,False
2026-04-01 23:45:00,OBJ_1014,1.6598,,False
2026-04-02 14:00:00,OBJ_1002,7.2446,,False
2026-04-02 02:15:00,OBJ_1008,3.6449,,False
2026-04-01 07:45:00,OBJ_1005,0.6773,,False
2026-04-01 21:30:00,OBJ_1009,0.0,,False
2026-04-02 20:15:00,OBJ_1010,4.6411,,False
2026-04-01 23:30:00,OBJ_1011,1.3474,,False
2026-04-03 04:00:00,OBJ_1011,1.3914,,False
2026-04-02 15:30:00,OBJ_1007,4.6642,,False
2026-04-01 09:00:00,OBJ_1007,2.8406,,False
2026-04-02 08:30:00,OBJ_1008,12.3083,,False
2026-04-02 11:15:00,OBJ_1014,1.9587,,False
2026-04-03 02:45:00,OBJ_1010,6.2639,,False
2026-04-01 21:15:00,OBJ_1007,2.6878,,False
2026-04-03 20:00:00,OBJ_1001,0.0,,False
2026-04-01 04:00:00,OBJ_1002,7.2041,,False
2026-04-02 10:15:00,OBJ_1014,1.5017,,False
2026-04-03 17:45:00,OBJ_1012,17.0353,,False
2026-04-03 22:15:00,OBJ_1010,2.806,,False
2026-04-02 16:00:00,OBJ_1010,6.9515,,False
2026-04-01 00:00:00,OBJ_1007,3.675,,False
2026-04-01 12:00:00,OBJ_1008,9.9808,,False
2026-04-02 20:45:00,OBJ_1009,0.0,,False
2026-04-01 08:30:00,OBJ_1010,4.1924,,False
2026-04-01 10:45:00,OBJ_1011,-1.2035,,False
2026-04-03 19:15:00,OBJ_1012,15.6143,,False
2026-04-01 03:30:00,OBJ_1008,3.3303,,False
2026-04-02 20:15:00,OBJ_1005,0.9627,,False
2026-04-03 09:45:00,OBJ_1006,3.3343,,False
2026-04-01 08:45:00,OBJ_1012,12.0024,,False
2026-04-01 13:45:00,OBJ_1010,5.1582,,False
2026-04-02 15:00:00,OBJ_1006,3.8873,,False
2026-04-03 12:15:00,OBJ_1008,11.4138,,False
2026-04-03 20:00:00,OBJ_1006,0.0,,False
2026-04-01 18:45:00,OBJ_1006,1.1692,,False
2026-04-01 01:30:00,OBJ_1002,5.2403,,False
2026-04-01 10:00:00,OBJ_1007,2.4083,,False
2026-04-03 23:45:00,OBJ_1008,4.2315,,False
2026-04-02 11:45:00,OBJ_1008,9.8188,,False
2026-04-02 11:00:00,OBJ_1012,15.8262,,False
2026-04-01 21:15:00,OBJ_1009,0.0,,False
2026-04-01 06:15:00,OBJ_1009,0.2962,,False
2026-04-02 18:00:00,OBJ_1012,13.053,,False
2026-04-01 01:15:00,OBJ_9999,0.0,,False
2026-04-01 15:30:00,OBJ_1007,4.915,,False
2026-04-02 00:30:00,OBJ_1008,3.6802,,False
2026-04-03 10:15:00,OBJ_1007,2.2775,,False
2026-04-01 16:45:00,OBJ_1010,5.7535,,False
2026-04-01 13:15:00,OBJ_1002,6.7085,,False
2026-04-02 14:00:00,OBJ_1014,2.8933,,False
2026-04-01 20:15:00,OBJ_1010,4.5374,,False
2026-04-03 16:15:00,OBJ_1005,0.9295,,False
2026-04-03 02:15:00,OBJ_1012,4.2131,,False
2026-04-02 19:45:00,OBJ_1008,12.3561,,False
2026-04-02 17:45:00,OBJ_1005,0.9932,,False
2026-04-01 20:00:00,OBJ_1010,4.372,,False
2026-04-01 07:45:00,OBJ_1014,2.866,,False
2026-04-02 02:15:00,OBJ_1009,0.0,,False
2026-04-03 04:30:00,OBJ_1005,0.8175,,False
2026-04-02 13:30:00,OBJ_1014,3.1421,,False
2026-04-03 14:45:00,OBJ_1006,4.1556,,False
2026-04-01 16:45:00,OBJ_1001,2.5898,,False
2026-04-02 00:00:00,OBJ_1002,5.0184,,False
2026-04-01 15:15:00,OBJ_1014,2.9684,,False
2026-04-01 05:00:00,OBJ_1012,5.9216,,False
2026-04-01 13:30:00,OBJ_1010,5.3577,,False
2026-04-01 03:30:00,OBJ_1009,0.0,,False
2026-04-03 06:00:00,OBJ_1006,0.0,,False
2026-04-03 12:15:00,OBJ_1007,3.7454,,False
2026-04-03 06:00:00,OBJ_1002,6.2447,,False
2026-04-01 11:45:00,OBJ_1009,5.5763,,False
2026-04-01 04:00:00,OBJ_1001,0.0,,False
2026-04-03 08:15:00,OBJ_1012,13.736,,False
2026-04-01 02:00:00,OBJ_1006,0.0,,False
2026-04-02 14:15:00,OBJ_1001,4.3171,,False
2026-04-01 15:00:00,OBJ_1001,3.7885,,False
2026-04-03 07:45:00,OBJ_1006,1.7194,,False
2026-04-02 20:30:00,OBJ_1007,3.0718,,False
2026-04-02 20:30:00,OBJ_1006,0.0,,False
2026-04-02 20:45:00,OBJ_1006,0.0,,False
2026-04-03 17:45:00,OBJ_1005,0.9669,,False
2026-04-02 06:30:00,OBJ_1014,3.5505,,False
2026-04-02 14:30:00,OBJ_1007,4.4575,,False
2026-04-01 21:15:00,OBJ_1011,1.3479,,False
2026-04-03 07:00:00,OBJ_1008,10.6157,,False
2026-04-02 09:30:00,OBJ_1012,15.9655,,False
2026-04-01 14:30:00,OBJ_1009,5.5516,,False
2026-04-03 21:00:00,OBJ_1005,0.771,,False
2026-04-01 13:45:00,OBJ_1014,2.7134,,False
2026-04-01 19:30:00,OBJ_1011,1.076,,False
2026-04-02 02:00:00,OBJ_1009,0.0,,False
2026-04-02 23:45:00,OBJ_1009,0.0,,False
2026-04-01 07:00:00,OBJ_1010,5.7236,,False
2026-04-01 21:15:00,OBJ_1010,3.9265,,False
2026-04-01 15:15:00,OBJ_1010,5.4839,,False
2026-04-02 16:45:00,OBJ_1011,1.2828,,False
2026-04-01 12:45:00,OBJ_1011,-1.6972,,False
2026-04-02 22:30:00,OBJ_1012,4.9578,,False
2026-04-01 00:30:00,OBJ_1008,3.1451,,False
2026-04-02 20:45:00,OBJ_1008,12.6427,,False
2026-04-03 04:45:00,OBJ_1006,0.0,,False
2026-04-02 08:00:00,OBJ_1008,11.7666,,False
2026-04-02 08:45:00,OBJ_1007,3.8734,,False
2026-04-02 13:45:00,OBJ_1002,5.7947,,False
2026-04-03 00:00:00,OBJ_1006,0.0,,False
2026-04-03 14:15:00,OBJ_1006,3.9955,,False
2026-04-02 11:00:00,OBJ_1002,3.9276,,False
2026-04-01 23:15:00,OBJ_1010,3.205,,False
2026-04-03 00:00:00,OBJ_1007,3.6064,,False
2026-04-01 07:00:00,OBJ_1014,2.5567,,False
2026-04-02 10:00:00,OBJ_1001,3.0301,,False
2026-04-03 14:15:00,OBJ_1001,4.0794,,False
2026-04-03 23:30:00,OBJ_1005,0.9476,,False
2026-04-01 16:00:00,OBJ_1011,1.4656,,False
2026-04-03 02:30:00,OBJ_1010,5.4665,,False
2026-04-03 04:30:00,OBJ_1008,4.3433,,False
2026-04-03 11:45:00,OBJ_1005,-1.0274,,False
2026-04-03 00:30:00,OBJ_1002,5.2026,,False
2026-04-01 09:30:00,OBJ_1007,2.6361,,False
2026-04-02 06:00:00,OBJ_1010,5.1468,,False
2026-04-03 08:15:00,OBJ_1011,1.3224,,False
2026-04-03 12:30:00,OBJ_1002,5.5028,,False
2026-04-02 18:15:00,OBJ_1006,1.4862,,False
2026-04-02 19:30:00,OBJ_1012,14.7408,,False
2026-04-03 18:30:00,OBJ_1001,1.3082,,False
2026-04-02 09:30:00,OBJ_1008,12.7005,,False
2026-04-03 00:00:00,OBJ_1012,5.1033,,False
2026-04-01 00:00:00,OBJ_1003,2.281,,False
2026-04-01 03:45:00,OBJ_1014,2.9998,,False
2026-04-01 21:45:00,OBJ_1002,4.2765,,False
2026-04-02 10:15:00,OBJ_1009,4.8558,,False
2026-04-03 09:30:00,OBJ_1006,2.9363,,False
2026-04-01 05:45:00,OBJ_1007,4.4258,,False
2026-04-01 21:30:00,OBJ_1006,0.0,,False
2026-04-03 20:30:00,OBJ_1001,0.0,,False
2026-04-01 20:15:00,OBJ_1008,11.1744,,False
2026-04-01 03:45:00,OBJ_1001,0.0,,False
2026-04-03 04:45:00,OBJ_1008,3.5994,,False
2026-04-02 21:00:00,OBJ_1001,0.0,,False
2026-04-01 13:30:00,OBJ_1007,3.4682,,False
2026-04-01 16:30:00,OBJ_1010,5.5667,,False
2026-04-03 08:45:00,OBJ_1012,14.712,,False
2026-04-02 17:30:00,OBJ_1002,6.5616,,False
2026-04-01 13:00:00,OBJ_1005,-0.908,,False
2026-04-02 23:45:00,OBJ_1007,3.1118,,False
2026-04-01 15:15:00,OBJ_1011,1.0266,,False
2026-04-01 22:00:00,OBJ_1014,1.4059,,False
2026-04-01 00:45:00,OBJ_1014,2.2242,,False
2026-04-02 22:30:00,OBJ_1014,1.3797,,False
2026-04-02 09:45:00,OBJ_1008,12.9152,,False
2026-04-02 12:45:00,OBJ_1011,-1.2359,,False
2026-04-01 01:00:00,OBJ_9999,0.0,,False
2026-04-02 23:30:00,OBJ_1001,0.0,,False
2026-04-02 22:30:00,OBJ_1009,0.0,,False
2026-04-02 19:15:00,OBJ_1001,0.65,,False
2026-04-03 19:00:00,OBJ_1008,13.1798,,False
2026-04-03 19:15:00,OBJ_1005,0.8915,,False
2026-04-03 21:15:00,OBJ_1010,3.2853,,False
2026-04-02 12:30:00,OBJ_1002,5.6434,,False
2026-04-02 10:00:00,OBJ_1005,-0.9453,,False
2026-04-03 14:45:00,OBJ_1001,3.6824,,False
2026-04-02 19:45:00,OBJ_1011,1.1067,,False
2026-04-03 02:00:00,OBJ_1014,2.7222,,False
2026-04-03 02:30:00,OBJ_1007,4.09,,False
2026-04-03 21:15:00,OBJ_1009,0.0,,False
2026-04-03 05:45:00,OBJ_1008,3.3478,,False
2026-04-01 03:15:00,OBJ_1010,6.8299,,False
2026-04-01 19:45:00,OBJ_1005,0.917,,False
2026-04-02 13:30:00,OBJ_1012,15.0327,,False
2026-04-01 02:45:00,OBJ_1009,0.0,,False
2026-04-03 21:45:00,OBJ_1009,0.0,,False
2026-04-01 01:30:00,OBJ_1014,3.1008,,False
2026-04-01 07:00:00,OBJ_1001,0.9707,,False
2026-04-01 07:00:00,OBJ_1008,9.4626,,False
2026-04-02 00:30:00,OBJ_1001,0.0,,False
2026-04-03 09:45:00,OBJ_1010,3.7651,,False
2026-04-03 02:00:00,OBJ_1009,0.0,,False
2026-04-03 22:15:00,OBJ_1014,1.664,,False
2026-04-02 02:00:00,OBJ_1008,3.0789,,False
2026-04-01 07:30:00,OBJ_1008,12.8637,,False
2026-04-01 16:15:00,OBJ_1007,4.5498,,False
2026-04-01 10:00:00,OBJ_1008,11.7569,,False
2026-04-03 03:15:00,OBJ_1007,4.5196,,False
2026-04-02 21:15:00,OBJ_1006,0.0,,False
2026-04-03 23:30:00,OBJ_1011,1.1501,,False
2026-04-03 10:30:00,OBJ_1005,-1.0923,,False
2026-04-02 17:15:00,OBJ_1012,17.4794,,False
2026-04-02 19:00:00,OBJ_1006,0.9336,,False
2026-04-02 20:30:00,OBJ_1010,4.5025,,False
2026-04-03 07:30:00,OBJ_1006,1.4341,,False
2026-04-01 12:30:00,OBJ_1001,4.2642,,False
2026-04-02 09:15:00,OBJ_1012,14.9851,,False
2026-04-02 01:45:00,OBJ_1001,0.0,,False
2026-04-02 16:30:00,OBJ_1007,5.199,,False
2026-04-01 20:30:00,OBJ_1008,12.351,,False
2026-04-01 22:45:00,OBJ_1010,2.9768,,False
2026-04-02 05:00:00,OBJ_1009,0.0,,False
2026-04-03 19:45:00,OBJ_1011,0.9648,,False
2026-04-03 20:15:00,OBJ_1001,0.0,,False
2026-04-02 15:45:00,OBJ_1008,9.7793,,False
2026-04-03 07:00:00,OBJ_1011,1.3891,,False
2026-04-02 09:45:00,OBJ_1010,4.1243,,False
2026-04-03 04:45:00,OBJ_1001,0.0,,False
2026-04-03 04:30:00,OBJ_1009,0.0,,False
2026-04-01 14:00:00,OBJ_1011,-1.5215,,False
2026-04-02 04:15:00,OBJ_1012,5.1086,,False
2026-04-02 06:30:00,OBJ_1005,0.934,,False
2026-04-03 12:15:00,OBJ_1011,-1.7007,,False
2026-04-02 21:00:00,OBJ_1014,1.7341,,False
2026-04-03 09:00:00,OBJ_1008,10.6608,,False
2026-04-03 09:45:00,OBJ_1009,3.8913,,False
2026-04-01 06:15:00,OBJ_1014,3.4959,,False
2026-04-01 00:45:00,OBJ_9999,0.0,,False
2026-04-01 09:15:00,OBJ_1005,0.7341,,False
2026-04-03 17:00:00,OBJ_1009,3.2917,,False
2026-04-03 12:00:00,OBJ_1005,-1.1157,,False
2026-04-02 09:00:00,OBJ_1014,2.1932,,False
2026-04-03 14:15:00,OBJ_1010,6.0318,,False
2026-04-02 21:15:00,OBJ_1007,2.7389,,False
2026-04-01 18:15:00,OBJ_1008,11.4836,,False
2026-04-01 09:00:00,OBJ_1009,3.4453,,False
2026-04-03 10:30:00,OBJ_1012,12.7989,,False
2026-04-01 06:15:00,OBJ_1001,0.2188,,False
2026-04-03 11:15:00,OBJ_1008,11.9628,,False
2026-04-01 06:45:00,OBJ_1005,0.9532,,False
2026-04-03 03:00:00,OBJ_1010,5.9565,,False
2026-04-02 18:45:00,OBJ_1011,1.0315,,False
2026-04-03 03:00:00,OBJ_1007,4.1894,,False
2026-04-03 07:15:00,OBJ_1014,2.8672,,False
2026-04-03 04:45:00,OBJ_1005,0.6177,,False
2026-04-03 15:30:00,OBJ_1007,5.4222,,False
2026-04-03 08:30:00,OBJ_1005,0.8717,,False
2026-04-01 18:00:00,OBJ_1006,1.891,,False
2026-04-03 18:30:00,OBJ_1012,16.6462,,False
2026-04-01 20:30:00,OBJ_1005,0.7098,,False
2026-04-03 14:30:00,OBJ_1012,12.6237,,False
2026-04-03 09:30:00,OBJ_1002,4.4289,,False
2026-04-01 13:15:00,OBJ_1001,3.8774,,False
2026-04-02 23:30:00,OBJ_1012,5.8338,,False
2026-04-03 11:30:00,OBJ_1009,5.3183,,False
2026-04-01 19:30:00,OBJ_1012,14.249,,False
2026-04-02 08:00:00,OBJ_1001,1.6644,,False
2026-04-01 19:30:00,OBJ_1005,0.949,,False
2026-04-02 04:15:00,OBJ_1008,4.2829,,False
2026-04-01 07:45:00,OBJ_1010,5.3661,,False
2026-04-03 02:45:00,OBJ_1012,5.1439,,False
2026-04-03 02:00:00,OBJ_1001,0.0,,False
2026-04-02 12:30:00,OBJ_1011,-1.45,,False
2026-04-03 09:00:00,OBJ_1012,16.6448,,False
2026-04-01 00:15:00,OBJ_1012,5.6116,,False
2026-04-01 03:45:00,OBJ_1009,0.0,,False
2026-04-03 12:15:00,OBJ_1012,16.0863,,False
2026-04-01 13:00:00,OBJ_1010,5.3735,,False
2026-04-03 03:30:00,OBJ_1010,5.6658,,False
2026-04-03 11:30:00,OBJ_1001,3.6451,,False
2026-04-01 01:00:00,OBJ_1002,5.5871,,False
2026-04-03 19:45:00,OBJ_1007,3.8493,,False
2026-04-02 03:30:00,OBJ_1014,3.3872,,False
2026-04-01 13:15:00,OBJ_1010,5.5462,,False
2026-04-03 10:30:00,OBJ_1009,4.4228,,False
2026-04-03 02:45:00,OBJ_1005,0.7541,,False
2026-04-02 12:15:00,OBJ_1009,5.1648,,False
2026-04-01 12:30:00,OBJ_1011,-1.6696,,False
2026-04-03 09:00:00,OBJ_1006,2.5019,,False
2026-04-03 01:30:00,OBJ_1010,5.6119,,False
2026-04-01 14:30:00,OBJ_1005,-1.1897,,False
2026-04-03 23:45:00,OBJ_1009,0.0,,False
2026-04-01 02:45:00,OBJ_1008,3.0292,,False
2026-04-02 12:45:00,OBJ_1002,4.8533,,False
2026-04-03 08:15:00,OBJ_1009,2.7015,,False
2026-04-03 16:00:00,OBJ_1014,3.6861,,False
2026-04-02 02:00:00,OBJ_1012,4.5442,,False
2026-04-01 08:00:00,OBJ_1005,0.9882,,False
2026-04-02 04:00:00,OBJ_1005,0.8509,,False
2026-04-02 02:45:00,OBJ_1014,3.4071,,False
2026-04-01 09:45:00,OBJ_1008,11.3308,,False
2026-04-02 22:45:00,OBJ_1005,0.9661,,False
2026-04-02 09:15:00,OBJ_1005,0.7472,,False
2026-04-01 06:45:00,OBJ_1001,0.6418,,False
2026-04-01 04:00:00,OBJ_1014,3.7163,,False
2026-04-03 21:15:00,OBJ_1001,0.0,,False
2026-04-03 15:15:00,OBJ_1005,0.8803,,False
2026-04-01 00:30:00,OBJ_1005,0.9829,,False
2026-04-03 18:30:00,OBJ_1006,1.4681,,False
2026-04-01 11:00:00,OBJ_1001,3.9652,,False
2026-04-02 12:15:00,OBJ_1001,3.8543,,False
2026-04-01 01:30:00,OBJ_1006,0.0,,False
2026-04-03 20:30:00,OBJ_1007,3.5393,,False
2026-04-02 16:15:00,OBJ_1005,0.7395,,False
2026-04-02 13:30:00,OBJ_1009,5.3439,,False
2026-04-02 17:45:00,OBJ_1014,3.0235,,False
2026-04-02 12:00:00,OBJ_1008,13.2341,,False
2026-04-02 13:45:00,OBJ_1011,-1.7083,,False
2026-04-03 21:30:00,OBJ_1009,0.0,,False
2026-04-01 21:00:00,OBJ_1011,1.0054,,False
2026-04-03 05:30:00,OBJ_1002,7.6379,,False
2026-04-01 06:30:00,OBJ_1005,0.7694,,False
2026-04-03 03:45:00,OBJ_1011,1.2383,,False
2026-04-01 23:15:00,OBJ_1011,1.0047,,False
2026-04-01 16:30:00,OBJ_1006,3.0656,,False
2026-04-03 13:15:00,OBJ_1012,15.0529,,False
2026-04-01 06:45:00,OBJ_1006,0.7429,,False
2026-04-01 08:00:00,OBJ_1009,2.2551,,False
2026-04-01 03:30:00,OBJ_1002,6.6153,,False
2026-04-02 06:45:00,OBJ_1008,4.3112,,False
2026-04-03 14:00:00,OBJ_1010,4.8247,,False
2026-04-01 02:00:00,OBJ_1012,5.0582,,False
2026-04-03 10:15:00,OBJ_1014,1.3327,,False
2026-04-01 06:30:00,OBJ_1012,5.1034,,False
2026-04-02 16:30:00,OBJ_1001,3.1603,,False
2026-04-03 02:00:00,OBJ_1005,0.7093,,False
2026-04-01 19:00:00,OBJ_1009,1.265,,False
2026-04-01 09:30:00,OBJ_1010,3.3463,,False
2026-04-02 15:15:00,OBJ_1014,2.9241,,False
2026-04-03 08:45:00,OBJ_1002,5.6575,,False
2026-04-01 19:30:00,OBJ_1008,13.0654,,False
2026-04-01 06:00:00,OBJ_1007,4.7577,,False
2026-04-03 23:15:00,OBJ_1001,0.0,,False
2026-04-03 01:30:00,OBJ_1009,0.0,,False
2026-04-03 02:00:00,OBJ_1006,0.0,,False
2026-04-01 15:30:00,OBJ_1006,3.4962,,False
2026-04-01 08:45:00,OBJ_1011,1.2288,,False
2026-04-01 07:30:00,OBJ_1010,5.6241,,False
2026-04-03 09:30:00,OBJ_1014,1.7725,,False
2026-04-02 05:45:00,OBJ_1006,0.0,,False
2026-04-01 17:45:00,OBJ_1010,6.1144,,False
2026-04-02 03:30:00,OBJ_1007,5.0977,,False
2026-04-01 04:00:00,OBJ_1006,0.0,,False
2026-04-02 21:15:00,OBJ_1005,0.9263,,False
2026-04-03 08:30:00,OBJ_1001,2.3432,,False
2026-04-02 23:15:00,OBJ_1007,2.6265,,False
2026-04-02 23:45:00,OBJ_1008,4.0023,,False
2026-04-02 10:45:00,OBJ_1009,4.8197,,False
2026-04-03 00:00:00,OBJ_1008,3.9248,,False
2026-04-01 02:15:00,OBJ_1005,0.8883,,False
2026-04-02 02:15:00,OBJ_1006,0.0,,False
2026-04-03 02:15:00,OBJ_1002,7.3104,,False
2026-04-01 23:45:00,OBJ_1008,4.1748,,False
2026-04-02 11:45:00,OBJ_1010,3.3844,,False
2026-04-01 10:30:00,OBJ_1005,-1.0161,,False
2026-04-03 10:15:00,OBJ_1002,3.2276,,False
2026-04-02 05:45:00,OBJ_1008,3.3398,,False
2026-04-03 09:15:00,OBJ_1008,11.4049,,False
2026-04-01 22:30:00,OBJ_1011,1.4703,,False
2026-04-03 22:30:00,OBJ_1009,0.0,,False
2026-04-02 17:15:00,OBJ_1014,3.0067,,False
2026-04-02 08:00:00,OBJ_1012,12.5137,,False
2026-04-01 10:30:00,OBJ_1010,2.3705,,False
2026-04-03 23:45:00,OBJ_1010,3.1146,,False
2026-04-03 23:00:00,OBJ_1010,3.0997,,False
2026-04-02 20:00:00,OBJ_1012,14.5222,,False
2026-04-03 12:15:00,OBJ_1002,4.8831,,False
2026-04-01 20:15:00,OBJ_1006,0.0,,False
2026-04-02 03:15:00,OBJ_1006,0.0,,False
2026-04-02 09:30:00,OBJ_1006,2.7424,,False
2026-04-02 06:45:00,OBJ_1006,0.669,,False
2026-04-03 13:15:00,OBJ_1009,5.6077,,False
2026-04-01 19:45:00,OBJ_1007,3.6297,,False
2026-04-01 01:00:00,OBJ_1003,2.2663,,False
2026-04-02 08:30:00,OBJ_1002,5.0987,,False
2026-04-01 08:30:00,OBJ_1005,0.8657,,False
2026-04-03 13:45:00,OBJ_1008,10.6776,,False
2026-04-03 01:45:00,OBJ_1014,2.6906,,False
2026-04-03 02:30:00,OBJ_1005,0.7079,,False
2026-04-02 14:30:00,OBJ_1012,15.6784,,False
2026-04-03 15:45:00,OBJ_1002,7.584,,False
2026-04-02 23:00:00,OBJ_1002,4.7105,,False
2026-04-01 06:15:00,OBJ_1007,4.6937,,False
2026-04-03 23:15:00,OBJ_1008,4.3455,,False
2026-04-01 17:00:00,OBJ_1008,11.3157,,False
2026-04-01 20:15:00,OBJ_1012,17.9562,,False
2026-04-03 00:45:00,OBJ_1010,3.7573,,False
2026-04-02 05:30:00,OBJ_1006,0.0,,False
2026-04-01 06:45:00,OBJ_1002,6.0063,,False
2026-04-03 17:15:00,OBJ_1009,3.4265,,False
2026-04-03 03:00:00,OBJ_1012,4.5034,,False
2026-04-03 05:15:00,OBJ_1005,0.9847,,False
2026-04-02 21:30:00,OBJ_1010,3.5353,,False
2026-04-03 17:45:00,OBJ_1014,3.6413,,False
2026-04-01 04:30:00,OBJ_1014,3.2517,,False
2026-04-03 07:30:00,OBJ_1005,0.897,,False
2026-04-02 06:00:00,OBJ_1002,7.5852,,False
2026-04-01 14:15:00,OBJ_1005,-1.0898,,False
2026-04-01 03:30:00,OBJ_1012,5.8108,,False
2026-04-01 14:15:00,OBJ_1010,5.1233,,False
2026-04-02 19:15:00,OBJ_1010,5.1657,,False
2026-04-02 06:45:00,OBJ_1001,0.7331,,False
2026-04-01 00:30:00,OBJ_1002,4.6553,,False
2026-04-01 23:30:00,OBJ_1014,2.0487,,False
2026-04-03 06:15:00,OBJ_1008,3.7916,,False
2026-04-03 10:45:00,OBJ_1001,3.4321,,False
2026-04-01 12:00:00,OBJ_1007,3.5053,,False
2026-04-02 00:30:00,OBJ_1007,3.284,,False
2026-04-03 03:45:00,OBJ_1005,0.8304,,False
2026-04-02 01:45:00,OBJ_1014,2.6464,,False
2026-04-02 15:45:00,OBJ_1009,4.8289,,False
2026-04-01 03:45:00,OBJ_1002,6.6426,,False
2026-04-02 11:00:00,OBJ_1008,13.011,,False
2026-04-01 11:00:00,OBJ_1007,2.7971,,False
2026-04-02 23:45:00,OBJ_1006,0.0,,False
2026-04-03 12:00:00,OBJ_1006,4.0625,,False
2026-04-01 17:15:00,OBJ_1009,3.4344,,False
2026-04-01 06:45:00,OBJ_1011,0.9765,,False
2026-04-01 16:30:00,OBJ_1001,3.0256,,False
2026-04-02 17:45:00,OBJ_1002,6.42,,False
2026-04-03 11:30:00,OBJ_1014,2.1333,,False
2026-04-01 18:00:00,OBJ_1001,1.9171,,False
2026-04-01 18:15:00,OBJ_1002,6.8156,,False
2026-04-03 08:00:00,OBJ_1010,4.2563,,False
2026-04-03 02:45:00,OBJ_1008,3.127,,False
2026-04-03 06:45:00,OBJ_1002,6.857,,False
2026-04-02 10:00:00,OBJ_1014,1.305,,False
2026-04-01 20:45:00,OBJ_1014,2.7272,,False
2026-04-02 17:00:00,OBJ_1014,3.0298,,False
2026-04-03 09:45:00,OBJ_1001,3.2837,,False
2026-04-01 18:45:00,OBJ_1009,1.5216,,False
2026-04-01 23:15:00,OBJ_1009,0.0,,False
2026-04-01 01:00:00,OBJ_1012,5.8733,,False
2026-04-01 05:00:00,OBJ_1001,0.0,,False
2026-04-03 03:15:00,OBJ_1009,0.0,,False
2026-04-03 16:30:00,OBJ_1001,3.1354,,False
2026-04-02 14:45:00,OBJ_1002,7.1974,,False
2026-04-02 12:00:00,OBJ_1006,4.1959,,False
2026-04-02 11:30:00,OBJ_1001,3.6653,,False
2026-04-01 04:15:00,OBJ_1008,3.3747,,False
2026-04-02 02:45:00,OBJ_1002,7.1288,,False
2026-04-02 23:30:00,OBJ_1005,0.8567,,False
2026-04-01 22:00:00,OBJ_1008,4.3641,,False
2026-04-02 12:00:00,OBJ_1011,-1.3504,,False
2026-04-03 04:00:00,OBJ_1014,3.2808,,False
2026-04-03 18:45:00,OBJ_1010,5.1048,,False
2026-04-03 04:15:00,OBJ_1005,0.6968,,False
2026-04-03 09:15:00,OBJ_1007,2.528,,False
2026-04-03 23:15:00,OBJ_1002,3.9416,,False
2026-04-03 13:00:00,OBJ_1014,2.7369,,False
2026-04-02 09:15:00,OBJ_1009,3.6302,,False
2026-04-01 03:00:00,OBJ_1001,0.0,,False
2026-04-03 02:15:00,OBJ_1008,4.0675,,False
2026-04-01 18:45:00,OBJ_1014,3.0525,,False
2026-04-02 03:15:00,OBJ_1012,4.3363,,False
2026-04-01 05:45:00,OBJ_1002,8.2613,,False
2026-04-01 13:30:00,OBJ_1008,13.2663,,False
2026-04-01 23:15:00,OBJ_1006,0.0,,False
2026-04-02 02:30:00,OBJ_1010,5.3383,,False
2026-04-01 14:45:00,OBJ_1014,2.7782,,False
2026-04-02 00:45:00,OBJ_1007,3.0423,,False
2026-04-03 17:15:00,OBJ_1014,3.1429,,False
2026-04-01 05:15:00,OBJ_1001,0.0,,False
2026-04-01 04:45:00,OBJ_1011,1.331,,False
2026-04-01 13:30:00,OBJ_1002,6.7062,,False
2026-04-02 11:15:00,OBJ_1012,15.3099,,False
2026-04-01 02:15:00,OBJ_1007,4.5386,,False
2026-04-01 09:45:00,OBJ_1010,3.3517,,False
2026-04-03 00:30:00,OBJ_1010,4.3829,,False
2026-04-03 17:00:00,OBJ_1007,4.5176,,False
2026-04-02 15:15:00,OBJ_1006,3.7193,,False
2026-04-02 02:30:00,OBJ_1008,3.2059,,False
2026-04-03 19:45:00,OBJ_1009,0.2894,,False
2026-04-02 14:45:00,OBJ_1007,4.9124,,False
2026-04-03 05:00:00,OBJ_1008,3.5867,,False
2026-04-03 06:15:00,OBJ_1001,0.2215,,False
2026-04-02 20:30:00,OBJ_1012,16.9402,,False
2026-04-03 14:45:00,OBJ_1010,6.2512,,False
2026-04-02 08:45:00,OBJ_1002,5.2813,,False
2026-04-01 10:30:00,OBJ_1014,1.4533,,False
2026-04-02 06:00:00,OBJ_1001,0.0,,False
2026-04-03 02:30:00,OBJ_1001,0.0,,False
2026-04-02 22:45:00,OBJ_1009,0.0,,False
2026-04-01 16:30:00,OBJ_1005,0.6161,,False
2026-04-01 12:15:00,OBJ_1007,2.9759,,False
2026-04-02 08:00:00,OBJ_1009,2.3067,,False
2026-04-03 16:30:00,OBJ_1006,3.1367,,False
2026-04-03 10:00:00,OBJ_1007,1.9591,,False
2026-04-01 19:30:00,OBJ_1001,0.4357,,False
2026-04-01 18:30:00,OBJ_1011,1.2982,,False
2026-04-01 20:00:00,OBJ_1014,2.5424,,False
2026-04-03 10:45:00,OBJ_1009,4.9584,,False
2026-04-03 03:30:00,OBJ_1002,7.9176,,False
2026-04-02 05:00:00,OBJ_1012,5.3131,,False
2026-04-03 13:00:00,OBJ_1002,6.7168,,False
2026-04-02 03:45:00,OBJ_1006,0.0,,False
2026-04-02 23:30:00,OBJ_1011,1.193,,False
2026-04-03 08:00:00,OBJ_1006,1.8868,,False
2026-04-02 14:15:00,OBJ_1010,6.318,,False
2026-04-01 12:45:00,OBJ_1007,3.7594,,False
2026-04-01 12:15:00,OBJ_1010,4.8663,,False
2026-04-02 18:00:00,OBJ_1009,2.5216,,False
2026-04-03 21:00:00,OBJ_1014,1.7485,,False
2026-04-02 07:45:00,OBJ_1010,5.0944,,False
2026-04-02 13:00:00,OBJ_1002,6.2333,,False
2026-04-03 20:15:00,OBJ_1005,0.9383,,False
2026-04-01 23:00:00,OBJ_1007,2.4656,,False
2026-04-03 17:30:00,OBJ_1001,2.1137,,False
2026-04-03 22:15:00,OBJ_1006,0.0,,False
2026-04-02 11:45:00,OBJ_1005,-1.1512,,False
2026-04-02 22:45:00,OBJ_1010,2.5987,,False
2026-04-02 05:45:00,OBJ_1012,4.2023,,False
2026-04-03 08:15:00,OBJ_1010,4.222,,False
2026-04-03 07:45:00,OBJ_1009,2.2105,,False
2026-04-02 12:00:00,OBJ_1005,-0.9291,,False
2026-04-03 15:45:00,OBJ_1001,3.5744,,False
2026-04-01 11:45:00,OBJ_1011,-1.6525,,False
2026-04-01 16:00:00,OBJ_1010,6.4735,,False
2026-04-03 05:45:00,OBJ_1007,5.4524,,False
2026-04-01 16:15:00,OBJ_1014,3.849,,False
2026-04-03 18:15:00,OBJ_1012,12.0041,,False
2026-04-03 15:15:00,OBJ_1011,1.368,,False
2026-04-03 06:15:00,OBJ_1012,5.174,,False
2026-04-03 14:45:00,OBJ_1011,-1.5119,,False
2026-04-03 03:30:00,OBJ_1001,0.0,,False
2026-04-01 04:30:00,OBJ_1001,0.0,,False
2026-04-03 01:15:00,OBJ_1008,3.0494,,False
2026-04-01 00:15:00,OBJ_1009,0.0,,False
2026-04-02 22:15:00,OBJ_1011,1.357,,False
2026-04-01 12:30:00,OBJ_1002,5.3513,,False
2026-04-02 22:45:00,OBJ_1011,1.0569,,False
2026-04-03 06:45:00,OBJ_1007,4.4058,,False
2026-04-02 18:30:00,OBJ_1006,1.4245,,False
2026-04-02 17:45:00,OBJ_1011,1.4106,,False
2026-04-03 18:45:00,OBJ_1001,1.2197,,False
2026-04-03 19:15:00,OBJ_1011,0.9194,,False
2026-04-03 10:45:00,OBJ_1011,-1.447,,False
2026-04-01 04:15:00,OBJ_1006,0.0,,False
2026-04-02 14:30:00,OBJ_1006,3.8225,,False
2026-04-01 10:00:00,OBJ_1002,3.702,,False
2026-04-02 07:15:00,OBJ_1012,12.8256,,False
2026-04-03 19:45:00,OBJ_1001,0.2413,,False
2026-04-02 18:30:00,OBJ_1005,0.7208,,False
2026-04-01 20:00:00,OBJ_1006,0.0,,False
2026-04-02 12:30:00,OBJ_1006,3.8314,,False
2026-04-01 11:00:00,OBJ_1014,1.8091,,False
2026-04-01 17:15:00,OBJ_1012,12.7286,,False
2026-04-01 18:00:00,OBJ_1014,3.2109,,False
2026-04-03 08:45:00,OBJ_1008,11.2026,,False
2026-04-01 23:30:00,OBJ_1010,3.4766,,False
2026-04-01 09:45:00,OBJ_1012,14.7388,,False
2026-04-03 20:30:00,OBJ_1011,1.4339,,False
2026-04-01 13:00:00,OBJ_1006,4.3705,,False
2026-04-02 21:45:00,OBJ_1006,0.0,,False
2026-04-01 15:15:00,OBJ_1002,8.1854,,False
2026-04-03 16:15:00,OBJ_1010,5.702,,False
2026-04-03 17:30:00,OBJ_1006,2.0561,,False
2026-04-02 10:45:00,OBJ_1005,-1.1666,,False
2026-04-03 00:30:00,OBJ_1007,3.341,,False
2026-04-03 02:45:00,OBJ_1014,2.7962,,False
2026-04-02 03:00:00,OBJ_1010,6.4985,,False
2026-04-03 10:45:00,OBJ_1014,1.6423,,False
2026-04-02 09:00:00,OBJ_1005,0.8062,,False
2026-04-02 07:45:00,OBJ_1002,5.5016,,False
2026-04-01 00:00:00,OBJ_1011,1.1532,,False
2026-04-01 20:30:00,OBJ_1009,0.0,,False
2026-04-03 21:30:00,OBJ_1014,2.2528,,False
2026-04-01 10:30:00,OBJ_1008,12.1228,,False
2026-04-02 18:00:00,OBJ_1008,12.3148,,False
2026-04-03 22:30:00,OBJ_1005,0.7552,,False
2026-04-03 13:00:00,OBJ_1010,5.3466,,False
2026-04-02 20:00:00,OBJ_1002,4.6783,,False
2026-04-03 22:30:00,OBJ_1007,2.0585,,False
2026-04-03 09:30:00,OBJ_1011,1.3703,,False
2026-04-03 04:00:00,OBJ_1009,0.0,,False
2026-04-02 06:45:00,OBJ_1009,0.9379,,False
2026-04-02 18:15:00,OBJ_1005,0.8061,,False
2026-04-01 20:45:00,OBJ_1001,0.0,,False
2026-04-01 05:00:00,OBJ_1005,0.8169,,False
2026-04-02 09:45:00,OBJ_1006,3.029,,False
2026-04-02 07:30:00,OBJ_1014,3.0208,,False
2026-04-02 18:15:00,OBJ_1012,13.5647,,False
2026-04-03 12:45:00,OBJ_1011,-1.3002,,False
2026-04-01 19:15:00,OBJ_1001,0.6765,,False
2026-04-03 04:15:00,OBJ_1007,5.2005,,False
2026-04-02 23:15:00,OBJ_1006,0.0,,False
2026-04-02 04:15:00,OBJ_1007,5.4091,,False
2026-04-03 11:15:00,OBJ_1007,3.0351,,False
2026-04-03 09:30:00,OBJ_1008,12.0715,,False
2026-04-03 08:00:00,OBJ_1014,2.212,,False
2026-04-01 08:15:00,OBJ_1012,16.4517,,False
2026-04-01 00:00:00,OBJ_1001,0.0,,False
2026-04-03 03:00:00,OBJ_1008,3.652,,False
2026-04-03 03:45:00,OBJ_1008,4.2247,,False
2026-04-01 03:15:00,OBJ_1006,0.0,,False
2026-04-02 14:15:00,OBJ_1008,12.577,,False
2026-04-03 18:45:00,OBJ_1014,3.3943,,False
2026-04-03 21:30:00,OBJ_1008,12.3851,,False
2026-04-01 01:30:00,OBJ_1009,0.0,,False
2026-04-03 12:45:00,OBJ_1006,3.9294,,False
2026-04-03 22:15:00,OBJ_1009,0.0,,False
2026-04-01 11:00:00,OBJ_1005,-0.9676,,False
2026-04-02 05:15:00,OBJ_1010,5.8402,,False
2026-04-02 17:30:00,OBJ_1008,11.2292,,False
2026-04-02 22:15:00,OBJ_1009,0.0,,False
2026-04-03 20:00:00,OBJ_1010,4.42,,False
2026-04-02 17:30:00,OBJ_1012,17.2605,,False
2026-04-03 05:15:00,OBJ_1007,5.4279,,False
2026-04-03 18:15:00,OBJ_1002,7.5812,,False
2026-04-03 23:30:00,OBJ_1001,0.0,,False
2026-04-01 07:15:00,OBJ_1006,1.2104,,False
2026-04-01 21:45:00,OBJ_1008,12.7009,,False
2026-04-02 13:30:00,OBJ_1002,5.7253,,False
2026-04-02 11:00:00,OBJ_1014,2.0572,,False
2026-04-03 14:30:00,OBJ_1009,5.3722,,False
2026-04-03 03:00:00,OBJ_1014,3.0526,,False
2026-04-01 20:30:00,OBJ_1014,2.2959,,False
2026-04-02 23:00:00,OBJ_1011,1.0328,,False
2026-04-01 04:30:00,OBJ_1011,1.1406,,False
2026-04-02 01:45:00,OBJ_1009,0.0,,False
2026-04-02 06:45:00,OBJ_1005,0.6554,,False
2026-04-01 22:15:00,OBJ_1010,3.0526,,False
2026-04-02 05:45:00,OBJ_1007,4.802,,False
2026-04-02 21:45:00,OBJ_1001,0.0,,False
2026-04-01 06:45:00,OBJ_1012,4.6165,,False
2026-04-01 15:15:00,OBJ_1009,5.2101,,False
2026-04-02 22:00:00,OBJ_1009,0.0,,False
2026-04-02 19:30:00,OBJ_1011,1.2079,,False
2026-04-02 23:00:00,OBJ_1005,0.7878,,False
2026-04-01 14:30:00,OBJ_1007,4.7445,,False
2026-04-03 11:45:00,OBJ_1009,5.7261,,False
2026-04-01 01:00:00,OBJ_1006,0.0,,False
2026-04-01 05:00:00,OBJ_1006,0.0,,False
2026-04-03 09:00:00,OBJ_1005,0.8062,,False
2026-04-03 21:45:00,OBJ_1005,0.9363,,False
2026-04-01 13:45:00,OBJ_1006,3.8329,,False
2026-04-02 11:45:00,OBJ_1006,4.1816,,False
2026-04-03 11:30:00,OBJ_1012,17.9213,,False
2026-04-03 13:45:00,OBJ_1002,5.9042,,False
2026-04-02 08:00:00,OBJ_1011,1.2986,,False
2026-04-03 22:45:00,OBJ_1014,1.5043,,False
2026-04-01 23:00:00,OBJ_1009,0.0,,False
2026-04-03 17:45:00,OBJ_1011,1.1129,,False
2026-04-02 16:15:00,OBJ_1002,6.9647,,False
2026-04-01 08:45:00,OBJ_1008,13.0626,,False
2026-04-03 09:30:00,OBJ_1005,0.8265,,False
2026-04-03 17:15:00,OBJ_1011,1.133,,False
2026-04-03 00:15:00,OBJ_1006,0.0,,False
2026-04-02 07:15:00,OBJ_1014,2.6639,,False
2026-04-03 14:15:00,OBJ_1007,4.841,,False
2026-04-01 20:45:00,OBJ_1007,3.6797,,False
2026-04-03 04:30:00,OBJ_1007,4.7026,,False
2026-04-03 05:30:00,OBJ_1010,6.2809,,False
2026-04-03 00:45:00,OBJ_1007,3.0426,,False
2026-04-03 15:00:00,OBJ_1007,5.2243,,False
2026-04-01 01:00:00,OBJ_1009,0.0,,False
2026-04-02 05:15:00,OBJ_1001,0.0,,False
2026-04-03 12:45:00,OBJ_1012,12.7616,,False
2026-04-02 00:15:00,OBJ_1007,3.3969,,False
2026-04-01 05:45:00,OBJ_1009,0.0,,False
2026-04-01 04:15:00,OBJ_1002,6.6984,,False
2026-04-02 17:00:00,OBJ_1002,6.4061,,False
2026-04-02 14:15:00,OBJ_1002,7.084,,False
2026-04-01 10:30:00,OBJ_1001,3.394,,False
2026-04-02 21:15:00,OBJ_1011,1.0811,,False
2026-04-02 20:45:00,OBJ_1012,12.0939,,False
2026-04-01 12:00:00,OBJ_1010,4.6311,,False
2026-04-01 02:30:00,OBJ_1011,1.2654,,False
2026-04-03 08:45:00,OBJ_1010,4.1522,,False
2026-04-03 21:45:00,OBJ_1010,3.5844,,False
2026-04-02 11:15:00,OBJ_1007,2.9897,,False
2026-04-03 08:45:00,OBJ_1009,3.2519,,False
2026-04-01 16:45:00,OBJ_1008,10.4841,,False
2026-04-02 16:45:00,OBJ_1002,7.7607,,False
2026-04-03 15:00:00,OBJ_1009,5.0554,,False
2026-04-03 04:45:00,OBJ_1012,4.0211,,False
2026-04-02 20:45:00,OBJ_1011,1.4303,,False
2026-04-03 06:45:00,OBJ_1014,3.1823,,False
2026-04-02 14:30:00,OBJ_1014,2.7899,,False
2026-04-01 09:30:00,OBJ_1009,3.9209,,False
2026-04-01 14:45:00,OBJ_1006,4.1207,,False
2026-04-01 05:15:00,OBJ_1012,4.8384,,False
2026-04-01 12:15:00,OBJ_1006,3.8429,,False
2026-04-01 10:30:00,OBJ_1002,3.0817,,False
2026-04-01 15:30:00,OBJ_1002,6.3084,,False
2026-04-03 12:15:00,OBJ_1009,5.3746,,False
2026-04-02 15:15:00,OBJ_1001,3.7739,,False
2026-04-02 20:30:00,OBJ_1001,0.0,,False
2026-04-02 11:45:00,OBJ_1009,5.7363,,False
2026-04-02 01:15:00,OBJ_1005,0.6897,,False
2026-04-02 18:15:00,OBJ_1014,2.8963,,False
2026-04-02 13:15:00,OBJ_1001,4.1334,,False
2026-04-02 13:15:00,OBJ_1005,-0.8992,,False
2026-04-03 17:30:00,OBJ_1007,5.498,,False
2026-04-03 21:30:00,OBJ_1006,0.0,,False
2026-04-03 19:00:00,OBJ_1007,4.3543,,False
2026-04-02 10:30:00,OBJ_1011,-1.3571,,False
2026-04-01 08:30:00,OBJ_1009,3.058,,False
2026-04-02 00:45:00,OBJ_1012,5.1729,,False
2026-04-03 09:45:00,OBJ_1008,12.0987,,False
2026-04-02 16:30:00,OBJ_1014,3.4053,,False
2026-04-02 09:15:00,OBJ_1002,3.8676,,False
2026-04-02 06:30:00,OBJ_1007,5.1394,,False
2026-04-01 15:45:00,OBJ_1008,10.9131,,False
2026-04-03 12:00:00,OBJ_1014,2.4451,,False
2026-04-03 13:45:00,OBJ_1001,3.9851,,False
2026-04-01 12:45:00,OBJ_1008,9.4749,,False
2026-04-01 00:45:00,OBJ_1009,0.0,,False
2026-04-03 19:15:00,OBJ_1007,4.655,,False
2026-04-01 08:45:00,OBJ_1007,3.737,,False
2026-04-03 18:15:00,OBJ_1006,1.5436,,False
2026-04-02 15:30:00,OBJ_1009,5.0198,,False
2026-04-02 05:00:00,OBJ_1007,4.223,,False
2026-04-03 15:00:00,OBJ_1001,4.0389,,False
2026-04-02 09:30:00,OBJ_1002,4.7052,,False
2026-04-02 03:00:00,OBJ_1005,0.8838,,False
2026-04-03 17:15:00,OBJ_1005,0.9128,,False
2026-04-01 16:15:00,OBJ_1001,2.8926,,False
2026-04-01 09:15:00,OBJ_1002,4.497,,False
2026-04-01 04:30:00,OBJ_1010,5.6232,,False
2026-04-02 19:00:00,OBJ_1012,16.5284,,False
2026-04-02 00:30:00,OBJ_1006,0.0,,False
2026-04-02 03:30:00,OBJ_1005,0.9624,,False
2026-04-02 18:30:00,OBJ_1001,1.4314,,False
2026-04-01 21:30:00,OBJ_1001,0.0,,False
2026-04-03 11:45:00,OBJ_1014,1.769,,False
2026-04-01 23:45:00,OBJ_1006,0.0,,False
2026-04-01 09:15:00,OBJ_1010,3.3,,False
2026-04-01 06:45:00,OBJ_1014,3.4903,,False
2026-04-03 17:30:00,OBJ_1011,1.4844,,False
2026-04-01 08:15:00,OBJ_1008,9.0076,,False
2026-04-01 13:45:00,OBJ_1008,12.113,,False
2026-04-02 21:45:00,OBJ_1014,2.1035,,False
2026-04-03 14:15:00,OBJ_1002,6.6673,,False
2026-04-03 05:15:00,OBJ_1011,1.0241,,False
2026-04-01 10:15:00,OBJ_1002,3.2256,,False
2026-04-01 08:15:00,OBJ_1002,5.1602,,False
2026-04-03 21:45:00,OBJ_1011,1.429,,False
2026-04-01 01:00:00,OBJ_1011,1.0602,,False
2026-04-01 00:15:00,OBJ_1001,0.0,duplicate_timeseries_key,True
2026-04-01 21:45:00,OBJ_1006,0.0,,False
2026-04-02 06:45:00,OBJ_1002,7.4242,,False
2026-04-02 20:30:00,OBJ_1014,2.2689,,False
2026-04-03 16:00:00,OBJ_1005,0.7618,,False
2026-04-01 19:15:00,OBJ_1006,0.7393,,False
2026-04-02 22:00:00,OBJ_1012,5.8445,,False
2026-04-03 03:00:00,OBJ_1002,6.4392,,False
2026-04-01 03:30:00,OBJ_1010,6.2076,,False
2026-04-01 14:45:00,OBJ_1010,4.9308,,False
2026-04-02 03:15:00,OBJ_1014,3.3007,,False
2026-04-02 14:00:00,OBJ_1009,5.4575,,False
2026-04-02 09:15:00,OBJ_1006,2.9489,,False
2026-04-01 18:45:00,OBJ_1002,5.9316,,False
2026-04-03 00:30:00,OBJ_1011,1.4941,,False
2026-04-02 00:15:00,OBJ_1014,2.5485,,False
2026-04-01 18:30:00,OBJ_1007,4.8759,,False
2026-04-03 23:00:00,OBJ_1007,2.8466,,False
2026-04-01 18:15:00,OBJ_1014,3.3099,,False
2026-04-02 22:15:00,OBJ_1006,0.0,,False
2026-04-01 09:45:00,OBJ_1009,3.8365,,False
2026-04-01 10:30:00,OBJ_1007,1.9998,,False
2026-04-03 23:00:00,OBJ_1006,0.0,,False
2026-04-03 21:00:00,OBJ_1011,1.0025,,False
2026-04-03 09:30:00,OBJ_1001,2.8659,,False
2026-04-03 23:00:00,OBJ_1014,1.6479,,False
2026-04-01 09:45:00,OBJ_1001,3.2397,,False
2026-04-02 14:45:00,OBJ_1014,3.241,,False
2026-04-01 12:45:00,OBJ_1001,4.0687,,False
2026-04-03 17:00:00,OBJ_1014,3.6005,,False
2026-04-03 08:15:00,OBJ_1008,10.2649,,False
2026-04-03 09:45:00,OBJ_1012,17.5964,,False
2026-04-02 01:00:00,OBJ_1008,4.3021,,False
2026-04-03 19:15:00,OBJ_1001,0.7186,,False
2026-04-03 23:00:00,OBJ_1012,5.3873,,False
2026-04-01 09:15:00,OBJ_1009,3.5331,,False
2026-04-03 13:30:00,OBJ_1007,3.6295,,False
2026-04-02 15:00:00,OBJ_1010,6.7819,,False
2026-04-02 04:00:00,OBJ_1002,8.1136,,False
2026-04-01 00:45:00,OBJ_1008,4.2926,,False
2026-04-03 10:30:00,OBJ_1010,2.9191,,False
2026-04-03 15:45:00,OBJ_1006,3.5797,,False
2026-04-03 16:30:00,OBJ_1012,15.4433,,False
2026-04-01 19:00:00,OBJ_1008,12.1172,,False
2026-04-01 14:15:00,OBJ_1001,3.8159,,False
2026-04-03 17:15:00,OBJ_1006,2.3537,,False
2026-04-02 20:00:00,OBJ_1010,5.0537,,False
2026-04-01 23:30:00,OBJ_1002,4.4841,,False
2026-04-03 02:45:00,OBJ_1011,1.4869,,False
2026-04-01 11:30:00,OBJ_1001,3.6968,,False
2026-04-02 11:15:00,OBJ_1009,5.1724,,False
2026-04-02 17:15:00,OBJ_1007,4.2555,,False
2026-04-02 14:45:00,OBJ_1005,-0.9197,,False
2026-04-01 10:45:00,OBJ_1002,3.175,,False
2026-04-03 16:00:00,OBJ_1012,12.0717,,False
2026-04-01 04:15:00,OBJ_1014,2.9357,,False
2026-04-01 01:45:00,OBJ_1006,0.0,,False
2026-04-03 12:45:00,OBJ_1007,3.888,,False
2026-04-03 23:00:00,OBJ_1001,0.0,,False
2026-04-03 13:30:00,OBJ_1008,13.1902,,False
2026-04-01 04:15:00,OBJ_1012,5.1007,,False
2026-04-03 23:00:00,OBJ_1008,3.0562,,False
2026-04-01 04:30:00,OBJ_1002,8.0544,,False
2026-04-03 10:00:00,OBJ_1001,3.336,,False
2026-04-03 01:45:00,OBJ_1002,6.4364,,False
2026-04-01 23:45:00,OBJ_1005,0.8015,,False
2026-04-03 11:30:00,OBJ_1007,2.4552,,False
2026-04-02 10:45:00,OBJ_1010,3.016,,False
2026-04-01 03:15:00,OBJ_1014,3.3074,,False
2026-04-03 12:30:00,OBJ_1005,-1.1386,,False
2026-04-03 22:45:00,OBJ_1002,3.1697,,False
2026-04-02 10:00:00,OBJ_1008,13.2876,,False
2026-04-01 11:15:00,OBJ_1012,12.1626,,False
2026-04-01 15:30:00,OBJ_1014,3.4671,,False
2026-04-02 22:45:00,OBJ_1012,5.0256,,False
2026-04-03 06:45:00,OBJ_1009,0.9501,,False
2026-04-01 02:00:00,OBJ_1002,5.865,,False
2026-04-01 19:30:00,OBJ_1010,5.594,,False
2026-04-01 12:00:00,OBJ_1012,15.6435,,False
2026-04-01 20:45:00,OBJ_1008,12.0499,,False
2026-04-01 21:15:00,OBJ_1001,0.0,,False
2026-04-01 01:45:00,OBJ_1002,5.6426,,False
2026-04-03 20:00:00,OBJ_1002,6.0503,,False
2026-04-01 15:15:00,OBJ_1007,4.9367,,False
2026-04-03 22:30:00,OBJ_1012,5.2461,,False
2026-04-02 09:15:00,OBJ_1011,1.1977,,False
2026-04-02 21:30:00,OBJ_1008,13.1021,,False
2026-04-03 20:30:00,OBJ_1012,12.9426,,False
2026-04-01 12:15:00,OBJ_1012,16.2901,,False
2026-04-03 15:45:00,OBJ_1011,1.2081,,False
2026-04-03 20:00:00,OBJ_1007,3.4336,,False
2026-04-02 07:15:00,OBJ_1011,1.3748,,False
2026-04-03 00:45:00,OBJ_1002,5.3904,,False
2026-04-03 07:30:00,OBJ_1001,1.3008,,False
2026-04-03 00:15:00,OBJ_1011,0.9642,,False
2026-04-02 18:15:00,OBJ_1011,1.0488,,False
2026-04-02 03:00:00,OBJ_1006,0.0,,False
2026-04-02 03:45:00,OBJ_1001,0.0,,False
2026-04-01 04:15:00,OBJ_1001,0.0,,False
2026-04-01 06:00:00,OBJ_1006,0.0,,False
2026-04-01 15:30:00,OBJ_1005,0.6011,,False
2026-04-02 04:15:00,OBJ_1014,3.649,,False
2026-04-03 06:45:00,OBJ_1005,0.7673,,False
2026-04-02 22:45:00,OBJ_1007,2.3366,,False
2026-04-02 11:30:00,OBJ_1012,15.854,,False
2026-04-01 09:30:00,OBJ_1005,0.7658,,False
2026-04-01 12:00:00,OBJ_1001,3.7425,,False
2026-04-02 05:00:00,OBJ_1005,0.9157,,False
2026-04-01 02:15:00,OBJ_9999,0.0,,False
2026-04-03 16:30:00,OBJ_1005,0.6515,,False
2026-04-01 21:00:00,OBJ_1005,0.7763,,False
2026-04-01 23:00:00,OBJ_1010,3.7123,,False
2026-04-03 10:15:00,OBJ_1006,3.244,,False
2026-04-01 00:15:00,OBJ_1008,3.3307,,False
2026-04-03 14:45:00,OBJ_1014,2.9752,,False
2026-04-01 01:30:00,OBJ_1010,4.7739,,False
2026-04-01 17:30:00,OBJ_1014,3.6289,,False
2026-04-03 01:15:00,OBJ_1011,1.4769,,False
2026-04-02 05:45:00,OBJ_1014,3.5709,,False
2026-04-01 01:15:00,OBJ_1005,0.8917,,False
2026-04-02 10:30:00,OBJ_1014,1.4663,,False
2026-04-01 18:30:00,OBJ_1005,0.9102,,False
2026-04-03 01:30:00,OBJ_1011,1.099,,False
2026-04-01 03:30:00,OBJ_1001,0.0,,False
2026-04-03 20:15:00,OBJ_1007,3.3726,,False
2026-04-02 11:30:00,OBJ_1011,-1.7834,,False
2026-04-02 20:15:00,OBJ_1011,1.1087,,False
2026-04-02 15:45:00,OBJ_1011,1.1126,,False
2026-04-02 13:30:00,OBJ_1005,-1.1052,,False
2026-04-02 15:45:00,OBJ_1012,16.6319,,False
2026-04-03 10:45:00,OBJ_1012,16.1194,,False
2026-04-02 16:15:00,OBJ_1008,10.2306,,False
2026-04-03 09:00:00,OBJ_1011,0.9015,,False
2026-04-01 12:00:00,OBJ_1005,-0.8505,,False
2026-04-01 08:00:00,OBJ_1011,1.3371,,False
2026-04-02 21:30:00,OBJ_1006,0.0,,False
2026-04-01 14:30:00,OBJ_1014,3.0607,,False
2026-04-03 05:30:00,OBJ_1009,0.0,,False
2026-04-01 15:30:00,OBJ_1011,1.3218,,False
2026-04-01 19:15:00,OBJ_1014,2.7832,,False
2026-04-02 01:15:00,OBJ_1012,5.6903,,False
2026-04-02 18:00:00,OBJ_1006,1.735,,False
2026-04-01 00:15:00,OBJ_1011,0.9039,,False
2026-04-01 05:15:00,OBJ_1009,0.0,,False
2026-04-03 21:00:00,OBJ_1008,11.701,,False
2026-04-02 05:00:00,OBJ_1010,5.6545,,False
2026-04-01 16:15:00,OBJ_1012,17.7047,,False
2026-04-03 10:30:00,OBJ_1014,1.6989,,False
2026-04-02 06:45:00,OBJ_1012,5.7023,,False
2026-04-02 21:15:00,OBJ_1009,0.0,,False
2026-04-01 07:30:00,OBJ_1002,5.7767,,False
2026-04-01 16:45:00,OBJ_1002,7.0296,,False
2026-04-03 18:30:00,OBJ_1008,10.4561,,False
2026-04-02 05:15:00,OBJ_1011,1.257,,False
2026-04-01 13:15:00,OBJ_1006,4.1322,,False
2026-04-02 18:30:00,OBJ_1007,3.9211,,False
2026-04-03 05:00:00,OBJ_1001,0.0,,False
2026-04-02 14:00:00,OBJ_1007,4.5813,,False
2026-04-02 07:45:00,OBJ_1009,2.2251,,False
2026-04-01 18:30:00,OBJ_1009,1.9256,,False
2026-04-01 12:45:00,OBJ_1002,5.1724,,False
2026-04-01 14:00:00,OBJ_1002,6.4111,,False
2026-04-01 05:00:00,OBJ_1002,7.395,,False
2026-04-02 14:15:00,OBJ_1012,13.1943,,False
2026-04-03 23:00:00,OBJ_1005,0.7532,,False
2026-04-03 01:15:00,OBJ_1006,0.0,,False
2026-04-02 11:30:00,OBJ_1002,3.9154,,False
2026-04-03 22:30:00,OBJ_1001,0.0,,False
2026-04-01 11:00:00,OBJ_1009,4.7738,,False
2026-04-02 22:30:00,OBJ_1006,0.0,,False
2026-04-01 18:00:00,OBJ_1007,4.4465,,False
2026-04-02 19:45:00,OBJ_1012,12.3826,,False
2026-04-01 06:30:00,OBJ_1008,4.1567,,False
2026-04-03 09:45:00,OBJ_1002,4.2598,,False
2026-04-03 06:00:00,OBJ_1001,0.0,,False
2026-04-03 06:15:00,OBJ_1006,0.2244,,False
2026-04-03 11:00:00,OBJ_1005,-1.101,,False
2026-04-01 04:45:00,OBJ_1014,3.1726,,False
2026-04-02 19:45:00,OBJ_1005,0.8893,,False
2026-04-01 10:45:00,OBJ_1012,14.1106,,False
2026-04-02 19:00:00,OBJ_1010,4.7426,,False
2026-04-02 03:15:00,OBJ_1008,3.5937,,False
2026-04-03 06:30:00,OBJ_1001,0.4922,,False
2026-04-02 00:15:00,OBJ_1001,0.0,,False
2026-04-02 10:30:00,OBJ_1007,2.3119,,False
2026-04-02 06:45:00,OBJ_1007,4.7411,,False
2026-04-02 15:00:00,OBJ_1009,4.9798,,False
2026-04-02 04:30:00,OBJ_1006,0.0,,False
2026-04-03 21:15:00,OBJ_1002,4.0952,,False
2026-04-01 20:45:00,OBJ_1002,5.4984,,False
2026-04-02 09:00:00,OBJ_1006,2.8011,,False
2026-04-03 22:00:00,OBJ_1005,0.8008,,False
2026-04-01 08:15:00,OBJ_1005,0.8306,,False
2026-04-03 12:45:00,OBJ_1010,4.5744,,False
2026-04-02 07:00:00,OBJ_1014,2.4746,,False
2026-04-03 15:15:00,OBJ_1002,7.7972,,False
2026-04-01 17:00:00,OBJ_1002,6.8482,,False
2026-04-03 04:00:00,OBJ_1002,7.454,,False
2026-04-03 19:30:00,OBJ_1001,0.5014,,False
2026-04-01 01:45:00,OBJ_9999,0.0,,False
2026-04-03 20:45:00,OBJ_1012,15.4306,,False
2026-04-01 11:45:00,OBJ_1010,3.6005,,False
2026-04-02 19:45:00,OBJ_1006,0.2295,,False
2026-04-01 09:00:00,OBJ_1006,2.5805,,False
2026-04-02 03:15:00,OBJ_1007,4.8195,,False
2026-04-01 16:45:00,OBJ_1007,5.4,,False
2026-04-03 03:45:00,OBJ_1012,5.1845,,False
2026-04-03 13:00:00,OBJ_1012,12.4624,,False
2026-04-01 15:45:00,OBJ_1006,3.4835,,False
2026-04-02 03:45:00,OBJ_1011,1.4545,,False
2026-04-02 23:00:00,OBJ_1012,4.2918,,False
2026-04-02 09:15:00,OBJ_1008,13.0259,,False
2026-04-03 14:30:00,OBJ_1002,6.4411,,False
2026-04-02 20:15:00,OBJ_1002,5.8987,,False
2026-04-03 11:15:00,OBJ_1010,3.4683,,False
2026-04-03 01:45:00,OBJ_1001,0.0,,False
2026-04-03 15:45:00,OBJ_1009,4.3416,,False
2026-04-01 20:30:00,OBJ_1011,1.198,,False
2026-04-03 18:15:00,OBJ_1009,2.0318,,False
2026-04-03 19:30:00,OBJ_1008,12.354,,False
2026-04-02 07:45:00,OBJ_1011,0.9665,,False
2026-04-01 17:30:00,OBJ_1010,6.7371,,False
2026-04-01 01:30:00,OBJ_1003,1.7996,,False
2026-04-03 17:45:00,OBJ_1010,6.5382,,False
2026-04-03 06:15:00,OBJ_1002,6.496,,False
2026-04-01 03:15:00,OBJ_1002,7.0224,,False
2026-04-03 20:30:00,OBJ_1006,0.0,,False
2026-04-02 12:00:00,OBJ_1009,5.7574,,False
2026-04-02 13:30:00,OBJ_1010,4.3541,,False
2026-04-02 14:45:00,OBJ_1012,14.2101,,False
2026-04-02 00:00:00,OBJ_1009,0.0,,False
2026-04-02 03:30:00,OBJ_1001,0.0,,False
2026-04-02 22:15:00,OBJ_1005,0.6762,,False
2026-04-03 13:00:00,OBJ_1001,4.0064,,False
2026-04-01 02:15:00,OBJ_1008,3.4002,,False
2026-04-03 19:00:00,OBJ_1009,1.2925,,False
2026-04-01 13:00:00,OBJ_1002,6.8534,,False
2026-04-03 15:15:00,OBJ_1008,10.2238,,False
2026-04-02 05:45:00,OBJ_1001,0.0,,False
2026-04-03 13:15:00,OBJ_1014,2.4113,,False
2026-04-02 13:30:00,OBJ_1008,11.2444,,False
2026-04-03 07:45:00,OBJ_1007,3.6574,,False
2026-04-01 05:15:00,OBJ_1002,7.4278,,False
2026-04-01 22:15:00,OBJ_1008,4.0057,,False
2026-04-03 00:00:00,OBJ_1009,0.0,,False
2026-04-01 13:45:00,OBJ_1012,15.1855,,False
2026-04-01 17:30:00,OBJ_1002,6.6928,,False
2026-04-02 03:45:00,OBJ_1005,0.6709,,False
2026-04-01 00:45:00,OBJ_1001,,duplicate_timeseries_key,True
2026-04-03 18:00:00,OBJ_1011,1.2382,,False
2026-04-03 13:00:00,OBJ_1006,3.8448,,False
2026-04-02 00:15:00,OBJ_1005,0.9979,,False
2026-04-02 01:45:00,OBJ_1002,6.6882,,False
2026-04-02 06:15:00,OBJ_1001,0.2207,,False
2026-04-03 11:30:00,OBJ_1008,11.2481,,False
2026-04-02 01:30:00,OBJ_1014,2.6456,,False
2026-04-02 07:15:00,OBJ_1005,0.9978,,False
2026-04-01 05:45:00,OBJ_1011,1.4276,,False
2026-04-02 20:45:00,OBJ_1007,3.1634,,False
2026-04-01 10:00:00,OBJ_1005,-1.0382,,False
2026-04-03 15:30:00,OBJ_1012,12.9457,,False
2026-04-02 03:45:00,OBJ_1002,7.4991,,False
2026-04-02 02:15:00,OBJ_1005,0.7093,,False
2026-04-03 08:30:00,OBJ_1011,1.4202,,False
2026-04-03 07:15:00,OBJ_1002,6.5157,,False
2026-04-03 23:45:00,OBJ_1007,3.0503,,False
2026-04-03 04:15:00,OBJ_1001,0.0,,False
2026-04-02 10:45:00,OBJ_1006,3.6379,,False
2026-04-03 13:30:00,OBJ_1010,5.1169,,False
2026-04-02 23:30:00,OBJ_1008,4.1925,,False
2026-04-01 00:30:00,OBJ_1011,1.3843,,False
2026-04-01 09:30:00,OBJ_1002,3.8037,,False
2026-04-03 06:15:00,OBJ_1010,5.8544,,False
2026-04-02 12:45:00,OBJ_1012,14.6376,,False
2026-04-03 10:00:00,OBJ_1005,-0.9487,,False
2026-04-03 00:15:00,OBJ_1012,4.1926,,False
2026-04-03 15:00:00,OBJ_1002,6.3286,,False
2026-04-02 04:00:00,OBJ_1008,3.6633,,False
2026-04-02 19:15:00,OBJ_1011,1.2436,,False
2026-04-01 20:15:00,OBJ_1005,0.9381,,False
2026-04-01 23:15:00,OBJ_1012,5.3221,,False
2026-04-02 18:30:00,OBJ_1014,3.0484,,False
2026-04-02 08:15:00,OBJ_1012,13.5219,,False
2026-04-02 11:00:00,OBJ_1005,-0.939,,False
2026-04-02 15:15:00,OBJ_1011,0.9189,,False
2026-04-02 01:30:00,OBJ_1008,4.2442,,False
2026-04-03 11:45:00,OBJ_1006,3.9125,,False
2026-04-03 18:00:00,OBJ_1002,7.0165,,False
2026-04-03 18:15:00,OBJ_1007,4.5448,,False
2026-04-02 04:15:00,OBJ_1011,1.1776,,False
2026-04-03 08:30:00,OBJ_1008,12.5356,,False
2026-04-01 23:15:00,OBJ_1014,1.6408,,False
2026-04-01 20:45:00,OBJ_1006,0.0,,False
2026-04-01 00:45:00,OBJ_1002,4.9844,,False
2026-04-03 07:45:00,OBJ_1012,14.6984,,False
2026-04-01 16:00:00,OBJ_1008,9.5596,,False
2026-04-01 00:45:00,OBJ_1003,1.7542,,False
2026-04-01 12:15:00,OBJ_1005,-1.1859,,False
2026-04-02 20:00:00,OBJ_1008,12.4604,,False
2026-04-01 00:45:00,OBJ_1006,0.0,,False
2026-04-03 15:30:00,OBJ_1001,3.3327,,False
2026-04-03 23:15:00,OBJ_1011,1.0818,,False
2026-04-01 01:45:00,OBJ_1008,3.8769,,False
2026-04-02 23:45:00,OBJ_1002,3.6189,,False
2026-04-02 14:00:00,OBJ_1008,9.8759,,False
2026-04-03 12:30:00,OBJ_1009,5.4734,,False
2026-04-02 01:00:00,OBJ_1005,0.7414,,False
2026-04-01 19:00:00,OBJ_1014,2.7394,,False
2026-04-03 15:00:00,OBJ_1006,3.5274,,False
2026-04-01 20:45:00,OBJ_1012,15.7695,,False
2026-04-03 12:15:00,OBJ_1001,3.9556,,False
2026-04-01 20:30:00,OBJ_1007,3.7456,,False
2026-04-01 19:45:00,OBJ_1011,1.4477,,False
2026-04-03 05:15:00,OBJ_1001,0.0,,False
2026-04-01 15:00:00,OBJ_1010,5.5145,,False
2026-04-01 04:30:00,OBJ_1008,3.2495,,False
2026-04-02 11:45:00,OBJ_1014,1.6942,,False
2026-04-01 02:30:00,OBJ_1005,0.8002,,False
2026-04-02 02:30:00,OBJ_1002,6.9279,,False
2026-04-01 08:15:00,OBJ_1010,4.4949,,False
2026-04-03 16:00:00,OBJ_1008,10.1243,,False
2026-04-03 21:30:00,OBJ_1012,15.2487,,False
2026-04-02 00:00:00,OBJ_1006,0.0,,False
2026-04-01 15:00:00,OBJ_1012,14.7031,,False
2026-04-02 08:00:00,OBJ_1005,0.6968,,False
2026-04-02 08:30:00,OBJ_1005,0.8932,,False
2026-04-03 03:15:00,OBJ_1006,0.0,,False
2026-04-03 06:30:00,OBJ_1008,3.9217,,False
