timestamp,object_id,forecast_mwh,dq_flags,has_dq_issue
2026-04-01 18:15:00,OBJ_1011,1.3813,,False
2026-04-02 12:30:00,OBJ_1010,5.0375,,False
2026-04-02 04:15:00,OBJ_1012,5.2409,,False
2026-04-03 11:00:00,OBJ_1001,3.7256,,False
2026-04-01 11:15:00,OBJ_1007,3.0532,,False
2026-04-03 14:15:00,OBJ_1012,12.7289,,False
2026-04-01 02:15:00,OBJ_1014,2.9693,,False
2026-04-02 13:15:00,OBJ_1014,2.9314,,False
2026-04-01 09:30:00,OBJ_1004,1.1509,,False
2026-04-01 10:45:00,OBJ_1010,2.8084,,False
2026-04-02 15:00:00,OBJ_1001,3.9561,,False
2026-04-02 05:15:00,OBJ_1009,0.0,,False
2026-04-02 11:15:00,OBJ_1014,1.7067,,False
2026-04-01 04:30:00,OBJ_1002,7.368,,False
2026-04-03 10:30:00,OBJ_1005,-1.1478,,False
2026-04-01 05:45:00,OBJ_1006,0.0,,False
2026-04-02 07:45:00,OBJ_1002,6.158,,False
2026-04-03 14:15:00,OBJ_1005,-1.1045,,False
2026-04-03 03:30:00,OBJ_1007,4.6274,,False
2026-04-02 19:00:00,OBJ_1011,1.0904,,False
2026-04-01 13:00:00,OBJ_1011,-1.521,,False
2026-04-01 16:00:00,OBJ_1001,3.0442,,False
2026-04-01 03:00:00,OBJ_1002,7.4331,,False
2026-04-01 18:00:00,OBJ_1006,1.668,,False
2026-04-02 17:00:00,OBJ_1004,1.3003,,False
2026-04-02 11:30:00,OBJ_1012,13.1235,,False
2026-04-03 09:30:00,OBJ_1008,8.8921,,False
2026-04-01 12:00:00,OBJ_1001,3.8185,,False
2026-04-03 15:30:00,OBJ_1005,0.9283,,False
2026-04-02 20:45:00,OBJ_1007,3.3879,,False
2026-04-03 10:15:00,OBJ_1012,14.1642,,False
2026-04-02 18:30:00,OBJ_1011,1.0459,,False
2026-04-02 01:30:00,OBJ_1014,2.3394,,False
2026-04-02 11:00:00,OBJ_1009,5.2657,,False
2026-04-01 10:30:00,OBJ_1005,-1.1654,,False
2026-04-03 08:30:00,OBJ_1002,4.6342,,False
2026-04-01 17:00:00,OBJ_1007,4.653,,False
2026-04-03 04:00:00,OBJ_1004,1.1418,,False
2026-04-01 02:15:00,OBJ_1009,0.0,,False
2026-04-01 01:00:00,OBJ_1011,1.1959,,False
2026-04-02 05:30:00,OBJ_1012,4.1816,,False
2026-04-03 01:45:00,OBJ_1014,2.4615,,False
2026-04-02 11:00:00,OBJ_1014,1.6915,,False
2026-04-03 10:30:00,OBJ_1011,-1.5533,,False
2026-04-01 08:00:00,OBJ_1009,2.318,,False
2026-04-02 14:00:00,OBJ_1014,3.4673,,False
2026-04-02 09:45:00,OBJ_1004,1.2368,,False
2026-04-03 17:15:00,OBJ_1006,2.3308,,False
2026-04-03 11:15:00,OBJ_1007,2.6331,,False
2026-04-01 18:45:00,OBJ_1002,6.3085,,False
2026-04-03 09:45:00,OBJ_1006,2.9929,,False
2026-04-03 13:30:00,OBJ_1006,3.7906,,False
2026-04-01 11:00:00,OBJ_1014,1.9147,,False
2026-04-02 17:15:00,OBJ_1004,1.0798,,False
2026-04-01 14:45:00,OBJ_1006,3.5557,,False
2026-04-02 04:45:00,OBJ_1007,4.6321,,False
2026-04-03 21:45:00,OBJ_1007,2.9202,,False
2026-04-01 13:45:00,OBJ_1004,1.3354,,False
2026-04-02 21:45:00,OBJ_1008,10.2142,,False
2026-04-01 12:15:00,OBJ_1012,16.321,,False
2026-04-01 10:45:00,OBJ_1005,-0.764,,False
2026-04-03 09:15:00,OBJ_1014,1.7687,,False
2026-04-02 00:00:00,OBJ_1012,5.9073,,False
2026-04-03 09:00:00,OBJ_1010,3.209,,False
2026-04-02 15:45:00,OBJ_1004,1.0855,,False
2026-04-03 09:30:00,OBJ_1006,3.208,,False
2026-04-02 05:30:00,OBJ_1008,3.9509,,False
2026-04-02 00:30:00,OBJ_1002,5.1584,,False
2026-04-02 11:15:00,OBJ_1008,11.4514,,False
2026-04-01 01:45:00,OBJ_1008,3.6221,,False
2026-04-02 04:00:00,OBJ_1004,0.9724,,False
2026-04-03 23:00:00,OBJ_1011,1.4886,,False
2026-04-02 02:45:00,OBJ_1006,0.0,,False
2026-04-02 21:15:00,OBJ_1006,0.0,,False
2026-04-03 21:00:00,OBJ_1008,9.0057,,False
2026-04-02 04:00:00,OBJ_1008,3.3931,,False
2026-04-03 02:30:00,OBJ_1006,0.0,,False
2026-04-01 12:30:00,OBJ_1009,5.4837,,False
2026-04-03 07:30:00,OBJ_1007,4.9759,,False
2026-04-02 11:45:00,OBJ_1002,4.24,,False
2026-04-01 01:30:00,OBJ_1008,3.4464,,False
2026-04-01 13:15:00,OBJ_1014,3.1652,,False
2026-04-03 07:00:00,OBJ_1011,1.3434,,False
2026-04-01 04:30:00,OBJ_1014,2.961,,False
2026-04-02 03:30:00,OBJ_1004,1.3489,,False
2026-04-01 20:00:00,OBJ_1009,0.0,,False
2026-04-03 08:00:00,OBJ_1011,0.9356,,False
2026-04-02 22:00:00,OBJ_1006,0.0,,False
2026-04-03 01:45:00,OBJ_1012,4.702,,False
2026-04-03 01:00:00,OBJ_1010,5.8178,,False
2026-04-03 22:45:00,OBJ_1008,3.1385,,False
2026-04-02 18:15:00,OBJ_1005,0.5888,,False
2026-04-03 12:15:00,OBJ_1002,5.9684,,False
2026-04-02 01:15:00,OBJ_1002,6.336,,False
2026-04-01 05:45:00,OBJ_1002,6.1535,,False
2026-04-02 23:15:00,OBJ_1014,1.8976,,False
2026-04-03 21:30:00,OBJ_1009,0.0,,False
2026-04-02 12:30:00,OBJ_1007,3.6124,,False
2026-04-03 11:45:00,OBJ_1007,2.7989,,False
2026-04-01 10:30:00,OBJ_1010,2.6069,,False
2026-04-02 00:45:00,OBJ_1005,0.723,,False
2026-04-03 19:30:00,OBJ_1010,5.4318,,False
2026-04-03 05:00:00,OBJ_1012,4.906,,False
2026-04-03 21:45:00,OBJ_1012,17.0289,,False
2026-04-02 01:15:00,OBJ_1004,1.1599,,False
2026-04-01 05:00:00,OBJ_1006,0.0,,False
2026-04-01 12:30:00,OBJ_1004,1.1633,,False
2026-04-02 22:00:00,OBJ_1010,2.6439,,False
2026-04-02 22:30:00,OBJ_1012,5.5697,,False
2026-04-02 21:45:00,OBJ_1007,2.4138,,False
2026-04-01 00:45:00,OBJ_1005,0.6913,,False
2026-04-02 04:45:00,OBJ_1012,4.868,,False
2026-04-02 22:30:00,OBJ_1004,1.1928,,False
2026-04-03 15:15:00,OBJ_1006,3.7299,,False
2026-04-03 04:00:00,OBJ_1010,6.5754,,False
2026-04-02 13:30:00,OBJ_1004,1.3387,,False
2026-04-01 03:30:00,OBJ_1012,4.3991,,False
2026-04-01 06:00:00,OBJ_1008,3.7923,,False
2026-04-01 12:15:00,OBJ_1008,10.7818,,False
2026-04-01 11:00:00,OBJ_1004,1.2482,,False
2026-04-02 20:30:00,OBJ_1001,0.0,,False
2026-04-01 09:45:00,OBJ_1012,11.9651,,False
2026-04-01 09:45:00,OBJ_1008,12.8258,,False
2026-04-01 02:45:00,OBJ_1004,1.1722,,False
2026-04-02 19:00:00,OBJ_1002,7.3046,,False
2026-04-02 03:00:00,OBJ_1008,4.2997,,False
2026-04-02 01:30:00,OBJ_1011,1.3418,,False
2026-04-03 21:00:00,OBJ_1014,1.7513,,False
2026-04-03 00:00:00,OBJ_1010,4.394,,False
2026-04-03 19:00:00,OBJ_1001,0.9786,,False
2026-04-01 09:45:00,OBJ_1014,1.7071,,False
2026-04-02 19:45:00,OBJ_1007,3.9665,,False
2026-04-01 02:30:00,OBJ_1004,1.274,,False
2026-04-03 15:00:00,OBJ_1014,3.8081,,False
2026-04-02 18:45:00,OBJ_1005,0.5584,,False
2026-04-01 06:45:00,OBJ_1001,0.821,,False
2026-04-03 05:00:00,OBJ_1014,3.8329,,False
2026-04-02 02:30:00,OBJ_1005,0.9484,,False
2026-04-03 11:00:00,OBJ_1014,1.8847,,False
2026-04-01 17:30:00,OBJ_1009,3.1083,,False
2026-04-02 12:15:00,OBJ_1004,1.0134,,False
2026-04-02 12:15:00,OBJ_1001,4.39,,False
2026-04-03 22:45:00,OBJ_1005,0.8743,,False
2026-04-02 13:00:00,OBJ_1008,12.1309,,False
2026-04-03 05:00:00,OBJ_1007,5.1816,,False
2026-04-02 20:30:00,OBJ_1006,0.0,,False
2026-04-02 11:00:00,OBJ_1005,-1.1321,,False
2026-04-02 00:15:00,OBJ_1006,0.0,,False
2026-04-03 20:15:00,OBJ_1014,2.4215,,False
2026-04-02 07:30:00,OBJ_1012,12.5469,,False
2026-04-02 06:45:00,OBJ_1002,8.0087,,False
2026-04-03 05:15:00,OBJ_1007,4.6195,,False
2026-04-03 23:30:00,OBJ_1010,3.1004,,False
2026-04-02 20:45:00,OBJ_1008,11.3233,,False
2026-04-02 10:00:00,OBJ_1010,2.9556,,False
2026-04-02 10:00:00,OBJ_1012,13.0538,,False
2026-04-03 08:30:00,OBJ_1005,0.8719,,False
2026-04-03 23:30:00,OBJ_1014,1.7897,,False
2026-04-02 00:45:00,OBJ_1009,0.0,,False
2026-04-02 12:15:00,OBJ_1008,11.1999,,False
2026-04-03 18:30:00,OBJ_1014,2.6867,,False
2026-04-02 09:45:00,OBJ_1012,12.7597,,False
2026-04-02 16:15:00,OBJ_1004,1.017,,False
2026-04-02 20:45:00,OBJ_1004,1.0711,,False
2026-04-01 13:15:00,OBJ_1004,1.1742,,False
2026-04-01 08:00:00,OBJ_1005,0.6763,,False
2026-04-02 10:15:00,OBJ_1008,11.5245,,False
2026-04-02 20:15:00,OBJ_1004,1.2134,,False
2026-04-01 01:15:00,OBJ_1001,0.0,,False
2026-04-03 00:15:00,OBJ_1002,6.2197,,False
2026-04-01 09:15:00,OBJ_1001,2.6491,,False
2026-04-02 03:45:00,OBJ_1005,0.7649,,False
2026-04-01 20:15:00,OBJ_1014,2.4986,,False
2026-04-01 07:45:00,OBJ_1012,17.2469,,False
2026-04-03 21:30:00,OBJ_1005,1.0627,,False
2026-04-03 10:15:00,OBJ_1014,1.2696,,False
2026-04-03 11:00:00,OBJ_1012,19.6214,,False
2026-04-02 16:15:00,OBJ_1009,4.5255,,False
2026-04-02 08:00:00,OBJ_1014,2.7123,,False
2026-04-01 03:30:00,OBJ_1004,1.33,,False
2026-04-01 00:00:00,OBJ_1012,6.2997,,False
2026-04-01 05:30:00,OBJ_1007,5.2799,,False
2026-04-03 00:15:00,OBJ_1014,2.4876,,False
2026-04-02 04:00:00,OBJ_1002,7.1521,,False
2026-04-01 02:00:00,OBJ_1014,3.1863,,False
2026-04-01 13:30:00,OBJ_1007,4.0907,,False
2026-04-03 06:30:00,OBJ_1007,4.5627,,False
2026-04-01 01:15:00,OBJ_1004,1.1534,,False
2026-04-03 22:00:00,OBJ_1008,4.1641,,False
2026-04-01 18:45:00,OBJ_1014,3.1007,,False
2026-04-03 23:45:00,OBJ_1010,3.8373,,False
2026-04-03 16:15:00,OBJ_1012,13.497,,False
2026-04-03 10:15:00,OBJ_1004,1.0718,,False
2026-04-03 06:45:00,OBJ_1009,0.9452,,False
2026-04-03 07:45:00,OBJ_1006,1.6426,,False
2026-04-03 17:45:00,OBJ_1004,1.1024,,False
2026-04-03 17:45:00,OBJ_1001,2.0392,,False
2026-04-02 14:45:00,OBJ_1008,9.6479,,False
2026-04-03 20:15:00,OBJ_1012,13.1756,,False
2026-04-02 10:30:00,OBJ_1004,1.0243,,False
2026-04-02 06:30:00,OBJ_1009,0.6386,,False
2026-04-01 13:45:00,OBJ_1002,5.5272,,False
2026-04-03 16:45:00,OBJ_1002,7.666,,False
2026-04-01 19:00:00,OBJ_1004,1.1767,,False
2026-04-01 08:30:00,OBJ_1011,0.9665,,False
2026-04-01 01:00:00,OBJ_1003,1.8255,,False
2026-04-02 17:15:00,OBJ_1007,3.8127,,False
2026-04-03 23:30:00,OBJ_1006,0.0,,False
2026-04-02 20:00:00,OBJ_1001,0.0,,False
2026-04-01 01:00:00,OBJ_1014,2.6661,,False
2026-04-01 16:30:00,OBJ_1014,3.3756,,False
2026-04-02 02:45:00,OBJ_1004,1.3109,,False
2026-04-03 11:15:00,OBJ_1011,-1.297,,False
2026-04-02 22:45:00,OBJ_1014,1.4482,,False
2026-04-01 17:45:00,OBJ_1014,3.2958,,False
2026-04-03 14:15:00,OBJ_1002,6.8258,,False
2026-04-03 15:45:00,OBJ_1012,18.6992,,False
2026-04-01 05:00:00,OBJ_1012,4.7575,,False
2026-04-01 02:45:00,OBJ_1005,0.789,,False
2026-04-02 08:45:00,OBJ_1014,2.4373,,False
2026-04-03 03:45:00,OBJ_1011,1.1035,,False
2026-04-03 01:15:00,OBJ_1006,0.0,,False
2026-04-01 17:45:00,OBJ_1004,1.2622,,False
2026-04-03 07:30:00,OBJ_1002,5.7975,,False
2026-04-02 20:15:00,OBJ_1008,11.6655,,False
2026-04-02 22:30:00,OBJ_1014,1.2846,,False
2026-04-01 21:30:00,OBJ_1012,11.3133,,False
2026-04-03 13:45:00,OBJ_1001,4.0473,,False
2026-04-02 12:00:00,OBJ_1012,17.3915,,False
2026-04-02 01:00:00,OBJ_1007,4.5638,,False
2026-04-02 08:15:00,OBJ_1001,1.84,,False
2026-04-02 20:30:00,OBJ_1012,13.8996,,False
2026-04-02 02:30:00,OBJ_1012,5.8111,,False
2026-04-01 17:30:00,OBJ_1010,5.8512,,False
2026-04-01 15:45:00,OBJ_1008,10.3501,,False
2026-04-01 14:30:00,OBJ_1006,3.7506,,False
2026-04-03 14:00:00,OBJ_1011,-1.214,,False
2026-04-02 11:15:00,OBJ_1005,-0.8023,,False
2026-04-01 05:15:00,OBJ_1014,2.9381,,False
2026-04-01 09:45:00,OBJ_1005,0.6536,,False
2026-04-03 13:00:00,OBJ_1002,5.0647,,False
2026-04-03 20:15:00,OBJ_1001,0.0,,False
2026-04-02 10:15:00,OBJ_1001,3.6479,,False
2026-04-02 22:30:00,OBJ_1008,4.0811,,False
2026-04-02 11:45:00,OBJ_1006,3.6156,,False
2026-04-01 03:45:00,OBJ_1009,0.0,,False
2026-04-03 13:45:00,OBJ_1010,4.6708,,False
2026-04-03 21:45:00,OBJ_1002,4.2704,,False
2026-04-02 03:00:00,OBJ_1009,0.0,,False
2026-04-01 21:30:00,OBJ_1011,1.2691,,False
2026-04-01 10:00:00,OBJ_1009,4.465,,False
2026-04-01 23:30:00,OBJ_1014,1.6192,,False
2026-04-01 08:30:00,OBJ_1002,4.8895,,False
2026-04-02 00:45:00,OBJ_1010,4.9663,,False
2026-04-02 22:00:00,OBJ_1011,1.166,,False
2026-04-03 05:00:00,OBJ_1002,6.3118,,False
2026-04-02 05:30:00,OBJ_1001,0.0,,False
2026-04-03 14:00:00,OBJ_1007,4.6197,,False
2026-04-03 19:45:00,OBJ_1007,4.5152,,False
2026-04-02 09:15:00,OBJ_1014,1.7743,,False
2026-04-03 13:00:00,OBJ_1007,4.5917,,False
2026-04-02 20:00:00,OBJ_1005,0.7348,,False
2026-04-02 18:45:00,OBJ_1011,1.1207,,False
2026-04-01 06:15:00,OBJ_1012,4.2735,,False
2026-04-01 16:00:00,OBJ_1009,3.7858,,False
2026-04-02 20:30:00,OBJ_1004,1.0986,,False
2026-04-02 02:00:00,OBJ_1011,1.0649,,False
2026-04-03 07:15:00,OBJ_1001,1.0799,,False
2026-04-02 13:00:00,OBJ_1004,1.1484,,False
2026-04-03 04:00:00,OBJ_1006,0.0,,False
2026-04-02 13:15:00,OBJ_1010,4.96,,False
2026-04-01 18:45:00,OBJ_1011,1.4144,,False
2026-04-03 00:30:00,OBJ_1012,4.9535,,False
2026-04-02 18:30:00,OBJ_1006,1.5288,,False
2026-04-03 15:30:00,OBJ_1009,5.4337,,False
2026-04-01 08:45:00,OBJ_1009,3.4325,,False
2026-04-03 17:15:00,OBJ_1011,1.1447,,False
2026-04-01 18:00:00,OBJ_1009,2.2705,,False
2026-04-03 22:00:00,OBJ_1007,2.2767,,False
2026-04-02 08:15:00,OBJ_1009,2.4785,,False
2026-04-01 23:45:00,OBJ_1008,2.8021,,False
2026-04-03 18:45:00,OBJ_1006,1.0887,,False
2026-04-02 23:00:00,OBJ_1011,1.3946,,False
2026-04-03 06:30:00,OBJ_1011,0.9892,,False
2026-04-03 02:00:00,OBJ_1004,0.9584,,False
2026-04-02 04:30:00,OBJ_1010,5.3386,,False
2026-04-03 01:30:00,OBJ_1005,0.6132,,False
2026-04-02 22:15:00,OBJ_1012,5.1475,,False
2026-04-03 23:15:00,OBJ_1004,0.9823,,False
2026-04-03 02:45:00,OBJ_1002,7.4871,,False
2026-04-02 04:00:00,OBJ_1009,0.0,,False
2026-04-03 22:15:00,OBJ_1010,2.654,,False
2026-04-02 17:30:00,OBJ_1011,1.4686,,False
2026-04-03 23:00:00,OBJ_1012,5.6331,,False
2026-04-01 22:30:00,OBJ_1008,3.2406,,False
2026-04-02 16:15:00,OBJ_1001,2.7761,,False
2026-04-01 14:15:00,OBJ_1005,-0.8563,,False
2026-04-01 01:00:00,OBJ_1007,3.9846,duplicate_timeseries_key,True
2026-04-03 03:45:00,OBJ_1004,1.1282,,False
2026-04-01 18:45:00,OBJ_1007,3.8545,,False
2026-04-01 22:00:00,OBJ_1010,2.7232,,False
2026-04-02 08:30:00,OBJ_1010,4.3499,,False
2026-04-03 19:15:00,OBJ_1009,1.0158,,False
2026-04-01 06:15:00,OBJ_1001,0.2184,,False
2026-04-01 20:30:00,OBJ_1012,17.2451,,False
2026-04-03 11:15:00,OBJ_1005,-1.1033,,False
2026-04-03 04:15:00,OBJ_1008,3.2032,,False
2026-04-01 07:15:00,OBJ_1014,2.7005,,False
2026-04-01 13:00:00,OBJ_1008,10.4052,,False
2026-04-01 02:15:00,OBJ_1005,0.9129,,False
2026-04-03 02:00:00,OBJ_1006,0.0,,False
2026-04-01 20:30:00,OBJ_1006,0.0,,False
2026-04-03 14:45:00,OBJ_1006,3.6902,,False
2026-04-02 01:45:00,OBJ_1012,3.7401,,False
2026-04-01 13:15:00,OBJ_1001,4.8098,,False
2026-04-01 00:15:00,OBJ_1010,4.9173,,False
2026-04-01 07:15:00,OBJ_1005,0.7977,,False
2026-04-03 04:30:00,OBJ_1014,3.2952,,False
2026-04-03 13:30:00,OBJ_1005,-0.9798,,False
2026-04-02 13:15:00,OBJ_1001,3.7334,,False
2026-04-01 01:15:00,OBJ_1011,1.1051,,False
2026-04-02 06:45:00,OBJ_1009,1.0857,,False
2026-04-03 09:30:00,OBJ_1010,3.657,,False
2026-04-01 13:15:00,OBJ_1007,3.8768,,False
2026-04-01 23:15:00,OBJ_1011,1.2837,,False
2026-04-02 00:30:00,OBJ_1011,1.0803,,False
2026-04-01 08:45:00,OBJ_1011,0.9731,,False
2026-04-02 05:30:00,OBJ_1006,0.0,,False
2026-04-03 18:45:00,OBJ_1009,1.7141,,False
2026-04-01 17:30:00,OBJ_1004,1.2121,,False
2026-04-01 23:30:00,OBJ_1001,0.0,,False
2026-04-03 05:15:00,OBJ_1014,3.3913,,False
2026-04-02 15:15:00,OBJ_1012,11.2837,,False
2026-04-03 19:00:00,OBJ_1004,1.1452,,False
2026-04-03 12:30:00,OBJ_1011,-1.3045,,False
2026-04-01 22:45:00,OBJ_1012,4.8469,,False
2026-04-02 04:30:00,OBJ_1008,3.799,,False
2026-04-03 23:15:00,OBJ_1002,4.3615,,False
2026-04-03 12:15:00,OBJ_1010,4.5032,,False
2026-04-02 10:45:00,OBJ_1010,2.488,,False
2026-04-01 08:30:00,OBJ_1007,3.7325,,False
2026-04-01 09:30:00,OBJ_1009,3.8559,,False
2026-04-02 11:45:00,OBJ_1008,9.2098,,False
2026-04-01 14:45:00,OBJ_1002,6.8578,,False
2026-04-02 00:45:00,OBJ_1004,1.1858,,False
2026-04-03 20:30:00,OBJ_1012,14.615,,False
2026-04-03 16:45:00,OBJ_1005,0.8286,,False
2026-04-03 01:30:00,OBJ_1008,4.6546,,False
2026-04-03 07:15:00,OBJ_1012,15.6079,,False
2026-04-03 04:30:00,OBJ_1002,6.6142,,False
2026-04-02 03:45:00,OBJ_1004,1.0119,,False
2026-04-01 20:30:00,OBJ_1011,1.2832,,False
2026-04-01 11:00:00,OBJ_1008,10.2969,,False
2026-04-01 19:30:00,OBJ_1005,0.9387,,False
2026-04-02 19:45:00,OBJ_1014,2.59,,False
2026-04-01 09:30:00,OBJ_1014,2.1946,,False
2026-04-02 08:30:00,OBJ_1002,4.4495,,False
2026-04-03 10:00:00,OBJ_1014,1.377,,False
2026-04-01 09:15:00,OBJ_1009,3.3031,,False
2026-04-02 19:00:00,OBJ_1009,1.0932,,False
2026-04-01 07:30:00,OBJ_1007,4.2093,,False
2026-04-03 07:45:00,OBJ_1002,5.694,,False
2026-04-01 19:15:00,OBJ_1014,2.9182,,False
2026-04-02 02:30:00,OBJ_1006,0.0,,False
2026-04-03 07:30:00,OBJ_1011,1.0601,,False
2026-04-02 18:15:00,OBJ_1004,1.0751,,False
2026-04-03 08:30:00,OBJ_1012,15.2318,,False
2026-04-03 11:45:00,OBJ_1010,3.5093,,False
2026-04-01 19:00:00,OBJ_1008,12.8547,,False
2026-04-02 00:45:00,OBJ_1006,0.0,,False
2026-04-01 17:30:00,OBJ_1002,8.7396,,False
2026-04-03 18:00:00,OBJ_1012,17.7693,,False
2026-04-03 16:30:00,OBJ_1008,10.5183,,False
2026-04-01 18:00:00,OBJ_1002,7.0234,,False
2026-04-03 13:15:00,OBJ_1014,2.5331,,False
2026-04-02 18:45:00,OBJ_1006,1.1363,,False
2026-04-01 19:15:00,OBJ_1009,0.8883,,False
2026-04-02 00:00:00,OBJ_1004,1.133,,False
2026-04-03 19:00:00,OBJ_1014,2.5596,,False
2026-04-01 08:15:00,OBJ_1010,4.6441,,False
2026-04-02 18:30:00,OBJ_1001,1.3605,,False
2026-04-03 19:45:00,OBJ_1011,1.2788,,False
2026-04-01 17:00:00,OBJ_1010,6.0473,,False
2026-04-02 06:00:00,OBJ_1014,2.6559,,False
2026-04-03 17:15:00,OBJ_1010,6.6459,,False
2026-04-01 22:15:00,OBJ_1014,1.4266,,False
2026-04-02 07:30:00,OBJ_1001,1.4109,,False
2026-04-02 23:15:00,OBJ_1011,1.3993,,False
2026-04-01 22:45:00,OBJ_1008,3.7682,,False
2026-04-03 19:15:00,OBJ_1002,6.2692,,False
2026-04-01 11:00:00,OBJ_1002,3.7926,,False
2026-04-02 02:30:00,OBJ_1008,4.1466,,False
2026-04-01 07:30:00,OBJ_1014,2.4761,,False
2026-04-02 01:15:00,OBJ_1008,3.9733,,False
2026-04-01 12:00:00,OBJ_1011,-1.768,,False
2026-04-01 15:30:00,OBJ_1004,1.248,,False
2026-04-02 22:30:00,OBJ_1010,2.3659,,False
2026-04-03 21:45:00,OBJ_1009,0.0,,False
2026-04-03 12:30:00,OBJ_1006,4.3576,,False
2026-04-02 18:30:00,OBJ_1012,19.207,,False
2026-04-02 12:30:00,OBJ_1001,3.9907,,False
2026-04-01 23:00:00,OBJ_1004,1.16,,False
2026-04-03 21:15:00,OBJ_1004,1.1174,,False
2026-04-03 23:30:00,OBJ_1005,0.6017,,False
2026-04-01 18:00:00,OBJ_1008,9.9069,,False
2026-04-02 01:30:00,OBJ_1012,4.6291,,False
2026-04-03 01:30:00,OBJ_1014,2.5812,,False
2026-04-03 03:15:00,OBJ_1007,4.8802,,False
2026-04-03 00:00:00,OBJ_1008,4.2117,,False
2026-04-02 18:45:00,OBJ_1010,5.419,,False
2026-04-01 07:30:00,OBJ_1010,5.0582,,False
2026-04-03 14:30:00,OBJ_1002,5.7355,,False
2026-04-02 10:30:00,OBJ_1007,2.5987,,False
2026-04-01 10:15:00,OBJ_1005,-0.9599,,False
2026-04-01 21:00:00,OBJ_1002,4.0198,,False
2026-04-03 10:00:00,OBJ_1011,-1.5529,,False
2026-04-01 15:15:00,OBJ_1002,7.8097,,False
2026-04-02 22:15:00,OBJ_1005,0.7278,,False
2026-04-03 22:30:00,OBJ_1008,3.7924,,False
2026-04-02 02:00:00,OBJ_1007,4.9343,,False
2026-04-03 15:15:00,OBJ_1002,7.0115,,False
2026-04-02 04:00:00,OBJ_1005,0.8212,,False
2026-04-02 11:00:00,OBJ_1006,4.1835,,False
2026-04-01 16:00:00,OBJ_1011,1.209,,False
2026-04-03 18:00:00,OBJ_1005,0.9563,,False
2026-04-01 22:30:00,OBJ_1014,1.2678,,False
2026-04-03 07:30:00,OBJ_1005,0.6023,,False
2026-04-01 15:00:00,OBJ_1005,0.7563,,False
2026-04-01 01:15:00,OBJ_1006,0.0,,False
2026-04-03 18:00:00,OBJ_1008,12.4139,,False
2026-04-01 08:45:00,OBJ_1010,4.4749,,False
2026-04-03 10:15:00,OBJ_1011,-1.4449,,False
2026-04-03 02:15:00,OBJ_1001,0.0,,False
2026-04-01 21:15:00,OBJ_1014,2.1996,,False
2026-04-01 12:00:00,OBJ_1014,2.4679,,False
2026-04-03 21:30:00,OBJ_1008,9.2419,,False
2026-04-02 21:15:00,OBJ_1008,11.9379,,False
2026-04-02 02:45:00,OBJ_1008,3.7303,,False
2026-04-03 16:00:00,OBJ_1004,1.1759,,False
2026-04-01 13:45:00,OBJ_1007,4.2438,,False
2026-04-02 19:00:00,OBJ_1010,5.4784,,False
2026-04-03 14:45:00,OBJ_1012,14.0972,,False
2026-04-01 15:15:00,OBJ_1001,3.3607,,False
2026-04-02 16:45:00,OBJ_1012,15.2844,,False
2026-04-02 21:00:00,OBJ_1008,10.9256,,False
2026-04-03 07:15:00,OBJ_1002,5.9412,,False
2026-04-01 00:30:00,OBJ_9999,0.0,,False
2026-04-01 22:00:00,OBJ_1002,2.6984,,False
2026-04-02 03:00:00,OBJ_1006,0.0,,False
2026-04-01 18:30:00,OBJ_1004,1.0171,,False
2026-04-01 06:30:00,OBJ_1007,4.1162,,False
2026-04-03 11:45:00,OBJ_1006,3.3687,,False
2026-04-01 13:00:00,OBJ_1001,4.2178,,False
2026-04-02 10:00:00,OBJ_1005,-0.9191,,False
2026-04-02 07:00:00,OBJ_1011,1.4458,,False
2026-04-03 17:15:00,OBJ_1012,13.6179,,False
2026-04-03 18:15:00,OBJ_1012,12.9679,,False
2026-04-01 19:45:00,OBJ_1008,12.3192,,False
2026-04-01 22:00:00,OBJ_1008,3.8728,,False
2026-04-02 18:15:00,OBJ_1002,6.335,,False
2026-04-02 10:45:00,OBJ_1009,4.6223,,False
2026-04-02 16:30:00,OBJ_1005,0.8359,,False
2026-04-03 18:30:00,OBJ_1007,4.1148,,False
2026-04-02 17:30:00,OBJ_1006,2.2523,,False
2026-04-02 21:15:00,OBJ_1010,3.6977,,False
2026-04-02 08:15:00,OBJ_1007,3.3418,,False
2026-04-02 21:45:00,OBJ_1005,0.7571,,False
2026-04-02 18:45:00,OBJ_1014,2.8568,,False
2026-04-03 21:30:00,OBJ_1014,1.694,,False
2026-04-01 10:45:00,OBJ_1006,3.4432,,False
2026-04-03 20:45:00,OBJ_1014,2.434,,False
2026-04-02 20:00:00,OBJ_1004,1.1199,,False
2026-04-02 12:15:00,OBJ_1012,16.4373,,False
2026-04-02 17:30:00,OBJ_1005,0.7896,,False
2026-04-02 08:00:00,OBJ_1004,1.0882,,False
2026-04-03 01:45:00,OBJ_1008,3.3844,,False
2026-04-01 10:30:00,OBJ_1002,3.4594,,False
2026-04-02 06:30:00,OBJ_1012,4.1414,,False
2026-04-01 18:00:00,OBJ_1014,3.37,,False
2026-04-03 12:00:00,OBJ_1008,12.8792,,False
2026-04-03 06:15:00,OBJ_1012,4.2301,,False
2026-04-01 14:45:00,OBJ_1004,1.173,,False
2026-04-01 08:30:00,OBJ_1001,1.9722,,False
2026-04-02 13:45:00,OBJ_1006,3.8605,,False
2026-04-02 10:45:00,OBJ_1002,3.7631,,False
2026-04-02 14:15:00,OBJ_1012,11.5566,,False
2026-04-02 23:45:00,OBJ_1007,2.5668,,False
2026-04-03 17:15:00,OBJ_1005,0.8483,,False
2026-04-03 07:30:00,OBJ_1004,1.1486,,False
2026-04-02 10:45:00,OBJ_1014,1.4585,,False
2026-04-03 02:15:00,OBJ_1005,0.7506,,False
2026-04-02 21:30:00,OBJ_1014,2.4447,,False
2026-04-01 15:45:00,OBJ_1014,2.8916,,False
2026-04-03 15:15:00,OBJ_1011,0.9976,,False
2026-04-01 07:30:00,OBJ_1004,1.1205,,False
2026-04-01 03:45:00,OBJ_1008,4.3913,,False
2026-04-02 06:45:00,OBJ_1001,0.7032,,False
2026-04-03 18:15:00,OBJ_1004,1.1254,,False
2026-04-01 21:45:00,OBJ_1007,3.0009,,False
2026-04-02 02:30:00,OBJ_1010,6.0312,,False
2026-04-02 10:15:00,OBJ_1011,-1.3116,,False
2026-04-01 02:30:00,OBJ_1008,2.9795,,False
2026-04-01 09:15:00,OBJ_1012,18.5223,,False
2026-04-02 05:45:00,OBJ_1002,8.1496,,False
2026-04-02 11:15:00,OBJ_1004,0.9475,,False
2026-04-03 22:30:00,OBJ_1012,4.9722,,False
2026-04-03 16:15:00,OBJ_1001,3.4856,,False
2026-04-01 20:00:00,OBJ_1010,4.7756,,False
2026-04-03 23:30:00,OBJ_1009,0.0,,False
2026-04-02 20:45:00,OBJ_1011,1.277,,False
2026-04-01 20:15:00,OBJ_1010,4.6948,,False
2026-04-02 14:30:00,OBJ_1006,4.2621,,False
2026-04-03 21:00:00,OBJ_1005,0.9272,,False
2026-04-02 12:00:00,OBJ_1005,-0.9037,,False
2026-04-03 13:15:00,OBJ_1006,4.158,,False
2026-04-01 06:30:00,OBJ_1012,5.4532,,False
2026-04-03 15:00:00,OBJ_1006,3.8658,,False
2026-04-02 21:30:00,OBJ_1001,0.0,,False
2026-04-03 07:45:00,OBJ_1010,4.7141,,False
2026-04-02 21:15:00,OBJ_1007,2.9166,,False
2026-04-01 03:00:00,OBJ_1004,1.3117,,False
2026-04-03 12:45:00,OBJ_1010,4.818,,False
2026-04-02 19:45:00,OBJ_1001,0.2242,,False
2026-04-01 18:45:00,OBJ_1006,1.2172,,False
2026-04-03 03:00:00,OBJ_1012,5.4228,,False
2026-04-03 14:45:00,OBJ_1010,5.8433,,False
2026-04-03 21:30:00,OBJ_1006,0.0,,False
2026-04-02 12:45:00,OBJ_1009,5.5902,,False
2026-04-03 13:00:00,OBJ_1004,1.2501,,False
2026-04-01 06:00:00,OBJ_1014,3.1482,,False
2026-04-01 18:45:00,OBJ_1010,5.5686,,False
2026-04-03 13:15:00,OBJ_1005,-0.9493,,False
2026-04-01 20:45:00,OBJ_1007,3.3611,,False
2026-04-03 01:00:00,OBJ_1012,4.9422,,False
2026-04-03 07:30:00,OBJ_1001,1.2358,,False
2026-04-02 21:30:00,OBJ_1002,4.5142,,False
2026-04-01 22:45:00,OBJ_1011,1.3495,,False
2026-04-01 00:30:00,OBJ_1005,0.8574,,False
2026-04-03 05:30:00,OBJ_1002,7.0495,,False
2026-04-03 10:45:00,OBJ_1011,-1.4583,,False
2026-04-03 00:30:00,OBJ_1009,0.0,,False
2026-04-02 19:45:00,OBJ_1004,1.1163,,False
2026-04-01 16:45:00,OBJ_1011,1.0437,,False
2026-04-01 22:30:00,OBJ_1007,2.2624,,False
2026-04-03 00:00:00,OBJ_1001,0.0,,False
2026-04-02 10:45:00,OBJ_1001,3.6261,,False
2026-04-01 11:30:00,OBJ_1009,4.9698,,False
2026-04-03 07:45:00,OBJ_1011,1.4765,,False
2026-04-01 14:15:00,OBJ_1004,1.3672,,False
2026-04-01 00:30:00,OBJ_1010,4.2038,,False
2026-04-02 22:00:00,OBJ_1005,0.6351,,False
2026-04-02 23:15:00,OBJ_1005,1.0515,,False
2026-04-03 19:45:00,OBJ_1004,1.1226,,False
2026-04-02 02:00:00,OBJ_1001,0.0,,False
2026-04-03 07:30:00,OBJ_1014,2.9672,,False
2026-04-03 13:45:00,OBJ_1008,10.8984,,False
2026-04-01 21:15:00,OBJ_1011,1.2555,,False
2026-04-03 23:15:00,OBJ_1008,4.5457,,False
2026-04-01 19:30:00,OBJ_1006,0.4189,,False
2026-04-01 06:45:00,OBJ_1008,4.378,,False
2026-04-02 13:30:00,OBJ_1012,14.9955,,False
2026-04-03 12:30:00,OBJ_1005,-0.872,,False
2026-04-03 12:45:00,OBJ_1011,-1.4844,,False
2026-04-01 21:45:00,OBJ_1014,1.8763,,False
2026-04-01 09:15:00,OBJ_1011,1.393,,False
2026-04-01 03:00:00,OBJ_1010,5.8439,,False
2026-04-03 05:45:00,OBJ_1002,6.5538,,False
2026-04-02 02:45:00,OBJ_1009,0.0,,False
2026-04-02 01:15:00,OBJ_1005,0.71,,False
2026-04-03 05:45:00,OBJ_1001,0.0,,False
2026-04-01 04:15:00,OBJ_1009,0.0,,False
2026-04-02 11:15:00,OBJ_1007,2.5334,,False
2026-04-02 19:00:00,OBJ_1007,3.6444,,False
2026-04-02 13:00:00,OBJ_1007,3.9442,,False
2026-04-01 03:45:00,OBJ_1005,0.7751,,False
2026-04-02 19:45:00,OBJ_1010,5.8889,,False
2026-04-02 21:15:00,OBJ_1009,0.0,,False
2026-04-03 19:15:00,OBJ_1010,4.9096,,False
2026-04-02 11:30:00,OBJ_1011,-1.8567,,False
2026-04-03 10:45:00,OBJ_1002,3.1332,,False
2026-04-01 15:00:00,OBJ_1004,1.252,,False
2026-04-01 11:15:00,OBJ_1004,1.0603,,False
2026-04-01 11:00:00,OBJ_1012,17.3534,,False
2026-04-03 00:45:00,OBJ_1011,0.9289,,False
2026-04-03 08:15:00,OBJ_1011,1.38,,False
2026-04-01 11:45:00,OBJ_1002,3.9147,,False
2026-04-01 14:45:00,OBJ_1001,3.8354,,False
2026-04-01 17:30:00,OBJ_1001,2.3502,,False
2026-04-02 05:00:00,OBJ_1002,7.1782,,False
2026-04-03 09:00:00,OBJ_1007,2.4838,,False
2026-04-02 02:15:00,OBJ_1010,6.2257,,False
2026-04-01 01:00:00,OBJ_1006,0.0,,False
2026-04-03 17:30:00,OBJ_1007,4.2218,,False
2026-04-01 22:15:00,OBJ_1005,0.6748,,False
2026-04-02 12:30:00,OBJ_1005,-1.2244,,False
2026-04-01 22:00:00,OBJ_1009,0.0,,False
2026-04-02 15:45:00,OBJ_1012,11.2968,,False
2026-04-03 23:00:00,OBJ_1002,3.7707,,False
2026-04-03 05:00:00,OBJ_1001,0.0,,False
2026-04-02 15:30:00,OBJ_1007,5.0387,,False
2026-04-03 21:30:00,OBJ_1002,5.1961,,False
2026-04-01 20:15:00,OBJ_1005,0.6118,,False
2026-04-02 01:00:00,OBJ_1001,0.0,,False
2026-04-03 09:15:00,OBJ_1009,3.7193,,False
2026-04-03 20:45:00,OBJ_1010,4.262,,False
2026-04-01 11:15:00,OBJ_1009,4.992,,False
2026-04-01 04:45:00,OBJ_1010,6.1772,,False
2026-04-03 17:15:00,OBJ_1009,3.2499,,False
2026-04-03 23:45:00,OBJ_1004,0.9346,,False
2026-04-03 07:15:00,OBJ_1005,0.6282,,False
2026-04-02 17:00:00,OBJ_1012,14.0991,,False
2026-04-01 01:45:00,OBJ_1012,3.9711,,False
2026-04-01 09:45:00,OBJ_1011,1.2584,,False
2026-04-01 11:15:00,OBJ_1011,-1.6632,,False
2026-04-03 01:30:00,OBJ_1006,0.0,,False
2026-04-02 22:45:00,OBJ_1007,1.9362,,False
2026-04-01 20:45:00,OBJ_1006,0.0,,False
2026-04-03 10:15:00,OBJ_1007,2.4286,,False
2026-04-01 17:00:00,OBJ_1009,3.655,,False
2026-04-02 02:15:00,OBJ_1009,0.0,,False
2026-04-03 19:30:00,OBJ_1009,0.6372,,False
2026-04-02 23:30:00,OBJ_1014,1.9847,,False
2026-04-03 04:15:00,OBJ_1011,1.5292,,False
2026-04-01 05:45:00,OBJ_1012,5.231,,False
2026-04-01 09:15:00,OBJ_1014,1.771,,False
2026-04-03 14:45:00,OBJ_1009,5.8009,,False
2026-04-01 14:15:00,OBJ_1008,12.0107,,False
2026-04-03 12:15:00,OBJ_1007,3.3389,,False
2026-04-01 09:30:00,OBJ_1006,3.0716,,False
2026-04-02 13:15:00,OBJ_1006,3.8606,,False
2026-04-02 20:30:00,OBJ_1005,0.8165,,False
2026-04-02 18:30:00,OBJ_1005,0.9866,,False
2026-04-03 18:00:00,OBJ_1001,2.1259,,False
2026-04-01 22:30:00,OBJ_1002,2.9878,,False
2026-04-01 20:15:00,OBJ_1006,0.0,,False
2026-04-02 09:00:00,OBJ_1012,17.2076,,False
2026-04-02 00:45:00,OBJ_1007,3.3094,,False
2026-04-03 08:45:00,OBJ_1014,2.374,,False
2026-04-02 02:15:00,OBJ_1008,3.9196,,False
2026-04-03 17:30:00,OBJ_1011,1.4816,,False
2026-04-02 05:30:00,OBJ_1004,1.2039,,False
2026-04-02 04:00:00,OBJ_1006,0.0,,False
2026-04-03 13:00:00,OBJ_1014,2.5846,,False
2026-04-01 20:30:00,OBJ_1004,1.1621,,False
2026-04-03 22:30:00,OBJ_1007,2.2915,,False
2026-04-03 03:30:00,OBJ_1006,0.0,,False
2026-04-03 15:45:00,OBJ_1005,1.0464,,False
2026-04-03 15:45:00,OBJ_1010,4.8088,,False
2026-04-03 04:15:00,OBJ_1004,1.2601,,False
2026-04-03 21:15:00,OBJ_1002,3.7981,,False
2026-04-02 05:45:00,OBJ_1009,0.0,,False
2026-04-03 12:45:00,OBJ_1006,4.8436,,False
2026-04-03 16:00:00,OBJ_1012,17.8394,,False
2026-04-02 07:00:00,OBJ_1014,2.6706,,False
2026-04-02 06:15:00,OBJ_1006,0.2166,,False
2026-04-02 18:00:00,OBJ_1008,11.1423,,False
2026-04-01 23:30:00,OBJ_1004,1.1117,,False
2026-04-01 07:45:00,OBJ_1014,2.9533,,False
2026-04-02 23:15:00,OBJ_1010,4.0589,,False
2026-04-02 20:45:00,OBJ_1009,0.0,,False
2026-04-01 19:30:00,OBJ_1012,14.8905,,False
2026-04-03 20:30:00,OBJ_1011,1.0154,,False
2026-04-02 18:45:00,OBJ_1004,1.2162,,False
2026-04-01 00:30:00,OBJ_1003,1.6056,,False
2026-04-02 19:45:00,OBJ_1009,0.3577,,False
2026-04-01 06:15:00,OBJ_1009,0.3309,,False
2026-04-01 14:15:00,OBJ_1014,3.2149,,False
2026-04-03 16:45:00,OBJ_1009,3.092,,False
2026-04-03 03:45:00,OBJ_1005,0.7957,,False
2026-04-03 19:45:00,OBJ_1006,0.2358,,False
2026-04-02 12:15:00,OBJ_1006,4.5667,,False
2026-04-03 06:15:00,OBJ_1011,1.0264,,False
2026-04-03 09:00:00,OBJ_1001,2.8055,,False
2026-04-03 08:30:00,OBJ_1004,1.0048,,False
2026-04-01 15:15:00,OBJ_1008,12.7575,,False
2026-04-03 01:45:00,OBJ_1006,0.0,,False
2026-04-03 00:15:00,OBJ_1007,3.0545,,False
2026-04-01 09:45:00,OBJ_1006,2.8974,,False
2026-04-03 01:45:00,OBJ_1011,1.216,,False
2026-04-01 20:30:00,OBJ_1001,0.0,,False
2026-04-01 04:00:00,OBJ_1004,1.0133,,False
2026-04-03 09:45:00,OBJ_1004,1.0523,,False
2026-04-01 18:30:00,OBJ_1011,0.9833,,False
2026-04-03 01:30:00,OBJ_1007,4.1267,,False
2026-04-01 16:15:00,OBJ_1007,5.3573,,False
2026-04-01 04:45:00,OBJ_1014,2.9421,,False
2026-04-01 03:15:00,OBJ_1007,5.2673,,False
2026-04-02 13:45:00,OBJ_1007,4.4948,,False
2026-04-01 04:00:00,OBJ_1008,4.3695,,False
2026-04-02 14:45:00,OBJ_1002,6.7709,,False
2026-04-02 03:00:00,OBJ_1010,6.695,,False
2026-04-01 00:15:00,OBJ_1012,4.1356,,False
2026-04-01 12:00:00,OBJ_1012,14.5618,,False
2026-04-02 15:00:00,OBJ_1010,6.9676,,False
2026-04-01 15:30:00,OBJ_1006,3.5098,,False
2026-04-01 00:30:00,OBJ_1006,0.0,,False
2026-04-03 13:15:00,OBJ_1009,5.601,,False
2026-04-03 12:45:00,OBJ_1001,3.7231,,False
2026-04-03 01:30:00,OBJ_1011,1.3269,,False
2026-04-02 05:15:00,OBJ_1014,3.4744,,False
2026-04-02 23:30:00,OBJ_1004,1.1466,,False
2026-04-02 21:00:00,OBJ_1001,0.0,,False
2026-04-02 06:00:00,OBJ_1007,5.0939,,False
2026-04-03 09:00:00,OBJ_1008,10.6334,,False
2026-04-03 16:00:00,OBJ_1010,5.9,,False
2026-04-01 04:45:00,OBJ_1009,0.0,,False
2026-04-02 05:45:00,OBJ_1011,1.3822,,False
2026-04-01 10:30:00,OBJ_1014,1.4556,,False
2026-04-02 17:15:00,OBJ_1010,6.05,,False
2026-04-02 15:45:00,OBJ_1002,6.1938,,False
2026-04-02 06:15:00,OBJ_1002,6.4979,,False
2026-04-01 21:00:00,OBJ_1004,1.1074,,False
2026-04-01 04:30:00,OBJ_1008,3.5118,,False
2026-04-01 19:15:00,OBJ_1002,7.341,,False
2026-04-01 02:30:00,OBJ_9999,0.0,,False
2026-04-01 16:30:00,OBJ_1004,1.0275,,False
2026-04-02 16:00:00,OBJ_1011,1.1687,,False
2026-04-03 20:00:00,OBJ_1007,3.4858,,False
2026-04-01 11:30:00,OBJ_1005,-0.805,,False
2026-04-03 03:45:00,OBJ_1010,5.6515,,False
2026-04-02 12:45:00,OBJ_1002,6.4436,,False
2026-04-02 12:45:00,OBJ_1006,4.8325,,False
2026-04-03 01:15:00,OBJ_1011,1.1628,,False
2026-04-03 14:30:00,OBJ_1010,6.4396,,False
2026-04-02 04:00:00,OBJ_1001,0.0,,False
2026-04-01 11:15:00,OBJ_1012,13.7725,,False
2026-04-02 07:30:00,OBJ_1004,1.0036,,False
2026-04-01 05:15:00,OBJ_1007,5.0876,,False
2026-04-02 10:15:00,OBJ_1014,1.5035,,False
2026-04-01 21:15:00,OBJ_1012,12.8808,,False
2026-04-01 13:00:00,OBJ_1005,-0.8985,,False
2026-04-02 07:15:00,OBJ_1006,1.0992,,False
2026-04-02 06:00:00,OBJ_1005,0.7661,,False
2026-04-01 01:45:00,OBJ_1014,2.5693,,False
2026-04-02 03:15:00,OBJ_1009,0.0,,False
2026-04-01 18:15:00,OBJ_1010,5.771,,False
2026-04-02 11:15:00,OBJ_1006,3.4372,,False
2026-04-01 13:30:00,OBJ_1004,1.3358,,False
2026-04-02 03:45:00,OBJ_1001,0.0,,False
2026-04-01 02:30:00,OBJ_1006,0.0,,False
2026-04-03 18:15:00,OBJ_1005,0.8906,,False
2026-04-03 03:30:00,OBJ_1012,6.1564,,False
2026-04-01 00:00:00,OBJ_1014,2.1847,,False
2026-04-01 05:15:00,OBJ_1004,1.1556,,False
2026-04-02 00:30:00,OBJ_1001,0.0,,False
2026-04-03 15:00:00,OBJ_1011,1.3714,,False
2026-04-02 05:00:00,OBJ_1014,3.187,,False
2026-04-01 20:15:00,OBJ_1001,0.0,,False
2026-04-03 12:00:00,OBJ_1009,5.5305,,False
2026-04-01 04:30:00,OBJ_1004,1.0908,,False
2026-04-02 11:00:00,OBJ_1010,2.9912,,False
2026-04-01 15:15:00,OBJ_1006,3.9986,,False
2026-04-02 09:30:00,OBJ_1010,3.1377,,False
2026-04-02 17:15:00,OBJ_1001,2.6522,,False
2026-04-02 02:45:00,OBJ_1002,7.2018,,False
2026-04-02 14:15:00,OBJ_1006,3.8723,,False
2026-04-03 22:15:00,OBJ_1002,2.7599,,False
2026-04-01 15:45:00,OBJ_1001,3.4706,,False
2026-04-03 02:45:00,OBJ_1012,5.8812,,False
2026-04-01 08:45:00,OBJ_1005,0.8104,,False
2026-04-03 03:00:00,OBJ_1009,0.0,,False
2026-04-01 04:15:00,OBJ_1008,4.0227,,False
2026-04-02 16:45:00,OBJ_1005,0.6416,,False
2026-04-02 06:30:00,OBJ_1011,0.9782,,False
2026-04-03 15:45:00,OBJ_1002,6.9876,,False
2026-04-02 16:00:00,OBJ_1012,13.8228,,False
2026-04-02 00:30:00,OBJ_1007,3.7846,,False
2026-04-03 03:45:00,OBJ_1006,0.0,,False
2026-04-02 03:30:00,OBJ_1006,0.0,,False
2026-04-03 07:00:00,OBJ_1005,0.6405,,False
2026-04-03 03:15:00,OBJ_1002,6.8432,,False
2026-04-01 11:45:00,OBJ_1014,1.6344,,False
2026-04-03 13:00:00,OBJ_1010,4.4784,,False
2026-04-02 09:00:00,OBJ_1002,3.6478,,False
2026-04-01 10:30:00,OBJ_1001,3.3096,,False
2026-04-02 22:00:00,OBJ_1004,1.2142,,False
2026-04-03 17:45:00,OBJ_1014,3.6607,,False
2026-04-01 05:00:00,OBJ_1009,0.0,,False
2026-04-02 23:45:00,OBJ_1006,0.0,,False
2026-04-03 04:30:00,OBJ_1011,1.0934,,False
2026-04-01 16:30:00,OBJ_1001,3.0216,,False
2026-04-01 21:45:00,OBJ_1001,0.0,,False
2026-04-03 23:45:00,OBJ_1012,5.7862,,False
2026-04-02 13:45:00,OBJ_1002,6.6389,,False
2026-04-03 16:00:00,OBJ_1002,7.1719,,False
2026-04-01 04:00:00,OBJ_1011,1.2735,,False
2026-04-03 05:15:00,OBJ_1009,0.0,,False
2026-04-02 14:45:00,OBJ_1012,14.7426,,False
2026-04-02 00:00:00,OBJ_1006,0.0,,False
2026-04-02 16:00:00,OBJ_1001,2.8431,,False
2026-04-01 07:30:00,OBJ_1008,9.839,,False
2026-04-01 12:00:00,OBJ_1002,4.767,,False
2026-04-02 19:15:00,OBJ_1009,0.9796,,False
2026-04-03 21:00:00,OBJ_1009,0.0,,False
2026-04-03 23:00:00,OBJ_1004,1.0458,,False
2026-04-01 08:30:00,OBJ_1006,2.3537,,False
2026-04-03 19:15:00,OBJ_1011,1.03,,False
2026-04-02 06:00:00,OBJ_1004,1.112,,False
2026-04-02 15:45:00,OBJ_1005,0.8118,,False
2026-04-02 19:15:00,OBJ_1008,9.6092,,False
2026-04-03 09:15:00,OBJ_1002,4.1026,,False
2026-04-02 21:00:00,OBJ_1014,1.7921,,False
2026-04-03 20:30:00,OBJ_1006,0.0,,False
2026-04-03 02:30:00,OBJ_1002,5.8346,,False
2026-04-03 12:00:00,OBJ_1006,4.6935,,False
2026-04-03 18:15:00,OBJ_1002,8.0087,,False
2026-04-03 01:45:00,OBJ_1007,4.2504,,False
2026-04-03 01:30:00,OBJ_1012,5.4145,,False
2026-04-01 03:45:00,OBJ_1014,3.0472,,False
2026-04-01 04:00:00,OBJ_1009,0.0,,False
2026-04-02 09:45:00,OBJ_1005,0.8123,,False
2026-04-01 20:45:00,OBJ_1009,0.0,,False
2026-04-01 19:45:00,OBJ_1004,1.2835,,False
2026-04-02 05:30:00,OBJ_1002,7.6058,,False
2026-04-02 20:45:00,OBJ_1012,15.6707,,False
2026-04-01 11:45:00,OBJ_1006,4.0911,,False
2026-04-02 22:00:00,OBJ_1008,4.6392,,False
2026-04-02 16:30:00,OBJ_1007,4.1324,,False
2026-04-02 12:00:00,OBJ_1009,5.1333,,False
2026-04-03 10:30:00,OBJ_1012,14.8012,,False
2026-04-02 12:30:00,OBJ_1002,5.1499,,False
2026-04-03 21:00:00,OBJ_1001,0.0,,False
2026-04-03 12:45:00,OBJ_1014,2.0164,,False
2026-04-02 10:00:00,OBJ_1008,8.2669,,False
2026-04-03 20:00:00,OBJ_1002,5.4779,,False
2026-04-02 07:30:00,OBJ_1005,0.6659,,False
2026-04-01 03:45:00,OBJ_1010,5.2983,,False
2026-04-02 04:30:00,OBJ_1011,1.1419,,False
2026-04-02 23:45:00,OBJ_1004,1.1773,,False
2026-04-03 00:45:00,OBJ_1014,2.9015,,False
2026-04-01 13:00:00,OBJ_1007,4.0463,,False
2026-04-03 01:15:00,OBJ_1005,0.9006,,False
2026-04-01 21:45:00,OBJ_1002,4.0978,,False
2026-04-03 16:00:00,OBJ_1007,4.5462,,False
2026-04-03 04:00:00,OBJ_1014,2.8223,,False
2026-04-03 16:45:00,OBJ_1007,5.0441,,False
2026-04-03 12:00:00,OBJ_1010,4.2916,,False
2026-04-01 06:00:00,OBJ_1002,6.5095,,False
2026-04-03 15:15:00,OBJ_1005,1.0901,,False
2026-04-03 03:30:00,OBJ_1005,0.7513,,False
2026-04-03 05:30:00,OBJ_1012,4.3328,,False
2026-04-02 07:30:00,OBJ_1007,4.4514,,False
2026-04-01 00:15:00,OBJ_1011,1.0767,,False
2026-04-02 03:15:00,OBJ_1006,0.0,,False
2026-04-02 07:15:00,OBJ_1001,1.1413,,False
2026-04-02 05:00:00,OBJ_1005,0.8198,,False
2026-04-02 07:45:00,OBJ_1005,0.912,,False
2026-04-03 13:45:00,OBJ_1006,3.994,,False
2026-04-03 11:15:00,OBJ_1002,4.4362,,False
2026-04-01 23:15:00,OBJ_1004,1.2867,,False
2026-04-01 02:00:00,OBJ_1008,3.814,,False
2026-04-02 04:15:00,OBJ_1007,4.2754,,False
2026-04-01 05:15:00,OBJ_1011,1.3384,,False
2026-04-03 21:30:00,OBJ_1010,3.8317,,False
2026-04-03 06:15:00,OBJ_1009,0.2765,,False
2026-04-02 16:00:00,OBJ_1004,1.1228,,False
2026-04-03 03:00:00,OBJ_1011,1.0656,,False
2026-04-01 23:00:00,OBJ_1011,1.339,,False
2026-04-01 03:00:00,OBJ_1007,4.7786,,False
2026-04-01 13:30:00,OBJ_1012,12.9177,,False
2026-04-02 19:30:00,OBJ_1005,0.6632,,False
2026-04-03 00:45:00,OBJ_1006,0.0,,False
2026-04-01 04:30:00,OBJ_1011,0.9527,,False
2026-04-02 06:00:00,OBJ_1006,0.0,,False
2026-04-01 10:15:00,OBJ_1008,10.2989,,False
2026-04-03 21:00:00,OBJ_1010,3.7343,,False
2026-04-01 05:00:00,OBJ_1001,0.0,,False
2026-04-01 16:30:00,OBJ_1010,5.3208,,False
2026-04-03 09:30:00,OBJ_1009,4.0774,,False
2026-04-01 00:15:00,OBJ_9999,0.0,,False
2026-04-02 18:00:00,OBJ_1009,2.2483,,False
2026-04-02 13:30:00,OBJ_1011,-1.4358,,False
2026-04-02 03:30:00,OBJ_1014,3.1754,,False
2026-04-03 08:00:00,OBJ_1009,2.51,,False
2026-04-02 14:00:00,OBJ_1007,4.941,,False
2026-04-01 08:15:00,OBJ_1006,1.9038,,False
2026-04-02 13:15:00,OBJ_1008,9.1015,,False
2026-04-01 17:45:00,OBJ_1010,6.3444,,False
2026-04-03 19:45:00,OBJ_1001,0.2363,,False
2026-04-01 14:30:00,OBJ_1011,-1.8949,,False
2026-04-03 15:30:00,OBJ_1004,1.1381,,False
2026-04-01 09:30:00,OBJ_1007,3.3468,,False
2026-04-01 04:45:00,OBJ_1002,6.6954,,False
2026-04-03 19:00:00,OBJ_1009,1.1132,,False
2026-04-02 20:15:00,OBJ_1011,1.3745,,False
2026-04-01 07:15:00,OBJ_1011,0.9508,,False
2026-04-02 11:45:00,OBJ_1010,2.9786,,False
2026-04-01 23:00:00,OBJ_1014,1.6127,,False
2026-04-01 23:15:00,OBJ_1008,4.08,,False
2026-04-03 12:45:00,OBJ_1012,14.7611,,False
2026-04-03 20:00:00,OBJ_1011,0.8532,,False
2026-04-02 23:00:00,OBJ_1004,1.1852,,False
2026-04-01 10:00:00,OBJ_1007,2.1141,,False
2026-04-02 17:00:00,OBJ_1006,2.3578,,False
2026-04-03 04:00:00,OBJ_1002,7.4999,,False
2026-04-01 09:00:00,OBJ_1007,3.0323,,False
2026-04-01 03:45:00,OBJ_1002,7.4072,,False
2026-04-03 01:45:00,OBJ_1001,0.0,,False
2026-04-02 15:30:00,OBJ_1008,10.0116,,False
2026-04-03 21:15:00,OBJ_1012,16.8158,,False
2026-04-01 21:00:00,OBJ_1010,3.7213,,False
2026-04-02 18:30:00,OBJ_1014,2.6145,,False
2026-04-01 20:00:00,OBJ_1007,3.0738,,False
2026-04-03 23:45:00,OBJ_1008,3.5596,,False
2026-04-02 19:45:00,OBJ_1012,18.3061,,False
2026-04-01 06:00:00,OBJ_1011,1.1578,,False
2026-04-01 11:00:00,OBJ_1011,-1.3666,,False
2026-04-02 21:15:00,OBJ_1014,2.0529,,False
2026-04-02 11:30:00,OBJ_1001,3.7345,,False
2026-04-02 19:15:00,OBJ_1007,4.608,,False
2026-04-02 02:00:00,OBJ_1002,7.4631,,False
2026-04-03 06:00:00,OBJ_1005,0.8378,,False
2026-04-03 15:00:00,OBJ_1007,4.8326,,False
2026-04-02 07:15:00,OBJ_1009,1.5305,,False
2026-04-03 00:15:00,OBJ_1006,0.0,,False
2026-04-03 04:30:00,OBJ_1009,0.0,,False
2026-04-01 09:00:00,OBJ_1014,1.8043,,False
2026-04-01 00:00:00,OBJ_1006,0.0,,False
2026-04-03 09:00:00,OBJ_1012,11.7796,,False
2026-04-03 22:45:00,OBJ_1001,0.0,,False
2026-04-02 17:45:00,OBJ_1001,1.9453,,False
2026-04-01 22:00:00,OBJ_1007,2.2185,,False
2026-04-03 10:30:00,OBJ_1007,2.409,,False
2026-04-01 10:15:00,OBJ_1012,13.3317,,False
2026-04-02 15:45:00,OBJ_1011,1.2081,,False
2026-04-03 22:15:00,OBJ_1007,2.5061,,False
2026-04-03 12:15:00,OBJ_1006,4.1379,,False
2026-04-02 02:45:00,OBJ_1007,4.4297,,False
2026-04-02 03:00:00,OBJ_1005,0.7,,False
2026-04-01 04:00:00,OBJ_1001,0.0,,False
2026-04-02 08:45:00,OBJ_1006,2.2088,,False
2026-04-03 22:30:00,OBJ_1010,2.6118,,False
2026-04-01 19:45:00,OBJ_1012,12.7012,,False
2026-04-01 03:00:00,OBJ_1008,2.9834,,False
2026-04-01 13:30:00,OBJ_1005,-1.0653,,False
2026-04-01 18:15:00,OBJ_1005,0.8514,,False
2026-04-03 20:15:00,OBJ_1005,0.9974,,False
2026-04-01 14:00:00,OBJ_1010,4.9991,,False
2026-04-02 05:45:00,OBJ_1010,5.8116,,False
2026-04-03 14:45:00,OBJ_1004,1.2066,,False
2026-04-01 23:00:00,OBJ_1002,4.1332,,False
2026-04-01 11:00:00,OBJ_1006,4.0688,,False
2026-04-01 14:00:00,OBJ_1006,4.3366,,False
2026-04-03 16:15:00,OBJ_1011,1.0738,,False
2026-04-02 17:30:00,OBJ_1009,3.0758,,False
2026-04-03 04:30:00,OBJ_1005,0.8065,,False
2026-04-03 01:30:00,OBJ_1002,5.3869,,False
2026-04-03 22:15:00,OBJ_1009,0.0,,False
,OBJ_1002,2.8,malformed_timestamp,True
2026-04-02 23:15:00,OBJ_1012,4.4828,,False
2026-04-02 19:45:00,OBJ_1008,10.5214,,False
2026-04-03 18:00:00,OBJ_1011,1.2295,,False
2026-04-03 22:15:00,OBJ_1008,4.565,,False
2026-04-03 08:00:00,OBJ_1006,1.9362,,False
2026-04-02 08:00:00,OBJ_1005,0.8114,,False
2026-04-01 04:15:00,OBJ_1010,5.284,,False
2026-04-01 07:15:00,OBJ_1002,6.3337,,False
2026-04-01 02:15:00,OBJ_1002,6.7521,,False
2026-04-03 00:00:00,OBJ_1009,0.0,,False
2026-04-01 00:15:00,OBJ_1005,0.8804,,False
2026-04-03 17:30:00,OBJ_1001,2.3835,,False
2026-04-01 17:30:00,OBJ_1012,11.2702,,False
2026-04-03 04:15:00,OBJ_1005,0.8326,,False
2026-04-03 15:15:00,OBJ_1007,4.6294,,False
2026-04-01 04:15:00,OBJ_1014,2.9737,,False
2026-04-03 10:00:00,OBJ_1010,2.9172,,False
2026-04-03 02:45:00,OBJ_1005,0.7197,,False
2026-04-03 00:15:00,OBJ_1009,0.0,,False
2026-04-03 01:00:00,OBJ_1009,0.0,,False
2026-04-02 05:45:00,OBJ_1005,0.8481,,False
2026-04-03 07:00:00,OBJ_1014,2.9203,,False
2026-04-02 15:15:00,OBJ_1008,11.2722,,False
2026-04-01 08:15:00,OBJ_1011,1.4855,,False
2026-04-02 02:30:00,OBJ_1009,0.0,,False
2026-04-01 01:30:00,OBJ_1002,5.2852,,False
2026-04-03 06:45:00,OBJ_1006,0.6878,,False
2026-04-03 00:15:00,OBJ_1005,0.7285,,False
2026-04-03 13:30:00,OBJ_1009,5.8939,,False
2026-04-01 21:00:00,OBJ_1008,11.4362,,False
2026-04-03 10:00:00,OBJ_1009,3.8277,,False
2026-04-03 16:45:00,OBJ_1010,6.3577,,False
2026-04-01 15:00:00,OBJ_1011,1.0575,,False
2026-04-03 16:15:00,OBJ_1010,6.3772,,False
2026-04-02 14:30:00,OBJ_1009,5.2611,,False
2026-04-01 14:15:00,OBJ_1006,3.8128,,False
2026-04-03 02:45:00,OBJ_1008,3.4272,,False
2026-04-03 05:15:00,OBJ_1005,0.7468,,False
2026-04-03 10:45:00,OBJ_1010,2.5034,,False
2026-04-02 02:00:00,OBJ_1006,0.0,,False
2026-04-03 16:00:00,OBJ_1006,3.3293,,False
2026-04-02 15:30:00,OBJ_1001,3.5842,,False
2026-04-01 02:30:00,OBJ_1014,3.5536,,False
2026-04-03 14:00:00,OBJ_1002,5.666,,False
2026-04-03 08:00:00,OBJ_1007,3.6718,,False
2026-04-01 15:45:00,OBJ_1011,0.8513,,False
2026-04-01 04:00:00,OBJ_1006,0.0,,False
2026-04-02 04:00:00,OBJ_1012,6.1795,,False
2026-04-03 00:45:00,OBJ_1004,1.1464,,False
2026-04-01 02:15:00,OBJ_1012,4.8255,,False
2026-04-01 20:45:00,OBJ_1008,9.1148,,False
2026-04-02 09:15:00,OBJ_1005,0.5867,,False
2026-04-03 18:00:00,OBJ_1010,5.2257,,False
2026-04-02 04:30:00,OBJ_1002,8.2703,,False
2026-04-02 23:30:00,OBJ_1001,0.0,,False
2026-04-03 09:15:00,OBJ_1011,0.9786,,False
2026-04-01 08:45:00,OBJ_1004,1.2958,,False
2026-04-02 13:00:00,OBJ_1002,5.5905,,False
2026-04-03 01:45:00,OBJ_1009,0.0,,False
2026-04-01 18:45:00,OBJ_1004,1.1171,,False
2026-04-01 18:15:00,OBJ_1001,1.6265,,False
2026-04-03 12:45:00,OBJ_1002,5.5596,,False
2026-04-01 05:15:00,OBJ_1006,0.0,,False
2026-04-01 05:30:00,OBJ_1014,3.3816,,False
2026-04-02 09:45:00,OBJ_1007,2.3168,,False
2026-04-01 12:15:00,OBJ_1007,3.463,,False
2026-04-03 13:30:00,OBJ_1008,9.3347,,False
2026-04-01 08:45:00,OBJ_1002,6.0287,,False
2026-04-03 04:00:00,OBJ_1005,0.7939,,False
2026-04-03 12:15:00,OBJ_1012,16.0206,,False
2026-04-03 09:45:00,OBJ_1001,2.802,,False
2026-04-01 02:45:00,OBJ_1010,6.1946,,False
2026-04-03 22:00:00,OBJ_1005,0.813,,False
2026-04-02 20:15:00,OBJ_1006,0.0,,False
2026-04-01 08:00:00,OBJ_1004,1.1888,,False
2026-04-01 16:30:00,OBJ_1006,2.7635,,False
2026-04-02 11:30:00,OBJ_1006,4.0647,,False
2026-04-03 07:00:00,OBJ_1004,1.0092,,False
2026-04-01 02:30:00,OBJ_1002,6.9755,,False
2026-04-03 02:15:00,OBJ_1002,6.3866,,False
2026-04-02 06:30:00,OBJ_1004,1.0361,,False
2026-04-01 08:00:00,OBJ_1001,1.7628,,False
2026-04-01 11:30:00,OBJ_1010,3.7093,,False
2026-04-01 00:00:00,OBJ_1004,1.1484,,False
2026-04-01 17:15:00,OBJ_1010,5.4803,,False
2026-04-03 07:15:00,OBJ_1008,11.135,,False
2026-04-02 01:15:00,OBJ_1010,4.8001,,False
2026-04-03 05:15:00,OBJ_1002,5.8328,,False
2026-04-03 03:45:00,OBJ_1014,3.8138,,False
2026-04-02 15:00:00,OBJ_1002,7.9044,,False
2026-04-01 00:30:00,OBJ_1004,0.9932,,False
2026-04-02 04:15:00,OBJ_1004,1.1515,,False
2026-04-01 07:45:00,OBJ_1010,4.5138,,False
2026-04-02 17:15:00,OBJ_1011,1.4792,,False
2026-04-03 02:30:00,OBJ_1009,0.0,,False
2026-04-02 18:15:00,OBJ_1008,10.1392,,False
2026-04-03 10:00:00,OBJ_1005,-1.0063,,False
2026-04-03 04:00:00,OBJ_1008,2.8958,,False
2026-04-03 00:00:00,OBJ_1007,3.8111,,False
2026-04-01 22:00:00,OBJ_1001,0.0,,False
2026-04-02 07:15:00,OBJ_1014,3.2302,,False
2026-04-01 15:15:00,OBJ_1010,6.0486,,False
2026-04-02 08:45:00,OBJ_1008,11.2781,,False
2026-04-03 21:15:00,OBJ_1006,0.0,,False
2026-04-01 20:15:00,OBJ_1007,3.3243,,False
2026-04-03 22:45:00,OBJ_1009,0.0,,False
2026-04-02 02:15:00,OBJ_1007,4.9392,,False
2026-04-01 01:15:00,OBJ_9999,0.0,,False
2026-04-03 14:00:00,OBJ_1008,12.4107,,False
2026-04-03 06:00:00,OBJ_1006,0.0,,False
2026-04-02 15:15:00,OBJ_1001,3.7453,,False
2026-04-02 14:30:00,OBJ_1014,3.6717,,False
2026-04-01 14:00:00,OBJ_1004,1.1606,,False
2026-04-01 22:30:00,OBJ_1004,1.2016,,False
2026-04-01 17:45:00,OBJ_1011,1.0534,,False
2026-04-02 15:15:00,OBJ_1011,1.0729,,False
2026-04-03 13:00:00,OBJ_1005,-1.0134,,False
2026-04-02 18:45:00,OBJ_1008,13.08,,False
2026-04-01 22:45:00,OBJ_1004,1.0213,,False
2026-04-01 12:30:00,OBJ_1012,15.8078,,False
2026-04-01 12:30:00,OBJ_1011,-1.2971,,False
2026-04-02 01:30:00,OBJ_1006,0.0,,False
2026-04-03 02:45:00,OBJ_1007,5.1685,,False
2026-04-01 11:45:00,OBJ_1005,-0.8552,,False
2026-04-02 04:15:00,OBJ_1005,0.7191,,False
2026-04-02 15:15:00,OBJ_1007,4.8425,,False
2026-04-03 09:30:00,OBJ_1002,4.094,,False
2026-04-02 00:00:00,OBJ_1008,3.9422,,False
2026-04-01 07:45:00,OBJ_1005,0.9556,,False
2026-04-01 05:15:00,OBJ_1002,7.5551,,False
2026-04-03 13:15:00,OBJ_1011,-1.6156,,False
2026-04-02 07:15:00,OBJ_1008,14.4875,,False
2026-04-01 11:15:00,OBJ_1002,3.6126,,False
2026-04-01 04:00:00,OBJ_1005,0.8516,,False
2026-04-02 00:45:00,OBJ_1011,1.1031,,False
2026-04-03 01:00:00,OBJ_1002,5.1592,,False
2026-04-02 21:45:00,OBJ_1009,0.0,,False
2026-04-02 13:00:00,OBJ_1011,-1.6179,,False
2026-04-01 05:45:00,OBJ_1008,2.8281,,False
2026-04-03 16:15:00,OBJ_1009,3.9929,,False
2026-04-01 07:45:00,OBJ_1009,2.1162,,False
2026-04-03 04:15:00,OBJ_1009,0.0,,False
2026-04-02 10:30:00,OBJ_1001,3.3932,,False
2026-04-03 13:00:00,OBJ_1006,3.8409,,False
2026-04-01 00:45:00,OBJ_1004,1.012,,False
2026-04-01 17:15:00,OBJ_1008,12.0562,,False
2026-04-03 16:30:00,OBJ_1009,3.5451,,False
2026-04-02 18:30:00,OBJ_1008,11.262,,False
2026-04-03 15:00:00,OBJ_1009,4.5943,,False
2026-04-01 03:00:00,OBJ_1012,3.9596,,False
2026-04-02 05:00:00,OBJ_1011,1.2664,,False
2026-04-03 17:45:00,OBJ_1002,7.4164,,False
2026-04-03 07:30:00,OBJ_1012,13.1159,,False
2026-04-03 03:30:00,OBJ_1001,0.0,,False
2026-04-02 09:15:00,OBJ_1008,12.838,,False
2026-04-01 11:45:00,OBJ_1004,1.1453,,False
2026-04-02 21:15:00,OBJ_1004,1.1148,,False
2026-04-03 00:30:00,OBJ_1005,0.895,,False
2026-04-02 01:15:00,OBJ_1011,1.3303,,False
2026-04-01 05:45:00,OBJ_1007,4.5581,,False
2026-04-02 15:15:00,OBJ_1002,8.2662,,False
2026-04-01 02:15:00,OBJ_1007,4.4524,,False
2026-04-02 08:00:00,OBJ_1008,9.2913,,False
2026-04-02 02:15:00,OBJ_1004,1.1361,,False
2026-04-02 21:30:00,OBJ_1006,0.0,,False
2026-04-03 07:45:00,OBJ_1005,0.6185,,False
2026-04-02 19:30:00,OBJ_1006,0.4153,,False
2026-04-03 17:15:00,OBJ_1002,7.9281,,False
2026-04-03 16:15:00,OBJ_1006,2.9018,,False
2026-04-03 13:00:00,OBJ_1001,4.4296,,False
2026-04-02 06:30:00,OBJ_1002,6.689,,False
2026-04-03 07:45:00,OBJ_1008,11.2948,,False
2026-04-01 14:30:00,OBJ_1002,7.5725,,False
2026-04-03 20:45:00,OBJ_1005,0.9187,,False
2026-04-02 08:30:00,OBJ_1008,10.2799,,False
2026-04-02 13:15:00,OBJ_1004,0.9752,,False
2026-04-01 04:45:00,OBJ_1004,1.1861,,False
2026-04-03 14:15:00,OBJ_1004,1.1639,,False
2026-04-02 05:30:00,OBJ_1009,0.0,,False
2026-04-02 23:45:00,OBJ_1001,0.0,,False
2026-04-03 14:30:00,OBJ_1006,4.324,,False
2026-04-03 12:15:00,OBJ_1009,5.0837,,False
2026-04-02 07:30:00,OBJ_1009,1.7476,,False
2026-04-02 03:45:00,OBJ_1012,5.4541,,False
2026-04-03 00:45:00,OBJ_1002,4.7567,,False
2026-04-02 05:15:00,OBJ_1004,1.2403,,False
2026-04-02 08:45:00,OBJ_1009,3.076,,False
2026-04-03 04:15:00,OBJ_1012,4.1568,,False
2026-04-01 15:00:00,OBJ_1010,6.8159,,False
2026-04-03 04:30:00,OBJ_1004,1.1413,,False
2026-04-03 08:30:00,OBJ_1008,12.677,,False
2026-04-03 10:30:00,OBJ_1002,2.6262,,False
2026-04-02 23:30:00,OBJ_1009,0.0,,False
2026-04-02 09:30:00,OBJ_1009,4.3207,,False
2026-04-01 08:15:00,OBJ_1014,2.44,,False
2026-04-03 07:15:00,OBJ_1006,0.9917,,False
2026-04-02 17:45:00,OBJ_1006,2.2486,,False
2026-04-01 16:30:00,OBJ_1002,7.1749,,False
2026-04-03 17:00:00,OBJ_1005,0.7725,,False
2026-04-01 23:45:00,OBJ_1002,4.8953,,False
2026-04-01 21:00:00,OBJ_1007,2.829,,False
2026-04-03 17:30:00,OBJ_1014,3.2198,,False
2026-04-03 23:15:00,OBJ_1012,4.6235,,False
2026-04-03 02:30:00,OBJ_1010,5.7075,,False
2026-04-01 08:00:00,OBJ_1008,10.2317,,False
2026-04-02 14:45:00,OBJ_1004,1.1503,,False
2026-04-03 18:00:00,OBJ_1002,6.6139,,False
2026-04-01 17:00:00,OBJ_1011,1.1431,,False
2026-04-02 23:15:00,OBJ_1002,4.0014,,False
2026-04-01 04:15:00,OBJ_1011,1.5006,,False
2026-04-03 09:45:00,OBJ_1012,16.4939,,False
2026-04-03 17:00:00,OBJ_1011,1.5238,,False
2026-04-01 14:30:00,OBJ_1001,4.1632,,False
2026-04-01 01:15:00,OBJ_1002,5.9225,,False
2026-04-01 14:45:00,OBJ_1014,3.4368,,False
2026-04-03 20:00:00,OBJ_1004,1.14,,False
2026-04-03 20:15:00,OBJ_1006,0.0,,False
2026-04-01 22:45:00,OBJ_1006,0.0,,False
2026-04-03 19:15:00,OBJ_1012,14.5831,,False
2026-04-03 18:30:00,OBJ_1011,0.9649,,False
2026-04-01 14:30:00,OBJ_1007,4.7769,,False
2026-04-03 14:30:00,OBJ_1001,4.0244,,False
2026-04-02 08:45:00,OBJ_1001,2.4486,,False
2026-04-03 01:45:00,OBJ_1004,1.0982,,False
2026-04-01 03:30:00,OBJ_1011,1.1278,,False
2026-04-01 00:45:00,OBJ_1002,4.8639,,False
2026-04-02 15:45:00,OBJ_1001,3.713,,False
2026-04-02 01:30:00,OBJ_1010,4.6234,,False
2026-04-01 08:00:00,OBJ_1006,1.9027,,False
2026-04-03 17:45:00,OBJ_1012,15.0597,,False
2026-04-03 15:00:00,OBJ_1008,9.8768,,False
2026-04-02 17:15:00,OBJ_1005,0.6247,,False
2026-04-03 23:15:00,OBJ_1009,0.0,,False
2026-04-03 09:30:00,OBJ_1004,1.1823,,False
2026-04-03 07:00:00,OBJ_1009,1.2396,,False
2026-04-02 13:00:00,OBJ_1001,4.2218,,False
2026-04-02 15:00:00,OBJ_1008,8.8382,,False
2026-04-03 16:15:00,OBJ_1007,4.8769,,False
2026-04-01 21:45:00,OBJ_1005,0.894,,False
2026-04-02 11:15:00,OBJ_1012,15.0886,,False
2026-04-03 15:45:00,OBJ_1008,9.559,,False
2026-04-01 01:15:00,OBJ_1003,1.9514,,False
2026-04-02 01:00:00,OBJ_1005,0.9072,,False
2026-04-01 14:15:00,OBJ_1010,6.0558,,False
2026-04-03 02:45:00,OBJ_1009,0.0,,False
2026-04-01 04:45:00,OBJ_1007,4.8096,,False
2026-04-02 14:15:00,OBJ_1014,2.8913,,False
2026-04-01 11:30:00,OBJ_1002,3.5452,,False
2026-04-02 04:15:00,OBJ_1006,0.0,,False
2026-04-01 10:00:00,OBJ_1004,1.0556,,False
2026-04-01 00:00:00,OBJ_1009,0.0,,False
2026-04-03 10:45:00,OBJ_1004,1.0649,,False
2026-04-02 18:00:00,OBJ_1005,0.7477,,False
2026-04-01 03:15:00,OBJ_1001,0.0,,False
2026-04-03 01:15:00,OBJ_1007,4.4699,,False
2026-04-03 06:00:00,OBJ_1010,4.625,,False
2026-04-02 07:45:00,OBJ_1010,4.189,,False
2026-04-03 22:15:00,OBJ_1014,1.6876,,False
2026-04-03 02:30:00,OBJ_1004,1.0909,,False
2026-04-03 00:45:00,OBJ_1010,4.878,,False
2026-04-01 15:15:00,OBJ_1011,0.9663,,False
2026-04-01 06:45:00,OBJ_1014,3.1049,,False
2026-04-01 08:30:00,OBJ_1012,15.2088,,False
2026-04-01 18:00:00,OBJ_1012,16.9988,,False
2026-04-02 17:45:00,OBJ_1014,3.1179,,False
2026-04-02 17:00:00,OBJ_1001,2.4576,,False
2026-04-03 21:30:00,OBJ_1011,1.2669,,False
2026-04-02 22:30:00,OBJ_1005,0.6033,,False
2026-04-01 07:00:00,OBJ_1004,1.0918,,False
2026-04-02 08:45:00,OBJ_1007,3.5001,,False
2026-04-01 05:30:00,OBJ_1002,7.6649,,False
2026-04-01 04:00:00,OBJ_1014,3.0954,,False
2026-04-02 14:00:00,OBJ_1012,14.725,,False
2026-04-01 20:15:00,OBJ_1004,1.0581,,False
2026-04-03 21:30:00,OBJ_1004,1.0545,,False
2026-04-03 00:00:00,OBJ_1012,5.8819,,False
2026-04-02 21:00:00,OBJ_1009,0.0,,False
2026-04-01 18:15:00,OBJ_1006,1.5222,,False
2026-04-03 07:45:00,OBJ_1004,1.0632,,False
2026-04-01 08:30:00,OBJ_1005,0.7221,,False
2026-04-01 23:15:00,OBJ_1001,0.0,,False
2026-04-03 04:30:00,OBJ_1001,0.0,,False
2026-04-02 08:15:00,OBJ_1006,1.8416,,False
2026-04-01 23:45:00,OBJ_1011,1.2513,,False
2026-04-02 23:15:00,OBJ_1007,2.9754,,False
2026-04-03 17:45:00,OBJ_1007,4.9378,,False
2026-04-01 04:45:00,OBJ_1012,4.7979,,False
2026-04-02 13:15:00,OBJ_1011,-1.7827,,False
2026-04-03 11:30:00,OBJ_1005,-0.9092,,False
2026-04-02 14:30:00,OBJ_1010,6.1473,,False
2026-04-03 05:00:00,OBJ_1008,4.1074,,False
2026-04-02 00:45:00,OBJ_1001,0.0,,False
2026-04-03 06:15:00,OBJ_1007,5.1166,,False
2026-04-01 00:00:00,OBJ_9999,0.0,,False
2026-04-02 17:00:00,OBJ_1008,11.5366,,False
2026-04-03 09:00:00,OBJ_1009,3.2438,,False
2026-04-03 16:45:00,OBJ_1014,2.8931,,False
2026-04-02 12:45:00,OBJ_1005,-1.0925,,False
2026-04-03 02:00:00,OBJ_1007,5.4848,,False
2026-04-03 22:00:00,OBJ_1002,3.3933,,False
2026-04-01 22:45:00,OBJ_1007,1.7862,,False
2026-04-03 14:45:00,OBJ_1008,14.0201,,False
2026-04-01 03:00:00,OBJ_1014,3.2007,,False
2026-04-03 06:30:00,OBJ_1014,3.5073,,False
2026-04-02 07:00:00,OBJ_1009,1.1781,,False
2026-04-02 06:30:00,OBJ_1007,5.3257,,False
2026-04-01 16:45:00,OBJ_1012,16.377,,False
2026-04-03 19:45:00,OBJ_1010,5.7916,,False
2026-04-02 10:30:00,OBJ_1005,-1.2323,,False
2026-04-03 22:45:00,OBJ_1002,3.1157,,False
2026-04-01 01:30:00,OBJ_1014,2.3965,,False
2026-04-03 21:45:00,OBJ_1010,3.7101,,False
2026-04-01 22:30:00,OBJ_1009,0.0,,False
2026-04-01 00:00:00,OBJ_1011,1.2859,,False
2026-04-02 09:00:00,OBJ_1004,1.3635,,False
2026-04-02 13:15:00,OBJ_1002,5.8972,,False
2026-04-02 22:30:00,OBJ_1002,3.8127,,False
2026-04-02 04:30:00,OBJ_1014,3.4734,,False
2026-04-02 15:15:00,OBJ_1004,0.9596,,False
2026-04-02 06:00:00,OBJ_1012,5.8977,,False
2026-04-01 12:45:00,OBJ_1005,-1.2268,,False
2026-04-03 18:00:00,OBJ_1006,1.7625,,False
2026-04-02 04:00:00,OBJ_1010,5.7374,,False
2026-04-02 19:15:00,OBJ_1010,5.2239,,False
2026-04-03 21:30:00,OBJ_1007,2.9735,,False
2026-04-01 13:15:00,OBJ_1012,14.632,,False
2026-04-02 17:00:00,OBJ_1010,6.2411,,False
2026-04-02 10:45:00,OBJ_1011,-1.6001,,False
2026-04-02 01:45:00,OBJ_1004,1.0809,,False
2026-04-02 09:45:00,OBJ_1014,2.0044,,False
2026-04-01 17:45:00,OBJ_1005,1.0175,,False
2026-04-01 20:00:00,OBJ_1014,2.7196,,False
2026-04-03 18:30:00,OBJ_1008,11.0845,,False
2026-04-02 02:45:00,OBJ_1001,0.0,,False
2026-04-02 01:00:00,OBJ_1009,0.0,,False
2026-04-02 12:45:00,OBJ_1008,10.1817,,False
2026-04-02 22:45:00,OBJ_1010,2.7531,,False
2026-04-02 20:30:00,OBJ_1002,5.8944,,False
2026-04-02 18:45:00,OBJ_1012,15.1928,,False
2026-04-03 12:45:00,OBJ_1004,0.9833,,False
2026-04-03 14:30:00,OBJ_1009,5.1707,,False
2026-04-01 22:45:00,OBJ_1014,1.6681,,False
2026-04-03 16:30:00,OBJ_1001,3.3238,,False
2026-04-03 13:45:00,OBJ_1009,5.337,,False
2026-04-03 10:45:00,OBJ_1014,1.5632,,False
2026-04-02 13:30:00,OBJ_1014,2.9471,,False
2026-04-02 06:00:00,OBJ_1009,0.0,,False
2026-04-01 18:30:00,OBJ_1005,0.9737,,False
2026-04-03 08:15:00,OBJ_1006,2.1235,,False
2026-04-02 02:00:00,OBJ_1008,3.3892,,False
2026-04-02 05:45:00,OBJ_1007,4.3137,,False
2026-04-03 09:15:00,OBJ_1012,14.5434,,False
2026-04-01 22:30:00,OBJ_1005,0.6651,,False
2026-04-02 04:15:00,OBJ_1009,0.0,,False
2026-04-02 16:00:00,OBJ_1010,5.7475,,False
2026-04-01 11:30:00,OBJ_1011,-1.9464,,False
2026-04-03 16:30:00,OBJ_1014,3.15,,False
2026-04-01 14:00:00,OBJ_1011,-1.7052,,False
2026-04-02 04:45:00,OBJ_1011,0.9374,,False
2026-04-01 09:00:00,OBJ_1001,2.6219,,False
2026-04-01 08:30:00,OBJ_1008,9.2641,,False
2026-04-01 21:15:00,OBJ_1009,0.0,,False
2026-04-02 09:00:00,OBJ_1011,1.3234,,False
2026-04-03 08:30:00,OBJ_1009,2.5147,,False
2026-04-01 00:00:00,OBJ_1008,2.7636,,False
2026-04-01 14:15:00,OBJ_1009,5.1678,,False
2026-04-03 20:30:00,OBJ_1010,4.7665,,False
2026-04-03 15:15:00,OBJ_1008,9.5927,,False
2026-04-01 14:30:00,OBJ_1009,5.2067,,False
2026-04-03 22:00:00,OBJ_1004,1.1643,,False
2026-04-02 08:30:00,OBJ_1004,1.1965,,False
2026-04-01 00:15:00,OBJ_1009,0.0,,False
2026-04-03 08:15:00,OBJ_1005,0.7937,,False
2026-04-02 09:15:00,OBJ_1012,16.0862,,False
2026-04-01 07:30:00,OBJ_1012,13.4023,,False
2026-04-01 08:30:00,OBJ_1009,2.9541,,False
2026-04-01 11:45:00,OBJ_1008,10.5385,,False
2026-04-01 21:00:00,OBJ_1009,0.0,,False
2026-04-02 01:45:00,OBJ_1001,0.0,,False
2026-04-01 21:45:00,OBJ_1009,0.0,,False
2026-04-03 05:30:00,OBJ_1014,3.2944,,False
2026-04-02 21:15:00,OBJ_1012,18.1516,,False
2026-04-02 13:30:00,OBJ_1002,5.1843,,False
2026-04-03 10:45:00,OBJ_1007,2.1737,,False
2026-04-01 14:15:00,OBJ_1002,8.0521,,False
2026-04-02 12:15:00,OBJ_1009,6.2246,,False
2026-04-03 09:30:00,OBJ_1014,2.1683,,False
2026-04-03 19:15:00,OBJ_1001,0.6696,,False
2026-04-01 10:30:00,OBJ_1012,17.5182,,False
2026-04-01 07:00:00,OBJ_1001,0.8948,,False
2026-04-03 16:45:00,OBJ_1008,10.6859,,False
2026-04-03 09:15:00,OBJ_1001,2.783,,False
2026-04-02 10:45:00,OBJ_1012,15.921,,False
2026-04-01 02:15:00,OBJ_9999,0.0,,False
2026-04-01 18:00:00,OBJ_1001,1.9463,,False
2026-04-02 06:45:00,OBJ_1012,5.1925,,False
2026-04-03 14:00:00,OBJ_1006,4.1395,,False
2026-04-02 22:00:00,OBJ_1002,2.6134,,False
2026-04-01 13:45:00,OBJ_1005,-1.0011,,False
2026-04-01 16:45:00,OBJ_1004,1.0532,,False
2026-04-02 04:00:00,OBJ_1007,4.7665,,False
2026-04-01 19:45:00,OBJ_1002,7.1241,,False
2026-04-01 21:00:00,OBJ_1014,2.0456,,False
2026-04-02 14:15:00,OBJ_1011,-1.9058,,False
2026-04-03 22:45:00,OBJ_1004,1.137,,False
2026-04-01 10:45:00,OBJ_1001,4.0596,,False
2026-04-01 01:15:00,OBJ_1007,4.4923,,False
2026-04-03 14:15:00,OBJ_1001,3.9217,,False
2026-04-03 12:30:00,OBJ_1002,4.6527,,False
2026-04-02 16:30:00,OBJ_1014,3.4483,,False
2026-04-02 23:00:00,OBJ_1002,4.4226,,False
2026-04-02 06:00:00,OBJ_1002,6.2208,,False
2026-04-01 06:30:00,OBJ_1011,1.4312,,False
2026-04-01 15:30:00,OBJ_1002,6.0549,,False
2026-04-03 21:45:00,OBJ_1014,1.8489,,False
2026-04-02 03:45:00,OBJ_1014,3.8256,,False
2026-04-03 05:45:00,OBJ_1004,1.0958,,False
2026-04-01 08:45:00,OBJ_1012,16.0182,,False
2026-04-01 12:45:00,OBJ_1010,3.9761,,False
2026-04-02 13:30:00,OBJ_1010,5.4762,,False
2026-04-03 10:15:00,OBJ_1001,3.3798,,False
2026-04-02 04:30:00,OBJ_1001,0.0,,False
2026-04-02 03:15:00,OBJ_1014,3.1355,,False
2026-04-01 05:00:00,OBJ_1014,2.8407,,False
2026-04-02 21:45:00,OBJ_1004,1.2265,,False
2026-04-02 12:15:00,OBJ_1002,4.1775,,False
2026-04-03 15:30:00,OBJ_1007,4.8447,,False
2026-04-02 19:45:00,OBJ_1002,6.5115,,False
2026-04-03 18:30:00,OBJ_1012,16.637,,False
2026-04-01 13:30:00,OBJ_1010,4.8755,,False
2026-04-01 14:00:00,OBJ_1012,16.5665,,False
2026-04-03 22:30:00,OBJ_1009,0.0,,False
2026-04-03 16:15:00,OBJ_1002,7.7501,,False
2026-04-02 15:30:00,OBJ_1010,5.8392,,False
2026-04-03 16:00:00,OBJ_1008,12.0952,,False
2026-04-01 19:00:00,OBJ_1010,5.1731,,False
2026-04-03 20:00:00,OBJ_1001,0.0,,False
2026-04-01 06:15:00,OBJ_1005,0.7791,,False
2026-04-03 11:15:00,OBJ_1014,1.707,,False
2026-04-02 01:00:00,OBJ_1006,0.0,,False
2026-04-01 02:30:00,OBJ_1001,0.0,,False
2026-04-03 19:15:00,OBJ_1005,0.6795,,False
2026-04-01 01:30:00,OBJ_1006,0.0,,False
2026-04-01 06:30:00,OBJ_1008,3.5275,,False
2026-04-03 17:30:00,OBJ_1008,11.9621,,False
2026-04-02 23:30:00,OBJ_1008,3.634,,False
2026-04-03 05:30:00,OBJ_1008,3.6678,,False
2026-04-02 09:15:00,OBJ_1006,2.7505,,False
2026-04-02 08:30:00,OBJ_1011,1.3242,,False
2026-04-02 06:15:00,OBJ_1008,3.8003,,False
2026-04-01 13:00:00,OBJ_1012,18.022,,False
2026-04-02 07:00:00,OBJ_1008,9.5178,,False
2026-04-03 03:00:00,OBJ_1001,0.0,,False
2026-04-01 17:00:00,OBJ_1008,11.4322,,False
2026-04-03 08:00:00,OBJ_1012,16.2181,,False
2026-04-01 12:30:00,OBJ_1002,5.777,,False
2026-04-03 18:30:00,OBJ_1006,1.6227,,False
2026-04-02 08:15:00,OBJ_1005,0.8531,,False
2026-04-01 15:15:00,OBJ_1005,0.9634,,False
2026-04-02 16:45:00,OBJ_1008,9.5948,,False
2026-04-03 03:15:00,OBJ_1005,0.8425,,False
2026-04-03 11:45:00,OBJ_1001,3.9284,,False
2026-04-03 17:45:00,OBJ_1005,0.9009,,False
2026-04-01 14:15:00,OBJ_1012,15.7913,,False
2026-04-01 16:45:00,OBJ_1002,7.015,,False
2026-04-03 19:15:00,OBJ_1006,0.7375,,False
2026-04-03 14:15:00,OBJ_1006,4.0498,,False
2026-04-02 05:15:00,OBJ_1010,6.3,,False
2026-04-03 11:30:00,OBJ_1011,-1.2382,,False
2026-04-02 17:30:00,OBJ_1010,5.7469,,False
2026-04-03 10:45:00,OBJ_1008,10.5957,,False
2026-04-01 04:00:00,OBJ_1007,5.6182,,False
2026-04-01 21:45:00,OBJ_1004,1.0568,,False
2026-04-03 18:45:00,OBJ_1012,16.1951,,False
2026-04-03 10:30:00,OBJ_1006,3.3703,,False
2026-04-02 16:15:00,OBJ_1008,9.9559,,False
2026-04-02 13:30:00,OBJ_1006,4.0378,,False
2026-04-01 19:30:00,OBJ_1004,1.063,,False
2026-04-01 02:45:00,OBJ_1002,6.8999,,False
2026-04-03 21:45:00,OBJ_1008,11.9276,,False
2026-04-01 12:00:00,OBJ_1009,6.0317,,False
2026-04-02 20:45:00,OBJ_1014,2.1144,,False
2026-04-01 03:00:00,OBJ_1005,0.6142,,False
2026-04-03 12:15:00,OBJ_1005,-1.0921,,False
2026-04-02 15:45:00,OBJ_1007,4.58,,False
2026-04-02 06:15:00,OBJ_1014,3.0451,,False
2026-04-03 20:00:00,OBJ_1005,0.781,,False
2026-04-02 23:45:00,OBJ_1002,4.2782,,False
2026-04-01 04:30:00,OBJ_1007,5.2014,,False
2026-04-01 20:45:00,OBJ_1011,1.1199,,False
2026-04-01 16:30:00,OBJ_1011,1.0368,,False
2026-04-03 19:45:00,OBJ_1005,0.751,,False
2026-04-01 08:00:00,OBJ_1012,14.1508,,False
2026-04-03 08:15:00,OBJ_1007,3.7715,,False
2026-04-02 02:00:00,OBJ_1004,1.151,,False
2026-04-01 01:30:00,OBJ_1011,0.9878,,False
2026-04-02 09:45:00,OBJ_1010,3.6664,,False
2026-04-02 20:30:00,OBJ_1007,4.0689,,False
2026-04-03 11:45:00,OBJ_1011,-1.7959,,False
2026-04-03 06:00:00,OBJ_1012,4.8567,,False
2026-04-02 10:00:00,OBJ_1001,3.2231,,False
2026-04-03 00:30:00,OBJ_1008,3.5384,,False
2026-04-01 07:00:00,OBJ_1005,0.9313,,False
2026-04-03 05:00:00,OBJ_1005,0.8015,,False
2026-04-03 00:15:00,OBJ_1010,4.8031,,False
2026-04-02 00:15:00,OBJ_1010,5.3381,,False
2026-04-02 10:00:00,OBJ_1004,1.0669,,False
2026-04-01 15:00:00,OBJ_1014,3.0266,,False
2026-04-02 05:45:00,OBJ_1008,2.8639,,False
2026-04-02 05:15:00,OBJ_1001,0.0,,False
2026-04-02 04:45:00,OBJ_1004,1.1449,,False
2026-04-01 15:30:00,OBJ_1010,7.0618,,False
2026-04-02 21:30:00,OBJ_1012,13.5946,,False
2026-04-02 23:15:00,OBJ_1006,0.0,,False
2026-04-03 02:15:00,OBJ_1014,3.1117,,False
2026-04-01 07:30:00,OBJ_1006,1.3305,,False
2026-04-01 20:00:00,OBJ_1008,10.0822,,False
2026-04-01 00:00:00,OBJ_1007,3.1714,,False
2026-04-02 13:30:00,OBJ_1005,-0.8949,,False
2026-04-03 05:45:00,OBJ_1008,3.147,,False
2026-04-02 21:00:00,OBJ_1006,0.0,,False
2026-04-02 07:45:00,OBJ_1011,1.0941,,False
2026-04-02 15:45:00,OBJ_1008,9.7498,,False
2026-04-02 18:45:00,OBJ_1009,1.5241,,False
2026-04-02 22:30:00,OBJ_1011,1.4011,,False
2026-04-03 16:30:00,OBJ_1010,5.9272,,False
2026-04-03 02:30:00,OBJ_1014,3.2758,,False
2026-04-03 11:30:00,OBJ_1008,9.3027,,False
2026-04-02 19:30:00,OBJ_1012,18.2577,,False
2026-04-03 15:00:00,OBJ_1004,1.2028,,False
2026-04-01 04:15:00,OBJ_1005,0.8815,,False
2026-04-01 03:30:00,OBJ_1002,7.2568,,False
2026-04-02 23:45:00,OBJ_1014,1.9199,,False
2026-04-03 15:45:00,OBJ_1006,3.5671,,False
2026-04-03 09:15:00,OBJ_1005,0.9191,,False
2026-04-02 01:30:00,OBJ_1001,0.0,,False
2026-04-01 06:45:00,OBJ_1005,0.7228,,False
2026-04-01 14:15:00,OBJ_1007,3.8789,,False
2026-04-01 07:00:00,OBJ_1002,6.2502,,False
2026-04-02 02:00:00,OBJ_1005,0.5811,,False
2026-04-01 10:15:00,OBJ_1009,4.5975,,False
2026-04-03 11:30:00,OBJ_1002,3.4175,,False
2026-04-03 00:45:00,OBJ_1008,2.9019,,False
2026-04-01 18:15:00,OBJ_1007,5.3527,,False
2026-04-03 04:45:00,OBJ_1008,3.4246,,False
2026-04-03 17:30:00,OBJ_1010,6.7077,,False
2026-04-02 01:00:00,OBJ_1008,3.6702,,False
2026-04-02 11:45:00,OBJ_1014,2.02,,False
2026-04-03 23:00:00,OBJ_1006,0.0,,False
2026-04-02 11:45:00,OBJ_1007,2.5766,,False
2026-04-01 10:00:00,OBJ_1005,-0.9296,,False
2026-04-03 17:30:00,OBJ_1002,8.5911,,False
2026-04-01 05:00:00,OBJ_1005,0.7366,,False
2026-04-01 15:45:00,OBJ_1005,0.8931,,False
2026-04-03 19:00:00,OBJ_1002,5.8463,,False
2026-04-01 01:15:00,OBJ_1005,0.6047,,False
2026-04-01 20:00:00,OBJ_1012,13.8548,,False
2026-04-03 02:15:00,OBJ_1010,5.7073,,False
2026-04-01 06:30:00,OBJ_1006,0.4629,,False
2026-04-01 18:15:00,OBJ_1012,14.8979,,False
2026-04-03 21:00:00,OBJ_1011,0.911,,False
2026-04-03 06:45:00,OBJ_1010,5.2557,,False
2026-04-02 14:00:00,OBJ_1009,5.3246,,False
2026-04-03 10:15:00,OBJ_1010,2.3932,,False
2026-04-03 06:30:00,OBJ_1006,0.4715,,False
2026-04-03 00:30:00,OBJ_1011,1.2112,,False
2026-04-02 19:15:00,OBJ_1005,0.725,,False
2026-04-02 02:30:00,OBJ_1007,5.0335,,False
2026-04-03 09:00:00,OBJ_1011,1.038,,False
2026-04-01 10:15:00,OBJ_1007,2.2639,,False
2026-04-01 03:15:00,OBJ_1004,1.0727,,False
2026-04-03 19:30:00,OBJ_1008,11.453,,False
2026-04-02 20:45:00,OBJ_1010,3.5633,,False
2026-04-02 00:00:00,OBJ_1011,1.3517,,False
2026-04-01 17:45:00,OBJ_1009,3.009,,False
2026-04-01 17:00:00,OBJ_1005,0.8358,,False
2026-04-03 04:15:00,OBJ_1007,5.2746,,False
2026-04-03 06:30:00,OBJ_1008,4.6773,,False
2026-04-01 15:15:00,OBJ_1014,3.1643,,False
2026-04-03 19:00:00,OBJ_1012,17.9173,,False
2026-04-01 23:00:00,OBJ_1009,0.0,,False
2026-04-03 01:45:00,OBJ_1005,0.7295,,False
2026-04-01 04:00:00,OBJ_1012,5.3533,,False
2026-04-01 06:30:00,OBJ_1002,6.889,,False
2026-04-01 19:45:00,OBJ_1005,0.8714,,False
2026-04-02 17:00:00,OBJ_1014,2.8035,,False
2026-04-03 07:30:00,OBJ_1006,1.3944,,False
2026-04-01 09:30:00,OBJ_1002,4.7722,,False
2026-04-02 20:00:00,OBJ_1002,5.4557,,False
2026-04-01 06:15:00,OBJ_1006,0.2427,,False
2026-04-01 04:30:00,OBJ_1005,0.9078,,False
2026-04-01 10:45:00,OBJ_1014,1.4799,,False
2026-04-02 08:15:00,OBJ_1002,6.09,,False
2026-04-03 02:15:00,OBJ_1012,6.3406,,False
2026-04-03 05:45:00,OBJ_1006,0.0,,False
2026-04-01 17:15:00,OBJ_1001,2.6513,,False
2026-04-03 16:30:00,OBJ_1007,4.0111,,False
2026-04-03 20:15:00,OBJ_1011,1.3875,,False
2026-04-01 12:45:00,OBJ_1006,4.0016,,False
2026-04-01 21:30:00,OBJ_1004,1.4002,,False
2026-04-03 03:30:00,OBJ_1014,3.1403,,False
2026-04-02 14:15:00,OBJ_1001,4.1598,,False
2026-04-01 20:30:00,OBJ_1008,10.2222,,False
2026-04-03 06:45:00,OBJ_1002,7.3252,,False
2026-04-02 23:00:00,OBJ_1007,2.5609,,False
2026-04-01 09:30:00,OBJ_1010,3.1042,,False
2026-04-03 07:45:00,OBJ_1001,1.6604,,False
2026-04-02 01:15:00,OBJ_1007,3.2982,,False
2026-04-03 22:00:00,OBJ_1012,4.6089,,False
2026-04-03 12:30:00,OBJ_1014,2.2525,,False
2026-04-01 22:00:00,OBJ_1012,4.9548,,False
2026-04-02 01:00:00,OBJ_1010,4.3028,,False
2026-04-02 06:30:00,OBJ_1006,0.5475,,False
2026-04-02 05:00:00,OBJ_1007,5.1561,,False
2026-04-03 06:30:00,OBJ_1009,0.5754,,False
2026-04-01 00:45:00,OBJ_1003,2.3601,,False
2026-04-03 16:00:00,OBJ_1011,1.16,,False
2026-04-02 10:30:00,OBJ_1002,2.9809,,False
2026-04-02 04:15:00,OBJ_1008,3.5204,,False
2026-04-02 02:45:00,OBJ_1012,5.6188,,False
2026-04-01 14:00:00,OBJ_1008,11.5479,,False
2026-04-02 07:30:00,OBJ_1010,4.478,,False
2026-04-02 10:15:00,OBJ_1012,15.6956,,False
2026-04-01 23:45:00,OBJ_1006,0.0,,False
2026-04-02 00:30:00,OBJ_1008,4.3022,,False
2026-04-01 11:00:00,OBJ_1001,4.0234,,False
2026-04-02 14:00:00,OBJ_1002,7.1139,,False
2026-04-03 16:15:00,OBJ_1004,1.1264,,False
2026-04-03 11:30:00,OBJ_1001,3.8133,,False
2026-04-02 09:30:00,OBJ_1014,1.9265,,False
2026-04-03 08:00:00,OBJ_1001,1.7905,,False
2026-04-03 06:45:00,OBJ_1007,4.0382,,False
2026-04-03 07:15:00,OBJ_1004,1.1581,,False
2026-04-02 19:15:00,OBJ_1004,0.9487,,False
2026-04-01 04:45:00,OBJ_1008,3.5128,,False
2026-04-03 11:15:00,OBJ_1012,17.8721,,False
2026-04-02 04:30:00,OBJ_1012,5.7673,,False
2026-04-02 22:15:00,OBJ_1007,2.2655,,False
2026-04-01 19:45:00,OBJ_1014,2.982,,False
2026-04-02 16:15:00,OBJ_1002,6.6767,,False
2026-04-02 09:15:00,OBJ_1002,5.0574,,False
2026-04-02 21:45:00,OBJ_1010,3.2906,,False
2026-04-03 23:15:00,OBJ_1001,0.0,,False
2026-04-01 11:15:00,OBJ_1006,4.2572,,False
2026-04-01 01:30:00,OBJ_1007,3.7625,,False
2026-04-03 03:15:00,OBJ_1004,1.3321,,False
2026-04-01 02:45:00,OBJ_1006,0.0,,False
2026-04-02 17:00:00,OBJ_1007,4.9831,,False
2026-04-01 08:45:00,OBJ_1014,2.7887,,False
2026-04-02 15:30:00,OBJ_1012,15.6461,,False
2026-04-02 00:00:00,OBJ_1014,2.1273,,False
2026-04-03 10:15:00,OBJ_1005,-0.9003,,False
2026-04-03 08:45:00,OBJ_1010,4.1732,,False
2026-04-03 16:00:00,OBJ_1001,3.375,,False
2026-04-03 08:00:00,OBJ_1005,0.6544,,False
2026-04-03 21:45:00,OBJ_1001,0.0,,False
2026-04-02 00:15:00,OBJ_1002,6.2389,,False
2026-04-01 17:45:00,OBJ_1007,5.3358,,False
2026-04-03 06:00:00,OBJ_1001,0.0,,False
2026-04-03 22:15:00,OBJ_1001,0.0,,False
2026-04-01 00:30:00,OBJ_1001,0.0,duplicate_timeseries_key,True
2026-04-03 09:15:00,OBJ_1008,11.0496,,False
2026-04-01 01:45:00,OBJ_1009,0.0,,False
2026-04-03 23:45:00,OBJ_1002,3.5765,,False
2026-04-01 09:15:00,OBJ_1010,4.435,,False
2026-04-03 19:30:00,OBJ_1002,7.0411,,False
2026-04-01 11:45:00,OBJ_1001,4.1972,,False
2026-04-03 19:00:00,OBJ_1011,1.4707,,False
2026-04-02 02:15:00,OBJ_1006,0.0,,False
2026-04-01 03:45:00,OBJ_1004,1.116,,False
2026-04-01 08:15:00,OBJ_1009,2.9929,,False
2026-04-03 20:00:00,OBJ_1014,2.327,,False
2026-04-02 11:45:00,OBJ_1012,13.0545,,False
2026-04-01 06:00:00,OBJ_1009,0.0,,False
2026-04-01 11:15:00,OBJ_1010,3.4766,,False
2026-04-02 03:00:00,OBJ_1007,4.9474,,False
2026-04-02 06:45:00,OBJ_1006,0.6626,,False
2026-04-02 07:00:00,OBJ_1004,1.1775,,False
2026-04-02 19:00:00,OBJ_1008,10.9785,,False
2026-04-03 09:00:00,OBJ_1004,1.0235,,False
2026-04-02 04:00:00,OBJ_1011,1.3802,,False
2026-04-03 06:15:00,OBJ_1004,1.1226,,False
2026-04-02 17:15:00,OBJ_1012,12.2598,,False
2026-04-03 00:30:00,OBJ_1007,3.5453,,False
2026-04-02 13:30:00,OBJ_1001,3.7128,,False
2026-04-01 21:30:00,OBJ_1007,2.9316,,False
2026-04-02 00:00:00,OBJ_1010,4.2271,,False
2026-04-03 10:30:00,OBJ_1009,4.5875,,False
2026-04-02 07:00:00,OBJ_1007,4.353,,False
2026-04-02 15:00:00,OBJ_1005,0.8739,,False
2026-04-02 09:15:00,OBJ_1001,2.8317,,False
2026-04-02 04:15:00,OBJ_1011,1.1955,,False
2026-04-02 12:30:00,OBJ_1004,1.0573,,False
2026-04-01 21:45:00,OBJ_1011,1.1426,,False
2026-04-02 08:30:00,OBJ_1006,2.4774,,False
2026-04-02 11:15:00,OBJ_1009,4.7351,,False
2026-04-02 22:45:00,OBJ_1006,0.0,,False
2026-04-02 13:45:00,OBJ_1014,3.4393,,False
2026-04-03 11:00:00,OBJ_1005,-0.9582,,False
2026-04-03 15:15:00,OBJ_1010,5.6115,,False
2026-04-02 16:00:00,OBJ_1014,3.3029,,False
2026-04-01 22:00:00,OBJ_1005,0.9429,,False
2026-04-03 19:30:00,OBJ_1005,0.634,,False
2026-04-03 09:45:00,OBJ_1007,3.1945,,False
2026-04-03 13:45:00,OBJ_1004,1.0993,,False
2026-04-01 12:00:00,OBJ_1010,4.6761,,False
2026-04-03 20:30:00,OBJ_1004,1.2267,,False
2026-04-02 02:30:00,OBJ_1002,6.2047,,False
2026-04-02 18:45:00,OBJ_1001,1.0329,,False
2026-04-01 19:30:00,OBJ_1009,0.5872,,False
2026-04-03 10:15:00,OBJ_1009,4.9262,,False
2026-04-02 10:00:00,OBJ_1006,3.1464,,False
2026-04-01 14:15:00,OBJ_1001,3.5314,,False
2026-04-01 17:00:00,OBJ_1004,1.2841,,False
2026-04-01 19:00:00,OBJ_1009,1.2169,,False
2026-04-02 17:00:00,OBJ_1002,6.6424,,False
2026-04-02 15:00:00,OBJ_1009,4.9535,,False
2026-04-01 22:00:00,OBJ_1014,1.3839,,False
2026-04-03 09:45:00,OBJ_1010,3.4116,,False
2026-04-01 09:15:00,OBJ_1006,2.95,,False
2026-04-02 21:15:00,OBJ_1001,0.0,,False
2026-04-03 06:30:00,OBJ_1012,4.4655,,False
2026-04-03 05:00:00,OBJ_1010,6.0066,,False
2026-04-03 19:30:00,OBJ_1004,1.023,,False
2026-04-02 21:30:00,OBJ_1007,2.9152,,False
2026-04-02 06:15:00,OBJ_1007,4.646,,False
2026-04-03 04:00:00,OBJ_1009,0.0,,False
2026-04-03 19:15:00,OBJ_1007,4.4997,,False
2026-04-02 11:30:00,OBJ_1005,-1.0563,,False
2026-04-01 00:15:00,OBJ_1004,1.3361,,False
2026-04-03 04:00:00,OBJ_1011,1.2749,,False
2026-04-03 00:45:00,OBJ_1009,0.0,,False
2026-04-01 13:00:00,OBJ_1014,2.908,,False
2026-04-01 08:15:00,OBJ_1001,1.9912,,False
2026-04-03 03:15:00,OBJ_1010,5.8781,,False
2026-04-01 15:00:00,OBJ_1002,6.9336,,False
2026-04-01 02:45:00,OBJ_1009,0.0,,False
2026-04-01 20:15:00,OBJ_1012,15.0829,,False
2026-04-01 01:30:00,OBJ_1004,1.0464,,False
2026-04-01 20:15:00,OBJ_1008,12.8615,,False
2026-04-01 23:30:00,OBJ_1002,3.5506,,False
2026-04-03 07:15:00,OBJ_1014,2.9739,,False
2026-04-03 04:45:00,OBJ_1014,3.7109,,False
2026-04-01 15:00:00,OBJ_1009,4.9429,,False
2026-04-01 12:30:00,OBJ_1005,-1.0403,,False
2026-04-02 01:30:00,OBJ_1002,7.2834,,False
2026-04-01 03:15:00,OBJ_1006,0.0,,False
2026-04-03 02:45:00,OBJ_1004,0.9889,,False
2026-04-02 03:45:00,OBJ_1009,0.0,,False
2026-04-02 18:15:00,OBJ_1014,2.9462,,False
2026-04-03 04:30:00,OBJ_1008,3.4248,,False
2026-04-03 20:45:00,OBJ_1009,0.0,,False
2026-04-01 02:15:00,OBJ_1001,0.0,,False
2026-04-03 15:45:00,OBJ_1004,1.1214,,False
2026-04-01 12:30:00,OBJ_1008,10.2539,,False
2026-04-02 13:30:00,OBJ_1007,3.9943,,False
2026-04-01 06:00:00,OBJ_1004,1.097,,False
2026-04-01 10:15:00,OBJ_1004,1.0737,,False
2026-04-01 02:00:00,OBJ_1012,4.5417,,False
2026-04-01 17:30:00,OBJ_1014,3.2332,,False
2026-04-03 21:15:00,OBJ_1008,11.0762,,False
2026-04-03 06:15:00,OBJ_1005,0.7585,,False
2026-04-01 08:30:00,OBJ_1014,2.1031,,False
2026-04-03 02:15:00,OBJ_1009,0.0,,False
2026-04-03 08:15:00,OBJ_1014,2.3196,,False
2026-04-03 05:15:00,OBJ_1012,6.2551,,False
2026-04-03 01:00:00,OBJ_1001,0.0,,False
2026-04-03 17:00:00,OBJ_1001,2.4389,,False
2026-04-03 08:30:00,OBJ_1011,1.0847,,False
2026-04-01 10:45:00,OBJ_1002,3.1358,,False
2026-04-01 18:30:00,OBJ_1014,2.8679,,False
2026-04-01 09:30:00,OBJ_1012,16.5317,,False
2026-04-01 00:30:00,OBJ_1012,3.824,,False
2026-04-01 06:00:00,OBJ_1006,0.0,,False
2026-04-01 10:15:00,OBJ_1011,-1.3847,,False
2026-04-01 16:45:00,OBJ_1010,5.7784,,False
2026-04-03 14:00:00,OBJ_1001,4.4509,,False
2026-04-02 09:45:00,OBJ_1008,13.8446,,False
2026-04-02 03:30:00,OBJ_1012,4.4921,,False
2026-04-01 05:45:00,OBJ_1004,1.1081,,False
2026-04-02 12:45:00,OBJ_1004,1.1185,,False
2026-04-03 20:00:00,OBJ_1012,13.8802,,False
2026-04-02 09:30:00,OBJ_1004,0.9957,,False
2026-04-02 01:00:00,OBJ_1012,5.3732,,False
2026-04-01 19:00:00,OBJ_1012,14.5326,,False
2026-04-01 06:15:00,OBJ_1002,6.6623,,False
2026-04-02 12:15:00,OBJ_1007,2.9976,,False
2026-04-02 03:00:00,OBJ_1014,3.2627,,False
2026-04-03 11:00:00,OBJ_1007,2.7225,,False
2026-04-03 13:30:00,OBJ_1002,5.9909,,False
2026-04-03 02:45:00,OBJ_1001,0.0,,False
2026-04-01 00:30:00,OBJ_1011,1.394,,False
2026-04-03 09:45:00,OBJ_1009,3.9333,,False
2026-04-01 08:15:00,OBJ_1004,1.023,,False
2026-04-01 20:45:00,OBJ_1002,4.795,,False
2026-04-02 21:45:00,OBJ_1011,1.2355,,False
2026-04-01 01:00:00,OBJ_1001,0.0,,False
2026-04-03 07:30:00,OBJ_1009,2.1079,,False
2026-04-03 13:45:00,OBJ_1007,4.2401,,False
2026-04-01 16:00:00,OBJ_1002,6.8044,,False
2026-04-02 21:00:00,OBJ_1002,3.9616,,False
2026-04-01 17:30:00,OBJ_1007,4.8646,,False
2026-04-03 05:30:00,OBJ_1004,1.1519,,False
2026-04-01 04:45:00,OBJ_1011,0.8667,,False
2026-04-03 14:00:00,OBJ_1010,5.0136,,False
2026-04-03 23:15:00,OBJ_1011,1.2035,,False
2026-04-02 13:45:00,OBJ_1008,13.105,,False
2026-04-02 18:30:00,OBJ_1002,5.496,,False
2026-04-01 03:00:00,OBJ_1009,0.0,,False
2026-04-01 08:45:00,OBJ_1006,2.4084,,False
2026-04-03 20:30:00,OBJ_1001,0.0,,False
2026-04-02 10:15:00,OBJ_1007,1.8405,,False
2026-04-03 04:45:00,OBJ_1012,5.9941,,False
2026-04-01 21:15:00,OBJ_1006,0.0,,False
2026-04-03 12:45:00,OBJ_1009,5.8945,,False
2026-04-03 23:00:00,OBJ_1008,3.563,,False
2026-04-02 15:15:00,OBJ_1010,6.7616,,False
2026-04-01 17:15:00,OBJ_1009,3.2409,,False
2026-04-01 22:15:00,OBJ_1007,1.9455,,False
2026-04-01 10:30:00,OBJ_1004,1.1095,,False
2026-04-02 08:00:00,OBJ_1006,1.7735,,False
2026-04-02 17:15:00,OBJ_1002,7.9438,,False
2026-04-02 07:45:00,OBJ_1004,1.3187,,False
2026-04-02 11:30:00,OBJ_1014,2.2014,,False
2026-04-02 06:30:00,OBJ_1010,6.6204,,False
2026-04-02 00:30:00,OBJ_1009,0.0,,False
2026-04-03 06:45:00,OBJ_1004,1.1439,,False
2026-04-02 20:00:00,OBJ_1012,15.8201,,False
2026-04-01 15:00:00,OBJ_1007,4.6077,,False
2026-04-01 22:00:00,OBJ_1011,1.2103,,False
2026-04-02 03:30:00,OBJ_1008,4.3347,,False
2026-04-01 19:45:00,OBJ_1010,3.9964,,False
2026-04-02 15:30:00,OBJ_1004,1.0223,,False
2026-04-02 17:15:00,OBJ_1009,3.5025,,False
2026-04-02 06:45:00,OBJ_1014,2.7206,,False
2026-04-02 18:00:00,OBJ_1006,1.8102,,False
2026-04-01 23:15:00,OBJ_1014,1.8145,,False
2026-04-03 16:30:00,OBJ_1006,2.9157,,False
2026-04-02 08:00:00,OBJ_1011,1.1011,,False
2026-04-02 04:45:00,OBJ_1010,5.8077,,False
2026-04-01 20:45:00,OBJ_1010,4.3248,,False
2026-04-03 14:00:00,OBJ_1009,5.3657,,False
2026-04-01 22:30:00,OBJ_1006,0.0,,False
2026-04-01 19:30:00,OBJ_1010,5.4048,,False
2026-04-01 12:15:00,OBJ_1001,4.5891,,False
2026-04-03 06:15:00,OBJ_1001,0.2332,,False
2026-04-03 04:15:00,OBJ_1010,6.3292,,False
2026-04-02 22:45:00,OBJ_1001,0.0,,False
2026-04-02 16:30:00,OBJ_1006,2.8693,,False
2026-04-01 01:45:00,OBJ_1005,0.6688,,False
2026-04-03 21:00:00,OBJ_1002,3.8065,,False
2026-04-02 01:45:00,OBJ_1008,4.2563,,False
2026-04-03 22:00:00,OBJ_1010,3.0459,,False
2026-04-01 06:45:00,OBJ_1010,5.2824,,False
2026-04-01 10:30:00,OBJ_1007,2.1598,,False
2026-04-03 21:00:00,OBJ_1012,16.9345,,False
2026-04-01 04:30:00,OBJ_1012,5.4253,,False
2026-04-02 06:15:00,OBJ_1005,0.6394,,False
2026-04-01 07:15:00,OBJ_1004,1.2504,,False
2026-04-03 08:45:00,OBJ_1001,2.5162,,False
2026-04-02 14:15:00,OBJ_1010,6.0647,,False
2026-04-03 14:15:00,OBJ_1008,10.5176,,False
2026-04-03 03:30:00,OBJ_1002,6.9718,,False
2026-04-02 14:30:00,OBJ_1012,17.9535,,False
2026-04-02 00:15:00,OBJ_1014,2.3015,,False
2026-04-01 15:30:00,OBJ_1011,1.0726,,False
2026-04-03 12:30:00,OBJ_1001,3.6155,,False
2026-04-02 01:45:00,OBJ_1014,2.6866,,False
2026-04-02 12:45:00,OBJ_1001,4.2642,,False
2026-04-02 23:45:00,OBJ_1005,0.9199,,False
2026-04-03 21:00:00,OBJ_1006,0.0,,False
2026-04-03 09:00:00,OBJ_1005,0.9496,,False
2026-04-01 06:30:00,OBJ_1010,5.573,,False
2026-04-01 20:00:00,OBJ_1001,0.0,,False
2026-04-03 04:45:00,OBJ_1006,0.0,,False
2026-04-01 07:00:00,OBJ_1009,1.2907,,False
2026-04-01 05:45:00,OBJ_1001,0.0,,False
2026-04-01 16:45:00,OBJ_1005,0.7013,,False
2026-04-01 02:15:00,OBJ_1011,1.3226,,False
2026-04-03 06:45:00,OBJ_1005,0.8346,,False
2026-04-01 21:15:00,OBJ_1008,10.4718,,False
2026-04-02 17:45:00,OBJ_1005,0.7755,,False
2026-04-02 21:45:00,OBJ_1012,16.2359,,False
2026-04-01 21:45:00,OBJ_1010,3.4919,,False
2026-04-01 11:30:00,OBJ_1008,11.553,,False
2026-04-02 19:00:00,OBJ_1006,0.9551,,False
2026-04-03 21:15:00,OBJ_1007,2.8268,,False
2026-04-02 19:45:00,OBJ_1011,0.9911,,False
2026-04-03 00:30:00,OBJ_1014,2.3799,,False
2026-04-01 00:15:00,OBJ_1008,3.2545,,False
2026-04-02 09:30:00,OBJ_1006,2.7638,,False
2026-04-02 19:30:00,OBJ_1004,1.2582,,False
2026-04-01 07:45:00,OBJ_1004,1.3245,,False
2026-04-03 15:45:00,OBJ_1001,3.5174,,False
2026-04-01 06:30:00,OBJ_1001,0.4429,,False
2026-04-03 10:00:00,OBJ_1012,15.7554,,False
2026-04-03 22:30:00,OBJ_1006,0.0,,False
2026-04-01 15:30:00,OBJ_1014,3.3226,,False
2026-04-02 08:15:00,OBJ_1004,1.2952,,False
2026-04-01 23:30:00,OBJ_1008,3.5769,,False
2026-04-01 19:30:00,OBJ_1014,2.7057,,False
2026-04-03 12:00:00,OBJ_1004,1.2226,,False
2026-04-03 09:00:00,OBJ_1002,4.2407,,False
2026-04-01 22:45:00,OBJ_1002,3.4967,,False
2026-04-03 08:45:00,OBJ_1009,3.1181,,False
2026-04-02 15:00:00,OBJ_1012,12.8008,,False
2026-04-02 10:45:00,OBJ_1008,11.4075,,False
2026-04-02 23:45:00,OBJ_1009,0.0,,False
2026-04-01 04:15:00,OBJ_1006,0.0,,False
2026-04-02 08:45:00,OBJ_1004,1.2039,,False
2026-04-03 06:15:00,OBJ_1010,5.5323,,False
2026-04-01 03:15:00,OBJ_1002,7.747,,False
2026-04-02 18:15:00,OBJ_1006,1.3776,,False
2026-04-02 01:30:00,OBJ_1004,1.0609,,False
2026-04-03 18:15:00,OBJ_1010,5.4569,,False
2026-04-02 10:15:00,OBJ_1004,1.2298,,False
2026-04-03 21:15:00,OBJ_1005,0.8318,,False
2026-04-01 10:00:00,OBJ_1006,3.0377,,False
2026-04-01 07:00:00,OBJ_1010,4.1847,,False
2026-04-03 19:45:00,OBJ_1012,13.7657,,False
2026-04-01 18:00:00,OBJ_1005,1.0847,,False
2026-04-03 13:00:00,OBJ_1012,14.8872,,False
2026-04-01 23:15:00,OBJ_1009,0.0,,False
2026-04-03 20:00:00,OBJ_1006,0.0,,False
2026-04-01 07:30:00,OBJ_1001,1.4584,,False
2026-04-03 14:45:00,OBJ_1002,5.6973,,False
2026-04-02 12:45:00,OBJ_1014,2.8794,,False
2026-04-03 17:00:00,OBJ_1004,1.2544,,False
2026-04-03 23:00:00,OBJ_1009,0.0,,False
2026-04-02 09:15:00,OBJ_1010,3.9845,,False
2026-04-03 06:30:00,OBJ_1005,1.0138,,False
2026-04-02 00:15:00,OBJ_1011,0.9116,,False
2026-04-01 02:00:00,OBJ_1004,1.0576,,False
2026-04-02 02:15:00,OBJ_1014,3.738,,False
2026-04-01 03:45:00,OBJ_1011,0.9569,,False
2026-04-02 13:00:00,OBJ_1012,11.8455,,False
2026-04-02 23:15:00,OBJ_1001,0.0,,False
2026-04-01 02:45:00,OBJ_1007,4.4314,,False
2026-04-03 18:45:00,OBJ_1014,2.9553,,False
2026-04-03 17:45:00,OBJ_1009,2.4995,,False
2026-04-03 21:45:00,OBJ_1011,1.0536,,False
2026-04-03 05:30:00,OBJ_1009,0.0,,False
2026-04-01 09:45:00,OBJ_1002,4.0592,,False
2026-04-01 07:45:00,OBJ_1011,1.0943,,False
2026-04-02 17:00:00,OBJ_1005,0.6666,,False
2026-04-03 04:30:00,OBJ_1010,6.1029,,False
2026-04-02 20:45:00,OBJ_1005,0.7434,,False
2026-04-01 18:30:00,OBJ_1007,4.6721,,False
2026-04-02 12:30:00,OBJ_1009,5.7377,,False
2026-04-02 22:30:00,OBJ_1006,0.0,,False
2026-04-03 20:15:00,OBJ_1008,9.3783,,False
2026-04-01 06:15:00,OBJ_1008,3.2769,,False
2026-04-01 19:15:00,OBJ_1006,0.6784,,False
2026-04-02 16:15:00,OBJ_1014,3.0147,,False
2026-04-03 12:00:00,OBJ_1005,-1.0081,,False
2026-04-02 23:00:00,OBJ_1014,1.5107,,False
2026-04-03 23:30:00,OBJ_1002,3.9903,,False
2026-04-01 02:00:00,OBJ_1009,0.0,,False
2026-04-01 23:30:00,OBJ_1007,2.7575,,False
2026-04-02 05:30:00,OBJ_1011,1.0467,,False
2026-04-03 03:00:00,OBJ_1010,6.9232,,False
2026-04-01 03:45:00,OBJ_1012,3.8314,,False
2026-04-03 16:00:00,OBJ_1014,2.867,,False
2026-04-03 06:30:00,OBJ_1002,6.6736,,False
2026-04-03 14:45:00,OBJ_1014,3.4953,,False
2026-04-01 03:45:00,OBJ_1007,5.6447,,False
2026-04-02 16:15:00,OBJ_1012,16.6162,,False
2026-04-02 08:15:00,OBJ_1012,13.4966,,False
2026-04-02 23:30:00,OBJ_1002,3.5602,,False
2026-04-01 15:30:00,OBJ_1005,0.6535,,False
2026-04-03 05:45:00,OBJ_1011,1.4783,,False
2026-04-01 01:30:00,OBJ_1005,0.7191,,False
2026-04-03 10:45:00,OBJ_1006,3.3724,,False
2026-04-01 08:15:00,OBJ_1007,3.2282,,False
2026-04-02 10:30:00,OBJ_1006,3.9565,,False
2026-04-01 22:30:00,OBJ_1010,2.7772,,False
2026-04-02 01:30:00,OBJ_1005,0.653,,False
2026-04-01 22:00:00,OBJ_1006,0.0,,False
2026-04-02 03:30:00,OBJ_1001,0.0,,False
2026-04-02 00:45:00,OBJ_1014,2.4548,,False
2026-04-02 12:15:00,OBJ_1011,-1.5725,,False
2026-04-01 09:15:00,OBJ_1007,3.3403,,False
2026-04-01 07:00:00,OBJ_1012,16.1456,,False
2026-04-01 06:30:00,OBJ_1014,3.1044,,False
2026-04-02 21:00:00,OBJ_1005,0.9133,,False
2026-04-01 11:00:00,OBJ_1007,3.1788,,False
2026-04-02 14:45:00,OBJ_1009,5.4314,,False
2026-04-01 15:30:00,OBJ_1009,5.2697,,False
2026-04-01 11:15:00,OBJ_1014,1.9958,,False
2026-04-01 09:45:00,OBJ_1001,2.9113,,False
2026-04-01 14:45:00,OBJ_1008,12.0887,,False
2026-04-01 10:45:00,OBJ_1009,4.5745,,False
2026-04-01 18:30:00,OBJ_1010,6.9788,,False
2026-04-01 03:45:00,OBJ_1006,0.0,,False
2026-04-01 18:00:00,OBJ_1007,4.9252,,False
2026-04-02 20:00:00,OBJ_1006,0.0,,False
2026-04-01 19:00:00,OBJ_1001,0.93,,False
2026-04-02 06:45:00,OBJ_1010,6.172,,False
2026-04-03 15:30:00,OBJ_1012,11.6231,,False
2026-04-03 01:15:00,OBJ_1014,2.8932,,False
2026-04-01 00:45:00,OBJ_1008,2.8135,,False
2026-04-01 16:15:00,OBJ_1001,2.7481,,False
2026-04-01 15:15:00,OBJ_1007,4.2451,,False
2026-04-02 22:30:00,OBJ_1009,0.0,,False
2026-04-02 00:15:00,OBJ_1009,0.0,,False
2026-04-03 12:00:00,OBJ_1012,14.8463,,False
2026-04-03 10:45:00,OBJ_1005,-1.006,,False
2026-04-02 10:00:00,OBJ_1009,4.0232,,False
2026-04-02 06:15:00,OBJ_1011,1.2431,,False
2026-04-01 19:15:00,OBJ_1005,0.6516,,False
2026-04-01 02:45:00,OBJ_1001,0.0,,False
2026-04-02 05:45:00,OBJ_1001,0.0,,False
2026-04-02 03:30:00,OBJ_1002,8.2236,,False
2026-04-03 12:45:00,OBJ_1007,3.6464,,False
2026-04-03 04:45:00,OBJ_1010,5.8224,,False
2026-04-02 15:45:00,OBJ_1010,6.0647,,False
2026-04-03 02:00:00,OBJ_1010,6.212,,False
2026-04-03 09:30:00,OBJ_1011,0.9853,,False
2026-04-03 03:00:00,OBJ_1006,0.0,,False
2026-04-03 20:30:00,OBJ_1009,0.0,,False
2026-04-02 13:15:00,OBJ_1012,16.8471,,False
2026-04-03 02:00:00,OBJ_1011,1.3581,,False
2026-04-01 16:00:00,OBJ_1012,15.0228,,False
2026-04-03 08:45:00,OBJ_1005,0.8674,,False
2026-04-02 14:15:00,OBJ_1007,4.2513,,False
2026-04-02 22:15:00,OBJ_1014,1.6269,,False
2026-04-02 23:30:00,OBJ_1011,0.8727,,False
2026-04-02 20:00:00,OBJ_1014,2.3727,,False
2026-04-02 22:45:00,OBJ_1008,3.9257,,False
2026-04-02 23:00:00,OBJ_1012,4.3385,,False
2026-04-03 00:15:00,OBJ_1012,3.6382,,False
2026-04-01 13:15:00,OBJ_1010,4.9031,,False
2026-04-01 09:15:00,OBJ_1005,0.685,,False
2026-04-01 08:45:00,OBJ_1007,3.6292,,False
2026-04-01 17:00:00,OBJ_1014,3.0606,,False
2026-04-02 09:30:00,OBJ_1008,11.8495,,False
2026-04-01 07:00:00,OBJ_1011,1.368,,False
2026-04-02 20:00:00,OBJ_1009,0.0,,False
2026-04-03 11:00:00,OBJ_1010,2.9377,,False
2026-04-03 07:45:00,OBJ_1012,16.4539,,False
2026-04-02 23:45:00,OBJ_1010,3.1459,,False
2026-04-03 01:15:00,OBJ_1002,7.0894,,False
2026-04-03 01:30:00,OBJ_1010,5.8262,,False
2026-04-02 06:00:00,OBJ_1001,0.0,,False
2026-04-02 20:15:00,OBJ_1002,5.2661,,False
2026-04-01 15:45:00,OBJ_1010,5.5311,,False
2026-04-03 08:00:00,OBJ_1014,2.5563,,False
2026-04-03 13:30:00,OBJ_1010,5.2961,,False
2026-04-03 01:00:00,OBJ_1005,0.716,,False
2026-04-03 19:15:00,OBJ_1008,11.8838,,False
2026-04-01 16:30:00,OBJ_1005,0.9505,,False
2026-04-02 02:15:00,OBJ_1001,0.0,,False
2026-04-01 21:30:00,OBJ_1010,3.6543,,False
2026-04-01 21:15:00,OBJ_1005,0.8149,,False
2026-04-03 01:00:00,OBJ_1011,1.1459,,False
2026-04-01 13:30:00,OBJ_1014,2.6207,,False
2026-04-01 14:30:00,OBJ_1008,9.7726,,False
2026-04-01 22:15:00,OBJ_1008,3.2285,,False
2026-04-02 13:15:00,OBJ_1007,4.451,,False
2026-04-03 03:00:00,OBJ_1005,0.9439,,False
2026-04-01 18:30:00,OBJ_1009,1.8179,,False
2026-04-02 20:15:00,OBJ_1012,16.5683,,False
2026-04-02 04:30:00,OBJ_1004,1.1731,,False
2026-04-02 13:30:00,OBJ_1008,8.9512,,False
2026-04-01 08:45:00,OBJ_1001,2.7918,,False
2026-04-01 11:30:00,OBJ_1007,2.7299,,False
2026-04-02 08:30:00,OBJ_1009,2.7843,,False
2026-04-02 20:30:00,OBJ_1010,4.9539,,False
2026-04-01 00:45:00,OBJ_1014,2.2114,,False
2026-04-03 03:00:00,OBJ_1014,3.0713,,False
2026-04-02 08:00:00,OBJ_1002,4.289,,False
2026-04-03 21:00:00,OBJ_1007,2.7799,,False
2026-04-02 12:15:00,OBJ_1005,-0.9825,,False
2026-04-01 16:15:00,OBJ_1010,6.9783,,False
2026-04-03 23:15:00,OBJ_1006,0.0,,False
2026-04-02 21:30:00,OBJ_1010,3.5147,,False
2026-04-02 21:45:00,OBJ_1006,0.0,,False
2026-04-01 18:45:00,OBJ_1009,1.4203,,False
2026-04-01 18:45:00,OBJ_1012,18.0111,,False
2026-04-02 06:15:00,OBJ_1010,5.935,,False
2026-04-03 16:30:00,OBJ_1005,0.9628,,False
2026-04-01 03:15:00,OBJ_1014,2.7978,,False
2026-04-02 12:00:00,OBJ_1010,3.8201,,False
2026-04-01 04:15:00,OBJ_1002,7.2756,,False
2026-04-03 23:30:00,OBJ_1008,4.4844,,False
2026-04-03 07:00:00,OBJ_1007,4.3456,,False
2026-04-01 19:00:00,OBJ_1002,4.9977,,False
2026-04-03 15:00:00,OBJ_1002,8.257,,False
2026-04-02 12:00:00,OBJ_1014,2.1657,,False
2026-04-03 23:30:00,OBJ_1004,1.1762,,False
2026-04-02 12:30:00,OBJ_1014,2.073,,False
2026-04-02 00:30:00,OBJ_1014,2.2543,,False
2026-04-01 18:30:00,OBJ_1006,1.305,,False
2026-04-01 13:00:00,OBJ_1010,4.8592,,False
2026-04-03 18:00:00,OBJ_1004,0.9939,,False
2026-04-03 18:45:00,OBJ_1004,1.1669,,False
2026-04-03 11:15:00,OBJ_1009,5.3701,,False
2026-04-03 06:15:00,OBJ_1002,6.6523,,False
2026-04-01 23:45:00,OBJ_1007,3.2421,,False
2026-04-02 19:15:00,OBJ_1001,0.7602,,False
2026-04-03 04:15:00,OBJ_1014,3.0474,,False
2026-04-01 14:00:00,OBJ_1009,4.7277,,False
2026-04-02 15:00:00,OBJ_1004,0.9299,,False
2026-04-01 20:30:00,OBJ_1010,4.9986,,False
2026-04-01 18:45:00,OBJ_1008,11.556,,False
2026-04-03 16:00:00,OBJ_1009,3.9726,,False
2026-04-03 12:15:00,OBJ_1014,2.2201,,False
2026-04-03 11:45:00,OBJ_1008,11.9404,,False
2026-04-01 10:30:00,OBJ_1009,4.7337,,False
2026-04-03 00:30:00,OBJ_1002,4.9041,,False
2026-04-01 23:00:00,OBJ_1001,0.0,,False
2026-04-01 07:45:00,OBJ_1002,5.6654,,False
2026-04-03 23:45:00,OBJ_1007,2.6613,,False
2026-04-01 01:15:00,OBJ_1014,3.2047,,False
2026-04-01 17:15:00,OBJ_1007,5.575,,False
2026-04-02 08:30:00,OBJ_1012,15.6298,,False
2026-04-01 14:30:00,OBJ_1010,6.2813,,False
2026-04-01 18:45:00,OBJ_1001,1.3176,,False
2026-04-03 14:00:00,OBJ_1004,1.1501,,False
2026-04-03 17:30:00,OBJ_1004,1.2525,,False
2026-04-01 12:45:00,OBJ_1012,17.2814,,False
2026-04-01 20:00:00,OBJ_1011,1.0171,,False
2026-04-02 06:00:00,OBJ_1011,1.4777,,False
2026-04-03 17:45:00,OBJ_1010,5.8344,,False
2026-04-01 18:45:00,OBJ_1005,1.0489,,False
2026-04-01 19:30:00,OBJ_1011,1.408,,False
2026-04-01 20:30:00,OBJ_1002,5.9116,,False
2026-04-02 12:30:00,OBJ_1011,-1.4857,,False
2026-04-02 00:15:00,OBJ_1001,0.0,,False
2026-04-01 23:30:00,OBJ_1010,3.7143,,False
2026-04-03 18:45:00,OBJ_1007,5.0179,,False
2026-04-01 09:30:00,OBJ_1001,3.0345,,False
2026-04-01 00:45:00,OBJ_1007,3.3416,,False
2026-04-03 18:30:00,OBJ_1009,1.7057,,False
2026-04-02 21:30:00,OBJ_1011,1.5361,,False
2026-04-01 17:15:00,OBJ_1014,3.4602,,False
2026-04-03 05:45:00,OBJ_1010,6.2506,,False
2026-04-01 08:00:00,OBJ_1011,1.465,,False
2026-04-03 10:00:00,OBJ_1004,1.1409,,False
2026-04-01 22:45:00,OBJ_1010,2.4541,,False
2026-04-01 09:00:00,OBJ_1011,0.982,,False
2026-04-02 21:30:00,OBJ_1009,0.0,,False
2026-04-01 05:45:00,OBJ_1014,3.5843,,False
2026-04-01 03:30:00,OBJ_1001,0.0,,False
2026-04-01 04:30:00,OBJ_1010,5.9706,,False
2026-04-02 20:30:00,OBJ_1014,1.9623,,False
2026-04-01 10:15:00,OBJ_1014,1.405,,False
2026-04-03 15:30:00,OBJ_1014,3.5507,,False
2026-04-01 11:45:00,OBJ_1011,-1.76,,False
2026-04-01 10:00:00,OBJ_1012,16.5773,,False
2026-04-02 21:00:00,OBJ_1007,2.5037,,False
2026-04-03 16:30:00,OBJ_1012,16.7206,,False
2026-04-02 13:15:00,OBJ_1005,-0.9278,,False
2026-04-03 05:30:00,OBJ_1006,0.0,,False
2026-04-01 09:00:00,OBJ_1004,1.2856,,False
2026-04-02 21:15:00,OBJ_1005,0.7528,,False
2026-04-02 12:15:00,OBJ_1014,2.6658,,False
2026-04-03 22:15:00,OBJ_1011,1.2647,,False
2026-04-03 22:30:00,OBJ_1005,0.9329,,False
2026-04-03 14:45:00,OBJ_1011,-1.5181,,False
2026-04-02 11:45:00,OBJ_1009,5.3908,,False
2026-04-03 08:45:00,OBJ_1004,1.0875,,False
2026-04-01 23:30:00,OBJ_1009,0.0,,False
2026-04-03 01:15:00,OBJ_1012,5.6344,,False
2026-04-02 18:00:00,OBJ_1014,2.6705,,False
2026-04-02 20:15:00,OBJ_1005,1.0325,,False
2026-04-01 16:00:00,OBJ_1008,13.6063,,False
2026-04-01 05:30:00,OBJ_1011,0.9084,,False
2026-04-02 21:30:00,OBJ_1008,11.9923,,False
2026-04-02 08:00:00,OBJ_1009,2.238,,False
2026-04-01 10:30:00,OBJ_1008,9.4351,,False
2026-04-01 21:30:00,OBJ_1005,0.9126,,False
2026-04-03 02:30:00,OBJ_1012,4.3982,,False
2026-04-03 03:15:00,OBJ_1001,0.0,,False
2026-04-01 12:15:00,OBJ_1014,2.0247,,False
2026-04-02 21:30:00,OBJ_1005,0.8888,,False
2026-04-02 15:00:00,OBJ_1011,1.3068,,False
2026-04-01 23:00:00,OBJ_1007,2.6141,,False
2026-04-02 17:15:00,OBJ_1006,2.4052,,False
2026-04-02 09:15:00,OBJ_1011,1.3962,,False
2026-04-03 21:30:00,OBJ_1012,12.6033,,False
2026-04-03 14:30:00,OBJ_1008,9.3618,,False
2026-04-02 18:15:00,OBJ_1010,5.9064,,False
2026-04-01 15:30:00,OBJ_1008,11.9468,,False
2026-04-03 01:15:00,OBJ_1010,5.5725,,False
2026-04-03 07:00:00,OBJ_1006,0.9223,,False
2026-04-02 22:15:00,OBJ_1008,4.1492,,False
2026-04-02 00:45:00,OBJ_1008,3.8245,,False
2026-04-01 10:00:00,OBJ_1001,3.1167,,False
2026-04-01 14:45:00,OBJ_1005,-1.1857,,False
2026-04-02 20:15:00,OBJ_1009,0.0,,False
2026-04-03 11:30:00,OBJ_1012,16.3688,,False
2026-04-01 17:15:00,OBJ_1012,17.2608,,False
2026-04-02 03:15:00,OBJ_1010,6.3771,,False
2026-04-03 15:00:00,OBJ_1005,0.9775,,False
2026-04-03 13:30:00,OBJ_1007,4.2169,,False
2026-04-02 01:00:00,OBJ_1011,1.0959,,False
2026-04-03 00:00:00,OBJ_1011,1.2961,,False
2026-04-03 02:45:00,OBJ_1006,0.0,,False
2026-04-02 12:00:00,OBJ_1011,-1.5507,,False
2026-04-01 22:30:00,OBJ_1001,0.0,,False
2026-04-01 23:45:00,OBJ_1001,0.0,,False
2026-04-02 11:00:00,OBJ_1008,12.89,,False
2026-04-02 20:00:00,OBJ_1011,1.4655,,False
2026-04-02 04:30:00,OBJ_1007,4.7511,,False
2026-04-01 16:15:00,OBJ_1008,10.6914,,False
2026-04-02 02:00:00,OBJ_1009,0.0,,False
2026-04-02 05:30:00,OBJ_1014,3.9538,,False
2026-04-01 16:15:00,OBJ_1006,2.6564,,False
2026-04-03 17:00:00,OBJ_1010,5.767,,False
2026-04-03 09:30:00,OBJ_1007,3.4716,,False
2026-04-02 02:30:00,OBJ_1004,1.0317,,False
2026-04-01 19:15:00,OBJ_1012,14.1663,,False
2026-04-02 19:45:00,OBJ_1006,0.2344,,False
2026-04-02 00:30:00,OBJ_1010,4.3001,,False
2026-04-01 23:00:00,OBJ_1010,3.6001,,False
2026-04-01 22:45:00,OBJ_1009,0.0,,False
2026-04-03 15:15:00,OBJ_1014,2.744,,False
2026-04-03 15:15:00,OBJ_1009,4.1542,,False
2026-04-02 20:00:00,OBJ_1008,12.1329,,False
2026-04-02 05:00:00,OBJ_1004,0.9396,,False
2026-04-03 19:00:00,OBJ_1006,1.068,,False
2026-04-01 07:45:00,OBJ_1001,1.6506,,False
2026-04-02 04:45:00,OBJ_1001,0.0,,False
2026-04-03 01:15:00,OBJ_1008,4.005,,False
2026-04-01 11:30:00,OBJ_1004,1.3201,,False
2026-04-01 02:00:00,OBJ_9999,0.0,,False
2026-04-02 17:30:00,OBJ_1008,12.9742,,False
2026-04-02 19:30:00,OBJ_1009,0.5588,,False
2026-04-03 11:45:00,OBJ_1012,18.6417,,False
2026-04-02 02:15:00,OBJ_1005,1.0136,,False
2026-04-03 07:15:00,OBJ_1011,0.964,,False
2026-04-03 13:30:00,OBJ_1011,-1.6138,,False
2026-04-02 05:00:00,OBJ_1009,0.0,,False
2026-04-03 23:45:00,OBJ_1011,1.3163,,False
2026-04-03 04:45:00,OBJ_1011,1.1642,,False
2026-04-02 09:30:00,OBJ_1005,0.8801,,False
2026-04-01 23:30:00,OBJ_1011,1.5578,,False
2026-04-03 12:30:00,OBJ_1010,4.1149,,False
2026-04-03 00:30:00,OBJ_1004,1.117,,False
2026-04-03 17:00:00,OBJ_1008,8.9604,,False
2026-04-03 17:45:00,OBJ_1006,2.0158,,False
2026-04-01 05:30:00,OBJ_1010,5.9759,,False
2026-04-02 11:30:00,OBJ_1008,9.8113,,False
2026-04-01 02:30:00,OBJ_1009,0.0,,False
2026-04-03 13:30:00,OBJ_1001,3.9979,,False
2026-04-01 06:15:00,OBJ_1010,6.7728,,False
2026-04-02 18:15:00,OBJ_1011,1.0721,,False
2026-04-02 00:30:00,OBJ_1005,0.7322,,False
2026-04-02 20:15:00,OBJ_1014,2.4955,,False
2026-04-03 01:15:00,OBJ_1009,0.0,,False
2026-04-01 13:15:00,OBJ_1011,-1.3555,,False
2026-04-02 10:30:00,OBJ_1012,15.1975,,False
2026-04-02 19:15:00,OBJ_1014,2.9583,,False
2026-04-02 16:45:00,OBJ_1010,5.6102,,False
2026-04-01 10:45:00,OBJ_1008,9.7988,,False
2026-04-01 19:00:00,OBJ_1011,0.9898,,False
2026-04-03 17:45:00,OBJ_1008,12.3348,,False
2026-04-02 23:00:00,OBJ_1008,4.1479,,False
2026-04-02 07:45:00,OBJ_1009,1.92,,False
2026-04-01 16:15:00,OBJ_1011,1.4785,,False
2026-04-01 02:15:00,OBJ_1008,4.4165,,False
2026-04-03 15:45:00,OBJ_1009,4.9555,,False
2026-04-03 16:30:00,OBJ_1011,1.2883,,False
2026-04-03 03:30:00,OBJ_1004,1.2704,,False
2026-04-03 03:45:00,OBJ_1012,5.7926,,False
2026-04-03 13:15:00,OBJ_1010,5.8257,,False
2026-04-02 10:30:00,OBJ_1011,-1.2495,,False
2026-04-01 22:15:00,OBJ_1010,3.1465,,False
2026-04-03 08:30:00,OBJ_1007,3.3645,,False
2026-04-02 06:45:00,OBJ_1008,3.8942,,False
2026-04-02 11:15:00,OBJ_1002,4.1909,,False
2026-04-01 21:00:00,OBJ_1006,0.0,,False
2026-04-03 03:00:00,OBJ_1004,1.0677,,False
2026-04-01 06:00:00,OBJ_1012,5.0669,,False
2026-04-03 21:15:00,OBJ_1009,0.0,,False
2026-04-02 16:45:00,OBJ_1001,2.568,,False
2026-04-03 08:00:00,OBJ_1010,4.7797,,False
2026-04-01 12:15:00,OBJ_1010,4.1959,,False
2026-04-02 19:30:00,OBJ_1001,0.4819,,False
2026-04-03 12:00:00,OBJ_1011,-1.7978,,False
2026-04-03 11:15:00,OBJ_1001,3.9084,,False
2026-04-01 06:00:00,OBJ_1005,0.6288,,False
2026-04-03 23:30:00,OBJ_1007,2.6042,,False
2026-04-03 02:00:00,OBJ_1009,0.0,,False
2026-04-01 14:30:00,OBJ_1004,1.2186,,False
2026-04-01 08:15:00,OBJ_1012,16.2798,,False
2026-04-03 06:45:00,OBJ_1014,3.4607,,False
2026-04-03 08:30:00,OBJ_1006,2.424,,False
2026-04-03 02:00:00,OBJ_1002,6.562,,False
2026-04-02 23:30:00,OBJ_1010,3.8841,,False
2026-04-01 16:00:00,OBJ_1007,4.5575,,False
2026-04-03 22:30:00,OBJ_1011,1.1144,,False
2026-04-03 14:45:00,OBJ_1005,-1.0026,,False
2026-04-01 20:45:00,OBJ_1005,0.891,,False
2026-04-03 08:15:00,OBJ_1010,3.9231,,False
2026-04-01 11:30:00,OBJ_1012,15.538,,False
2026-04-03 19:30:00,OBJ_1001,0.4919,,False
2026-04-01 00:45:00,OBJ_1001,0.0,duplicate_timeseries_key,True
2026-04-03 15:30:00,OBJ_1006,3.2094,,False
2026-04-03 11:30:00,OBJ_1010,3.9609,,False
2026-04-02 20:45:00,OBJ_1001,0.0,,False
2026-04-03 05:30:00,OBJ_1001,0.0,,False
2026-04-03 23:45:00,OBJ_1005,0.585,,False
2026-04-03 22:15:00,OBJ_1005,0.8178,,False
2026-04-01 05:00:00,OBJ_1008,3.6386,,False
2026-04-02 07:30:00,OBJ_1014,3.0993,,False
2026-04-03 06:00:00,OBJ_1011,1.1184,,False
2026-04-03 06:30:00,OBJ_1001,0.4724,,False
2026-04-03 23:00:00,OBJ_1010,2.9438,,False
2026-04-03 22:30:00,OBJ_1001,0.0,,False
2026-04-01 12:30:00,OBJ_1006,4.3669,,False
2026-04-01 17:15:00,OBJ_1002,7.0455,,False
2026-04-01 19:45:00,OBJ_1006,0.2216,,False
2026-04-01 03:15:00,OBJ_1009,0.0,,False
2026-04-01 09:45:00,OBJ_1009,3.9632,,False
2026-04-02 11:15:00,OBJ_1001,3.6587,,False
2026-04-01 15:45:00,OBJ_1006,3.4093,,False
2026-04-01 05:30:00,OBJ_1012,4.5672,,False
2026-04-02 16:45:00,OBJ_1002,6.1086,,False
2026-04-03 22:45:00,OBJ_1010,2.9981,,False
2026-04-03 11:00:00,OBJ_1002,4.6785,,False
2026-04-03 14:30:00,OBJ_1011,-1.9294,,False
2026-04-02 14:00:00,OBJ_1006,4.004,,False
2026-04-01 16:45:00,OBJ_1001,3.0833,,False
2026-04-01 15:45:00,OBJ_1012,16.4414,,False
2026-04-01 07:15:00,OBJ_1008,11.0778,,False
2026-04-01 13:45:00,OBJ_1006,4.3459,,False
2026-04-01 02:00:00,OBJ_1005,0.6972,,False
2026-04-03 02:15:00,OBJ_1011,1.3372,,False
2026-04-03 13:15:00,OBJ_1001,4.1389,,False
2026-04-01 20:45:00,OBJ_1001,0.0,,False
2026-04-02 19:15:00,OBJ_1002,7.5813,,False
2026-04-02 10:00:00,OBJ_1014,1.7301,,False
2026-04-02 16:30:00,OBJ_1001,2.671,,False
2026-04-03 02:00:00,OBJ_1014,3.2801,,False
2026-04-03 05:30:00,OBJ_1011,1.1411,,False
2026-04-03 20:00:00,OBJ_1009,0.0,,False
2026-04-03 11:45:00,OBJ_1005,-0.8153,,False
2026-04-03 02:15:00,OBJ_1007,3.9253,,False
2026-04-02 12:00:00,OBJ_1002,4.9292,,False
2026-04-02 23:30:00,OBJ_1005,0.8332,,False
2026-04-02 13:00:00,OBJ_1014,2.6548,,False
2026-04-01 23:45:00,OBJ_1005,0.6108,,False
2026-04-01 02:45:00,OBJ_1008,4.219,,False
2026-04-03 18:15:00,OBJ_1001,1.5933,,False
2026-04-02 11:30:00,OBJ_1004,1.1969,,False
2026-04-03 02:45:00,OBJ_1010,4.8085,,False
2026-04-02 22:15:00,OBJ_1009,0.0,,False
2026-04-02 07:15:00,OBJ_1011,1.2115,,False
2026-04-02 20:45:00,OBJ_1006,0.0,,False
2026-04-01 01:45:00,OBJ_1001,0.0,,False
2026-04-03 15:15:00,OBJ_1001,3.7146,,False
2026-04-02 07:15:00,OBJ_1002,6.0484,,False
2026-04-02 18:15:00,OBJ_1007,5.1479,,False
2026-04-02 13:15:00,OBJ_1009,6.1492,,False
2026-04-03 16:15:00,OBJ_1008,11.9696,,False
2026-04-03 00:00:00,OBJ_1002,5.7337,,False
2026-04-03 09:15:00,OBJ_1004,1.232,,False
2026-04-01 11:45:00,OBJ_1009,5.9567,,False
2026-04-01 14:00:00,OBJ_1002,7.9888,,False
2026-04-03 20:45:00,OBJ_1006,0.0,,False
2026-04-01 09:45:00,OBJ_1010,3.8271,,False
2026-04-02 13:45:00,OBJ_1012,17.3349,,False
2026-04-01 19:30:00,OBJ_1001,0.4821,,False
2026-04-02 18:00:00,OBJ_1007,4.0313,,False
2026-04-02 05:00:00,OBJ_1001,0.0,,False
2026-04-01 19:00:00,OBJ_1006,0.9329,,False
2026-04-01 15:30:00,OBJ_1007,5.5526,,False
2026-04-02 01:45:00,OBJ_1005,0.644,,False
2026-04-01 03:30:00,OBJ_1014,3.4391,,False
2026-04-02 08:00:00,OBJ_1010,4.2556,,False
2026-04-01 15:00:00,OBJ_1006,3.7305,,False
2026-04-02 09:00:00,OBJ_1005,0.7795,,False
2026-04-01 00:15:00,OBJ_1014,2.1409,,False
2026-04-03 12:00:00,OBJ_1001,4.0996,,False
2026-04-02 17:15:00,OBJ_1014,3.9344,,False
2026-04-02 17:00:00,OBJ_1009,3.9439,,False
2026-04-01 16:45:00,OBJ_1014,3.1221,,False
2026-04-01 06:30:00,OBJ_1005,1.0389,,False
2026-04-03 22:00:00,OBJ_1006,0.0,,False
2026-04-01 09:15:00,OBJ_1008,10.8057,,False
2026-04-03 15:30:00,OBJ_1011,1.2462,,False
2026-04-03 21:15:00,OBJ_1001,0.0,,False
2026-04-02 00:45:00,OBJ_1002,4.9016,,False
2026-04-01 03:15:00,OBJ_1010,6.0096,,False
2026-04-01 13:45:00,OBJ_1009,5.5115,,False
2026-04-02 01:00:00,OBJ_1002,6.3819,,False
2026-04-02 14:30:00,OBJ_1005,-1.0541,,False
2026-04-03 12:45:00,OBJ_1008,11.3074,,False
2026-04-02 17:45:00,OBJ_1010,6.0875,,False
2026-04-02 20:00:00,OBJ_1007,3.163,,False
2026-04-01 10:00:00,OBJ_1002,3.3451,,False
2026-04-03 03:45:00,OBJ_1009,0.0,,False
2026-04-01 04:00:00,OBJ_1010,5.5987,,False
2026-04-02 21:30:00,OBJ_1004,1.1823,,False
2026-04-02 09:00:00,OBJ_1008,11.7704,,False
2026-04-03 00:00:00,OBJ_1004,1.2112,,False
2026-04-01 23:15:00,OBJ_1012,4.7632,,False
2026-04-03 22:45:00,OBJ_1007,2.3526,,False
2026-04-01 15:15:00,OBJ_1004,1.0597,,False
2026-04-02 18:45:00,OBJ_1007,4.206,,False
2026-04-01 05:45:00,OBJ_1010,5.9813,,False
2026-04-02 13:45:00,OBJ_1011,-1.4446,,False
2026-04-02 19:00:00,OBJ_1012,13.5902,,False
2026-04-01 02:15:00,OBJ_1010,5.6841,,False
2026-04-01 10:45:00,OBJ_1012,13.3044,,False
2026-04-01 00:45:00,OBJ_1009,0.0,,False
2026-04-03 13:45:00,OBJ_1011,-1.5044,,False
2026-04-02 11:00:00,OBJ_1002,3.4184,,False
2026-04-01 18:15:00,OBJ_1014,3.1467,,False
2026-04-02 14:30:00,OBJ_1001,3.8602,,False
2026-04-03 09:45:00,OBJ_1014,1.8556,,False
2026-04-02 02:15:00,OBJ_1011,1.1673,,False
2026-04-03 08:15:00,OBJ_1009,2.7191,,False
2026-04-01 02:45:00,OBJ_1011,1.1598,,False
2026-04-02 16:00:00,OBJ_1005,0.8354,,False
2026-04-01 20:30:00,OBJ_1007,3.4421,,False
2026-04-03 13:45:00,OBJ_1005,-1.0082,,False
2026-04-02 08:15:00,OBJ_1010,5.4282,,False
2026-04-02 14:45:00,OBJ_1005,-1.2562,,False
2026-04-01 08:00:00,OBJ_1002,5.3041,,False
2026-04-01 20:45:00,OBJ_1012,12.3417,,False
2026-04-01 07:00:00,OBJ_1006,0.8989,,False
2026-04-01 07:45:00,OBJ_1008,12.984,,False
2026-04-02 22:15:00,OBJ_1010,2.3394,,False
2026-04-01 21:30:00,OBJ_1001,0.0,,False
2026-04-03 20:45:00,OBJ_1012,14.0099,,False
2026-04-01 07:15:00,OBJ_1010,4.5929,,False
2026-04-03 13:15:00,OBJ_1012,13.009,,False
2026-04-01 03:15:00,OBJ_1005,0.8715,,False
2026-04-03 18:15:00,OBJ_1009,2.0978,,False
2026-04-01 02:15:00,OBJ_1006,0.0,,False
2026-04-02 17:45:00,OBJ_1007,5.385,,False
2026-04-02 05:45:00,OBJ_1012,5.4932,,False
2026-04-02 12:00:00,OBJ_1006,3.6453,,False
2026-04-01 08:15:00,OBJ_1008,10.5786,,False
2026-04-02 21:45:00,OBJ_1014,1.5842,,False
2026-04-02 08:30:00,OBJ_1014,2.5079,,False
2026-04-03 12:30:00,OBJ_1008,11.1032,,False
2026-04-01 21:45:00,OBJ_1006,0.0,,False
2026-04-03 02:15:00,OBJ_1004,1.1943,,False
2026-04-02 05:45:00,OBJ_1014,3.2014,,False
2026-04-02 03:15:00,OBJ_1002,6.6343,,False
2026-04-02 18:30:00,OBJ_1010,6.663,,False
2026-04-01 02:30:00,OBJ_1012,5.2307,,False
2026-04-02 17:45:00,OBJ_1011,1.0014,,False
2026-04-03 06:15:00,OBJ_1014,3.1427,,False
2026-04-02 16:45:00,OBJ_1006,2.8707,,False
2026-04-02 12:30:00,OBJ_1006,4.503,,False
2026-04-02 01:45:00,OBJ_1011,0.88,,False
2026-04-01 17:45:00,OBJ_1002,7.6022,,False
2026-04-03 22:30:00,OBJ_1014,1.4412,,False
2026-04-02 09:00:00,OBJ_1007,2.5063,,False
2026-04-02 05:15:00,OBJ_1002,7.4737,,False
2026-04-03 21:15:00,OBJ_1014,1.7081,,False
2026-04-03 18:30:00,OBJ_1005,0.7268,,False
2026-04-02 10:15:00,OBJ_1009,3.836,,False
2026-04-02 06:30:00,OBJ_1001,0.4224,,False
2026-04-02 12:00:00,OBJ_1001,3.8382,,False
2026-04-01 10:00:00,OBJ_1010,2.415,,False
2026-04-02 14:30:00,OBJ_1008,12.6249,,False
2026-04-01 21:30:00,OBJ_1009,0.0,,False
2026-04-03 11:30:00,OBJ_1009,5.0796,,False
2026-04-01 06:00:00,OBJ_1007,4.9892,,False
2026-04-03 16:45:00,OBJ_1012,16.0367,,False
2026-04-03 08:45:00,OBJ_1008,10.1537,,False
2026-04-01 10:15:00,OBJ_1006,3.4005,,False
2026-04-02 01:00:00,OBJ_1014,2.4783,,False
2026-04-03 06:00:00,OBJ_1014,3.014,,False
2026-04-01 01:15:00,OBJ_1009,0.0,,False
2026-04-03 08:00:00,OBJ_1004,1.1083,,False
2026-04-03 23:00:00,OBJ_1001,0.0,,False
2026-04-01 08:00:00,OBJ_1014,2.9057,,False
2026-04-02 22:00:00,OBJ_1014,1.658,,False
2026-04-03 12:15:00,OBJ_1004,1.1597,,False
2026-04-02 01:45:00,OBJ_1007,4.0328,,False
2026-04-02 10:30:00,OBJ_1010,3.2697,,False
2026-04-01 20:30:00,OBJ_1009,0.0,,False
2026-04-03 18:45:00,OBJ_1011,1.3348,,False
2026-04-01 06:00:00,OBJ_1010,6.8422,,False
2026-04-03 23:45:00,OBJ_1014,1.8325,,False
2026-04-03 16:30:00,OBJ_1002,6.9202,,False
2026-04-03 15:30:00,OBJ_1001,3.8603,,False
2026-04-02 19:00:00,OBJ_1005,0.7572,,False
2026-04-01 00:00:00,OBJ_1005,0.667,,False
2026-04-01 16:00:00,OBJ_1006,3.1239,,False
2026-04-01 13:15:00,OBJ_1002,6.3259,,False
2026-04-02 14:30:00,OBJ_1004,1.1994,,False
2026-04-01 19:15:00,OBJ_1001,0.7348,,False
2026-04-01 09:00:00,OBJ_1006,2.5039,,False
2026-04-02 10:45:00,OBJ_1006,4.2347,,False
2026-04-02 05:45:00,OBJ_1004,1.1479,,False
2026-04-03 01:00:00,OBJ_1014,3.4204,,False
2026-04-03 08:30:00,OBJ_1001,2.0969,,False
2026-04-03 07:15:00,OBJ_1009,1.7648,,False
2026-04-02 20:30:00,OBJ_1009,0.0,,False
2026-04-02 09:30:00,OBJ_1012,17.5385,,False
2026-04-02 22:45:00,OBJ_1005,0.6809,,False
2026-04-03 12:30:00,OBJ_1004,1.1583,,False
2026-04-02 03:45:00,OBJ_1002,8.2718,,False
2026-04-01 09:45:00,OBJ_1004,1.1353,,False
2026-04-03 14:30:00,OBJ_1004,1.3221,,False
2026-04-02 04:30:00,OBJ_1006,0.0,,False
2026-04-01 19:15:00,OBJ_1007,4.0004,,False
2026-04-01 14:00:00,OBJ_1005,-1.2069,,False
2026-04-02 22:45:00,OBJ_1004,1.0834,,False
2026-04-01 21:30:00,OBJ_1014,2.1455,,False
2026-04-01 00:15:00,OBJ_1007,3.483,,False
2026-04-03 01:00:00,OBJ_1008,3.6194,,False
2026-04-01 08:45:00,OBJ_1008,9.8563,,False
2026-04-02 20:15:00,OBJ_1007,3.2848,,False
2026-04-01 03:30:00,OBJ_1006,0.0,,False
2026-04-02 22:15:00,OBJ_1011,1.1576,,False
2026-04-02 18:45:00,OBJ_1002,7.5233,,False
2026-04-01 09:30:00,OBJ_1005,0.65,,False
2026-04-02 11:45:00,OBJ_1001,3.869,,False
2026-04-01 06:45:00,OBJ_1004,1.198,,False
2026-04-02 09:45:00,OBJ_1006,2.835,,False
2026-04-03 23:00:00,OBJ_1007,2.7961,,False
2026-04-03 22:45:00,OBJ_1012,5.8555,,False
2026-04-03 18:30:00,OBJ_1001,1.3434,,False
2026-04-03 11:15:00,OBJ_1010,3.345,,False
2026-04-02 22:00:00,OBJ_1007,2.1429,,False
2026-04-02 05:00:00,OBJ_1010,7.4024,,False
2026-04-03 03:00:00,OBJ_1007,5.0888,,False
2026-04-01 12:15:00,OBJ_1009,6.0217,,False
2026-04-02 19:00:00,OBJ_1004,1.0328,,False
2026-04-02 05:15:00,OBJ_1005,0.7436,,False
2026-04-01 03:30:00,OBJ_1010,6.4559,,False
2026-04-03 07:45:00,OBJ_1007,4.4269,,False
2026-04-02 22:00:00,OBJ_1001,0.0,,False
2026-04-03 17:15:00,OBJ_1008,10.7909,,False
2026-04-02 15:45:00,OBJ_1006,3.1083,,False
2026-04-02 06:30:00,OBJ_1008,3.032,,False
2026-04-03 18:30:00,OBJ_1010,5.7227,,False
2026-04-03 08:15:00,OBJ_1012,19.1119,,False
2026-04-01 21:30:00,OBJ_1008,9.8659,,False
2026-04-03 03:15:00,OBJ_1009,0.0,,False
2026-04-01 07:15:00,OBJ_1009,1.5337,,False
2026-04-03 22:00:00,OBJ_1014,1.5952,,False
2026-04-03 09:00:00,OBJ_1014,1.6781,,False
2026-04-02 10:45:00,OBJ_1005,-0.9783,,False
2026-04-02 22:15:00,OBJ_1002,3.0045,,False
2026-04-02 18:00:00,OBJ_1012,12.0059,,False
2026-04-03 18:45:00,OBJ_1001,1.1507,,False
2026-04-03 19:15:00,OBJ_1004,1.1462,,False
2026-04-02 05:30:00,OBJ_1010,7.1051,,False
2026-04-02 15:45:00,OBJ_1009,4.5692,,False
2026-04-02 07:45:00,OBJ_1001,1.5664,,False
2026-04-02 10:15:00,OBJ_1002,3.616,,False
2026-04-03 01:30:00,OBJ_1001,0.0,,False
2026-04-01 14:45:00,OBJ_1007,5.0382,,False
2026-04-03 18:00:00,OBJ_1009,2.5491,,False
2026-04-02 05:30:00,OBJ_1007,4.5327,,False
2026-04-03 19:30:00,OBJ_1006,0.4579,,False
2026-04-01 12:15:00,OBJ_1011,-1.5005,,False
2026-04-02 22:00:00,OBJ_1009,0.0,,False
2026-04-02 23:00:00,OBJ_1001,0.0,,False
2026-04-02 07:30:00,OBJ_1011,1.3289,,False
2026-04-02 07:45:00,OBJ_1007,3.9775,,False
2026-04-01 13:45:00,OBJ_1014,2.629,,False
2026-04-02 22:15:00,OBJ_1004,1.1301,,False
2026-04-02 16:15:00,OBJ_1006,3.2315,,False
2026-04-02 14:45:00,OBJ_1011,-1.321,,False
2026-04-02 07:15:00,OBJ_1007,3.6927,,False
2026-04-03 03:00:00,OBJ_1002,6.8914,,False
2026-04-01 07:30:00,OBJ_1005,0.6677,,False
2026-04-02 07:00:00,OBJ_1006,1.0048,,False
2026-04-02 00:15:00,OBJ_1012,5.3987,,False
2026-04-01 04:00:00,OBJ_1002,7.8208,,False
2026-04-01 19:45:00,OBJ_1001,0.2487,,False
2026-04-03 11:45:00,OBJ_1014,1.7475,,False
2026-04-02 23:30:00,OBJ_1012,5.1385,,False
2026-04-02 13:00:00,OBJ_1010,4.7928,,False
2026-04-03 05:15:00,OBJ_1006,0.0,,False
2026-04-03 18:15:00,OBJ_1006,1.4796,,False
2026-04-01 00:00:00,OBJ_1010,4.4101,,False
2026-04-02 14:00:00,OBJ_1004,1.0557,,False
2026-04-03 23:30:00,OBJ_1001,0.0,,False
2026-04-03 11:00:00,OBJ_1006,3.9471,,False
2026-04-01 23:00:00,OBJ_1012,4.3657,,False
2026-04-03 20:15:00,OBJ_1009,0.0,,False
2026-04-01 22:45:00,OBJ_1005,0.7603,,False
2026-04-01 17:15:00,OBJ_1005,0.6768,,False
2026-04-01 00:15:00,OBJ_1003,2.1278,,False
2026-04-03 17:45:00,OBJ_1011,1.2918,,False
2026-04-01 23:45:00,OBJ_1004,1.1267,,False
2026-04-03 12:30:00,OBJ_1007,3.3926,,False
2026-04-01 03:45:00,OBJ_1001,0.0,,False
2026-04-03 01:00:00,OBJ_1004,1.2556,,False
2026-04-01 01:00:00,OBJ_1009,0.0,,False
2026-04-01 14:45:00,OBJ_1011,-1.7921,,False
2026-04-02 11:00:00,OBJ_1012,15.0201,,False
2026-04-02 15:30:00,OBJ_1014,3.7876,,False
2026-04-02 12:45:00,OBJ_1010,4.4714,,False
2026-04-03 13:30:00,OBJ_1014,2.5752,,False
2026-04-01 03:00:00,OBJ_1011,1.2141,,False
2026-04-01 02:30:00,OBJ_1005,0.872,,False
2026-04-02 08:00:00,OBJ_1012,14.4523,,False
2026-04-02 09:45:00,OBJ_1011,1.3335,,False
2026-04-03 17:30:00,OBJ_1005,0.622,,False
2026-04-01 18:15:00,OBJ_1009,2.0311,,False
2026-04-01 00:00:00,OBJ_1003,1.6838,,False
2026-04-01 05:15:00,OBJ_1010,6.4389,,False
2026-04-02 16:45:00,OBJ_1011,1.343,,False
2026-04-03 00:00:00,OBJ_1005,0.9913,,False
2026-04-01 01:45:00,OBJ_1011,1.1753,,False
2026-04-01 23:00:00,OBJ_1005,0.7837,,False
2026-04-01 23:15:00,OBJ_1005,0.5491,,False
2026-04-02 23:30:00,OBJ_1006,0.0,,False
2026-04-03 01:15:00,OBJ_1004,1.209,,False
2026-04-02 14:45:00,OBJ_1007,4.5473,,False
2026-04-01 20:00:00,OBJ_1002,4.6732,,False
2026-04-01 07:15:00,OBJ_1007,3.9172,,False
2026-04-03 09:45:00,OBJ_1002,4.7498,,False
2026-04-01 01:00:00,OBJ_1004,0.9572,,False
2026-04-01 14:45:00,OBJ_1010,6.296,,False
2026-04-01 02:45:00,OBJ_9999,0.0,,False
2026-04-01 02:30:00,OBJ_1007,4.3109,,False
2026-04-01 10:15:00,OBJ_1001,3.8681,,False
2026-04-03 07:00:00,OBJ_1012,18.7136,,False
2026-04-02 14:45:00,OBJ_1014,2.7251,,False
2026-04-01 22:15:00,OBJ_1011,1.2081,,False
2026-04-03 09:45:00,OBJ_1011,0.8498,,False
2026-04-02 01:45:00,OBJ_1002,5.4474,,False
2026-04-01 10:00:00,OBJ_1014,1.5822,,False
2026-04-01 02:45:00,OBJ_1014,3.1436,,False
2026-04-02 01:15:00,OBJ_1009,0.0,,False
2026-04-01 01:45:00,OBJ_1010,5.2469,,False
2026-04-02 11:30:00,OBJ_1009,5.3493,,False
2026-04-01 23:45:00,OBJ_1009,0.0,,False
2026-04-01 06:15:00,OBJ_1014,3.0541,,False
2026-04-02 07:45:00,OBJ_1006,1.6198,,False
2026-04-02 12:00:00,OBJ_1008,13.3149,,False
2026-04-01 16:15:00,OBJ_1002,7.619,,False
2026-04-01 18:15:00,OBJ_1008,12.1902,,False
2026-04-03 15:30:00,OBJ_1002,7.6634,,False
2026-04-01 04:30:00,OBJ_1006,0.0,,False
2026-04-01 08:15:00,OBJ_1005,1.0464,,False
2026-04-01 13:30:00,OBJ_1008,12.1734,,False
2026-04-03 00:15:00,OBJ_1004,1.0043,,False
2026-04-03 14:00:00,OBJ_1012,15.4185,,False
2026-04-03 21:45:00,OBJ_1006,0.0,,False
2026-04-03 10:30:00,OBJ_1008,8.9178,,False
2026-04-01 00:00:00,OBJ_1001,0.0,,False
2026-04-01 23:15:00,OBJ_1010,3.3369,,False
2026-04-01 00:45:00,OBJ_1012,4.5825,,False
2026-04-03 16:45:00,OBJ_1001,3.0111,,False
2026-04-03 04:45:00,OBJ_1007,5.2229,,False
2026-04-01 02:30:00,OBJ_1010,6.0239,,False
2026-04-01 00:00:00,OBJ_1002,4.7599,,False
2026-04-01 09:00:00,OBJ_1010,3.5733,,False
2026-04-03 04:30:00,OBJ_1007,5.028,,False
2026-04-01 06:30:00,OBJ_1009,0.5791,,False
2026-04-01 21:00:00,OBJ_1012,17.8707,,False
2026-04-03 07:15:00,OBJ_1007,4.4146,,False
2026-04-03 02:45:00,OBJ_1011,1.4231,,False
2026-04-02 23:45:00,OBJ_1008,3.6832,,False
2026-04-02 16:45:00,OBJ_1004,1.003,,False
2026-04-03 07:45:00,OBJ_1014,3.2496,,False
2026-04-01 14:00:00,OBJ_1007,4.5568,,False
2026-04-03 03:15:00,OBJ_1008,3.6901,,False
2026-04-02 09:15:00,OBJ_1007,2.4266,,False
2026-04-02 15:00:00,OBJ_1006,3.3911,,False
2026-04-03 11:15:00,OBJ_1008,11.3735,,False
2026-04-03 23:15:00,OBJ_1005,0.7627,,False
2026-04-03 15:30:00,OBJ_1008,13.1144,,False
2026-04-03 22:00:00,OBJ_1009,0.0,,False
2026-04-02 04:15:00,OBJ_1014,2.9916,,False
2026-04-01 15:15:00,OBJ_1012,13.8882,,False
2026-04-03 13:00:00,OBJ_1009,5.6098,,False
2026-04-01 01:00:00,OBJ_1005,0.7752,,False
2026-04-02 02:15:00,OBJ_1012,5.7424,,False
2026-04-03 22:00:00,OBJ_1011,1.5171,,False
2026-04-02 19:30:00,OBJ_1008,11.757,,False
2026-04-03 13:45:00,OBJ_1012,13.7537,,False
2026-04-01 21:30:00,OBJ_1002,3.48,,False
2026-04-03 19:45:00,OBJ_1008,9.8364,,False
2026-04-01 19:30:00,OBJ_1008,9.0506,,False
2026-04-03 17:00:00,OBJ_1014,2.9688,,False
2026-04-01 04:30:00,OBJ_1009,0.0,,False
2026-04-03 14:15:00,OBJ_1010,5.7576,,False
2026-04-02 06:45:00,OBJ_1005,0.9035,,False
2026-04-03 20:45:00,OBJ_1007,3.6193,,False
2026-04-03 02:30:00,OBJ_1008,2.9897,,False
2026-04-01 18:15:00,OBJ_1002,8.1039,,False
2026-04-02 01:15:00,OBJ_1014,3.1317,,False
2026-04-03 00:30:00,OBJ_1010,4.2545,,False
2026-04-03 08:00:00,OBJ_1008,10.7095,,False
2026-04-01 17:30:00,OBJ_1005,0.936,,False
2026-04-01 09:00:00,OBJ_1008,9.5953,,False
2026-04-03 08:15:00,OBJ_1008,10.5471,,False
2026-04-01 03:30:00,OBJ_1005,0.7107,,False
2026-04-01 09:30:00,OBJ_1008,10.3342,,False
2026-04-03 16:15:00,OBJ_1005,0.7217,,False
2026-04-01 17:15:00,OBJ_1004,1.3303,,False
2026-04-02 10:30:00,OBJ_1008,8.9792,,False
2026-04-02 19:30:00,OBJ_1011,0.8625,,False
2026-04-03 03:15:00,OBJ_1014,3.4421,,False
2026-04-02 14:00:00,OBJ_1001,4.4085,,False
2026-04-03 10:30:00,OBJ_1010,2.9213,,False
2026-04-02 14:30:00,OBJ_1002,7.0375,,False
2026-04-02 00:15:00,OBJ_1007,3.2124,,False
2026-04-01 10:00:00,OBJ_1011,-1.4508,,False
2026-04-02 09:30:00,OBJ_1001,3.2206,,False
2026-04-01 22:00:00,OBJ_1004,1.1226,,False
2026-04-02 03:45:00,OBJ_1010,5.4896,,False
2026-04-01 16:30:00,OBJ_1012,18.0281,,False
2026-04-02 04:30:00,OBJ_1005,0.702,,False
2026-04-01 21:45:00,OBJ_1008,11.4115,,False
2026-04-03 03:45:00,OBJ_1007,5.1315,,False
2026-04-01 17:00:00,OBJ_1012,14.6904,,False
2026-04-03 13:15:00,OBJ_1004,1.1433,,False
2026-04-03 18:15:00,OBJ_1008,10.5657,,False
2026-04-03 11:45:00,OBJ_1009,4.7797,,False
2026-04-02 07:45:00,OBJ_1012,14.3534,,False
2026-04-02 23:15:00,OBJ_1004,1.2512,,False
2026-04-01 22:30:00,OBJ_1011,0.9472,,False
2026-04-03 15:15:00,OBJ_1004,1.1783,,False
2026-04-03 05:00:00,OBJ_1009,0.0,,False
2026-04-03 05:30:00,OBJ_1005,1.0044,,False
2026-04-01 00:30:00,OBJ_1009,0.0,,False
2026-04-03 11:00:00,OBJ_1009,4.632,,False
2026-04-01 12:45:00,OBJ_1014,2.0954,,False
2026-04-01 18:00:00,OBJ_1010,5.3345,,False
2026-04-02 09:45:00,OBJ_1009,4.1017,,False
2026-04-01 14:00:00,OBJ_1001,4.0981,,False
2026-04-02 19:15:00,OBJ_1012,16.2425,,False
2026-04-03 23:45:00,OBJ_1006,0.0,,False
2026-04-03 01:30:00,OBJ_1009,0.0,,False
2026-04-01 06:45:00,OBJ_1009,0.8414,,False
2026-04-02 05:45:00,OBJ_1006,0.0,,False
2026-04-01 00:30:00,OBJ_1008,4.0264,,False
2026-04-02 17:45:00,OBJ_1012,12.2209,,False
2026-04-03 17:15:00,OBJ_1001,2.3473,,False
2026-04-01 19:30:00,OBJ_1007,4.8196,,False
2026-04-01 17:45:00,OBJ_1006,1.8453,,False
2026-04-03 18:15:00,OBJ_1007,4.3424,,False
2026-04-03 02:15:00,OBJ_1006,0.0,,False
2026-04-03 11:00:00,OBJ_1008,12.2705,,False
2026-04-01 03:15:00,OBJ_1011,0.9464,,False
2026-04-03 09:15:00,OBJ_1010,3.6607,,False
2026-04-02 22:45:00,OBJ_1011,1.2859,,False
2026-04-02 11:15:00,OBJ_1010,3.7901,,False
2026-04-03 19:00:00,OBJ_1007,4.0886,,False
2026-04-02 18:00:00,OBJ_1001,1.6536,,False
2026-04-03 20:45:00,OBJ_1008,13.2386,,False
2026-04-02 19:30:00,OBJ_1002,5.885,,False
2026-04-03 18:15:00,OBJ_1014,3.4049,,False
2026-04-03 08:45:00,OBJ_1012,15.121,,False
2026-04-03 06:00:00,OBJ_1009,0.0,,False
2026-04-02 09:00:00,OBJ_1006,2.8886,,False
2026-04-03 10:00:00,OBJ_1007,2.5896,,False
2026-04-02 03:15:00,OBJ_1001,0.0,,False
2026-04-02 18:30:00,OBJ_1004,1.1233,,False
2026-04-01 11:30:00,OBJ_1014,1.8865,,False
2026-04-03 14:15:00,OBJ_1007,4.7321,,False
2026-04-01 19:45:00,OBJ_1007,4.722,,False
2026-04-01 18:30:00,OBJ_1012,12.6873,,False
2026-04-01 03:30:00,OBJ_1007,4.3367,,False
2026-04-01 03:30:00,OBJ_1008,4.1952,,False
2026-04-02 16:45:00,OBJ_1007,4.0965,,False
2026-04-01 19:00:00,OBJ_1014,2.2733,,False
2026-04-03 06:45:00,OBJ_1008,3.1784,,False
2026-04-03 10:00:00,OBJ_1002,3.502,,False
2026-04-01 02:00:00,OBJ_1006,0.0,,False
2026-04-02 23:30:00,OBJ_1007,3.2964,,False
2026-04-03 07:00:00,OBJ_1001,0.9393,,False
2026-04-01 04:45:00,OBJ_1006,0.0,,False
2026-04-01 20:15:00,OBJ_1011,0.9391,,False
2026-04-01 19:15:00,OBJ_1010,5.334,,False
2026-04-01 22:15:00,OBJ_1001,0.0,,False
2026-04-01 09:45:00,OBJ_1007,2.7962,,False
2026-04-01 13:30:00,OBJ_1006,4.4407,,False
2026-04-02 14:15:00,OBJ_1002,7.2192,,False
2026-04-01 17:30:00,OBJ_1011,1.1399,,False
2026-04-01 07:30:00,OBJ_1009,1.749,,False
2026-04-03 22:45:00,OBJ_1006,0.0,,False
2026-04-01 13:00:00,OBJ_1004,1.0128,,False
2026-04-02 09:45:00,OBJ_1002,4.2757,,False
2026-04-03 06:45:00,OBJ_1001,0.613,,False
2026-04-03 15:00:00,OBJ_1012,13.2069,,False
2026-04-02 20:45:00,OBJ_1002,5.7452,,False
2026-04-01 05:15:00,OBJ_1005,0.6877,,False
2026-04-02 22:30:00,OBJ_1001,0.0,,False
2026-04-02 10:00:00,OBJ_1011,-1.1345,,False
2026-04-02 18:00:00,OBJ_1002,5.4872,,False
2026-04-01 05:45:00,OBJ_1011,1.4925,,False
2026-04-02 05:15:00,OBJ_1006,0.0,,False
2026-04-02 11:00:00,OBJ_1004,1.2592,,False
2026-04-03 16:45:00,OBJ_1004,1.1291,,False
2026-04-02 04:45:00,OBJ_1008,3.4059,,False
2026-04-02 06:15:00,OBJ_1004,0.9532,,False
2026-04-01 00:15:00,OBJ_1002,,duplicate_timeseries_key,True
2026-04-01 07:45:00,OBJ_1007,4.4004,,False
2026-04-01 20:00:00,OBJ_1005,0.7162,,False
2026-04-01 13:45:00,OBJ_1012,16.5582,,False
2026-04-02 20:30:00,OBJ_1008,9.9452,,False
2026-04-01 08:30:00,OBJ_1004,1.2068,,False
2026-04-01 12:45:00,OBJ_1011,-1.4371,,False
2026-04-01 11:45:00,OBJ_1012,18.9457,,False
2026-04-01 05:45:00,OBJ_1005,0.5906,,False
2026-04-01 05:15:00,OBJ_1012,3.8511,,False
2026-04-02 18:15:00,OBJ_1009,2.2032,,False
2026-04-01 11:15:00,OBJ_1001,3.7624,,False
2026-04-01 04:45:00,OBJ_1001,0.0,,False
2026-04-02 19:30:00,OBJ_1010,5.27,,False
2026-04-03 20:15:00,OBJ_1002,4.915,,False
2026-04-03 22:45:00,OBJ_1014,1.6407,,False
2026-04-03 00:15:00,OBJ_1001,0.0,,False
2026-04-02 03:30:00,OBJ_1010,6.152,,False
2026-04-02 00:00:00,OBJ_1009,0.0,,False
2026-04-03 06:45:00,OBJ_1011,1.3898,,False
2026-04-01 02:45:00,OBJ_1012,5.9014,,False
2026-04-03 04:15:00,OBJ_1006,0.0,,False
2026-04-03 10:00:00,OBJ_1001,3.0628,,False
2026-04-01 15:00:00,OBJ_1012,13.3968,,False
2026-04-02 09:45:00,OBJ_1001,3.1149,,False
2026-04-02 03:30:00,OBJ_1009,0.0,,False
2026-04-03 07:00:00,OBJ_1010,5.8435,,False
2026-04-02 13:00:00,OBJ_1005,-1.093,,False
2026-04-03 20:30:00,OBJ_1002,5.316,,False
2026-04-01 02:00:00,OBJ_1011,1.404,,False
2026-04-02 22:45:00,OBJ_1012,5.0905,,False
2026-04-03 18:00:00,OBJ_1014,3.3835,,False
2026-04-02 02:45:00,OBJ_1010,6.0834,,False
2026-04-01 12:00:00,OBJ_1007,3.2158,,False
2026-04-02 07:15:00,OBJ_1004,1.1773,,False
2026-04-02 16:30:00,OBJ_1004,1.1831,,False
2026-04-02 23:00:00,OBJ_1010,3.5351,,False
2026-04-02 03:45:00,OBJ_1008,3.6144,,False
2026-04-01 04:15:00,OBJ_1004,1.146,,False
2026-04-03 16:00:00,OBJ_1005,1.0356,,False
2026-04-01 01:15:00,OBJ_1012,4.4213,,False
2026-04-02 03:30:00,OBJ_1005,0.8444,,False
2026-04-03 17:30:00,OBJ_1012,13.4135,,False
2026-04-03 02:00:00,OBJ_1005,0.6717,,False
2026-04-01 13:45:00,OBJ_1010,6.0795,,False
2026-04-02 00:15:00,OBJ_1005,0.8297,,False
2026-04-02 14:30:00,OBJ_1011,-1.6642,,False
2026-04-03 03:45:00,OBJ_1001,0.0,,False
2026-04-03 13:45:00,OBJ_1002,5.7596,,False
2026-04-01 23:30:00,OBJ_1005,0.7775,,False
2026-04-02 14:45:00,OBJ_1010,5.7818,,False
2026-04-01 23:15:00,OBJ_1007,2.649,,False
2026-04-01 09:00:00,OBJ_1012,13.6614,,False
2026-04-03 11:00:00,OBJ_1011,-1.8106,,False
2026-04-02 13:45:00,OBJ_1010,6.0987,,False
2026-04-03 02:30:00,OBJ_1011,1.021,,False
2026-04-01 13:15:00,OBJ_1009,5.8167,,False
2026-04-02 23:15:00,OBJ_1009,0.0,,False
2026-04-02 08:30:00,OBJ_1007,3.9557,,False
2026-04-03 05:15:00,OBJ_1010,6.5613,,False
2026-04-03 20:45:00,OBJ_1004,1.1682,,False
2026-04-01 12:30:00,OBJ_1007,3.5308,,False
2026-04-03 14:15:00,OBJ_1014,2.9166,,False
2026-04-02 07:15:00,OBJ_1012,17.432,,False
2026-04-01 06:30:00,OBJ_1004,1.3381,,False
2026-04-02 11:45:00,OBJ_1004,1.0081,,False
2026-04-03 22:30:00,OBJ_1004,1.1028,,False
2026-04-03 07:30:00,OBJ_1008,10.7607,,False
2026-04-01 02:15:00,OBJ_1004,1.2298,,False
2026-04-01 02:00:00,OBJ_1010,5.1389,,False
2026-04-02 01:15:00,OBJ_1001,0.0,,False
2026-04-01 12:15:00,OBJ_1005,-0.9844,,False
2026-04-01 17:15:00,OBJ_1011,0.8647,,False
2026-04-01 22:15:00,OBJ_1002,3.6249,,False
2026-04-02 01:15:00,OBJ_1012,5.0399,,False
2026-04-01 00:45:00,OBJ_1011,1.393,,False
2026-04-02 12:00:00,OBJ_1007,4.1121,,False
2026-04-02 08:00:00,OBJ_1007,3.7064,,False
2026-04-01 21:00:00,OBJ_1011,1.171,,False
2026-04-01 01:45:00,OBJ_9999,0.0,,False
2026-04-02 19:00:00,OBJ_1001,0.9594,,False
2026-04-02 20:30:00,OBJ_1011,0.9321,,False
2026-04-01 16:30:00,OBJ_1009,3.5783,,False
2026-04-01 05:00:00,OBJ_1011,1.105,,False
2026-04-02 01:00:00,OBJ_1004,1.1626,,False
2026-04-01 10:15:00,OBJ_1002,3.065,,False
2026-04-03 03:30:00,OBJ_1009,0.0,,False
2026-04-03 02:45:00,OBJ_1014,2.6931,,False
2026-04-03 18:45:00,OBJ_1002,6.9094,,False
2026-04-03 07:00:00,OBJ_1008,13.2348,,False
2026-04-01 17:00:00,OBJ_1006,2.5553,,False
2026-04-02 21:45:00,OBJ_1001,0.0,,False
2026-04-03 03:30:00,OBJ_1008,3.3204,,False
2026-04-02 02:45:00,OBJ_1005,0.9785,,False
2026-04-02 17:15:00,OBJ_1008,9.8793,,False
2026-04-02 03:15:00,OBJ_1005,0.8609,,False
2026-04-03 18:45:00,OBJ_1005,0.9266,,False
2026-04-01 12:15:00,OBJ_1004,1.3093,,False
2026-04-03 20:45:00,OBJ_1002,5.0888,,False
2026-04-02 17:00:00,OBJ_1011,1.1017,,False
2026-04-03 04:45:00,OBJ_1004,1.0253,,False
2026-04-02 06:15:00,OBJ_1009,0.3456,,False
2026-04-02 03:45:00,OBJ_1011,1.1599,,False
2026-04-01 00:15:00,OBJ_1001,0.0,,False
2026-04-03 06:00:00,OBJ_1002,6.1341,,False
2026-04-01 19:00:00,OBJ_1005,0.6644,,False
2026-04-01 21:00:00,OBJ_1005,0.6719,,False
2026-04-02 16:15:00,OBJ_1011,1.0512,,False
2026-04-01 05:00:00,OBJ_1002,7.4342,,False
2026-04-02 07:00:00,OBJ_1005,0.7256,,False
2026-04-01 12:00:00,OBJ_1004,1.0476,,False
2026-04-01 23:30:00,OBJ_1006,0.0,,False
2026-04-01 16:15:00,OBJ_1014,3.5429,,False
2026-04-02 09:00:00,OBJ_1014,1.7161,,False
2026-04-01 00:45:00,OBJ_9999,0.0,,False
2026-04-03 13:15:00,OBJ_1007,4.0068,,False
2026-04-01 22:30:00,OBJ_1012,5.5156,,False
2026-04-03 03:15:00,OBJ_1011,1.116,,False
2026-04-02 15:15:00,OBJ_1014,4.0217,,False
2026-04-02 17:45:00,OBJ_1009,2.8004,,False
2026-04-02 21:00:00,OBJ_1010,3.7306,,False
2026-04-01 06:45:00,OBJ_1012,5.5195,,False
2026-04-02 03:15:00,OBJ_1012,5.4947,,False
2026-04-03 22:15:00,OBJ_1004,1.2705,,False
2026-04-01 12:30:00,OBJ_1010,3.8146,,False
2026-04-02 08:45:00,OBJ_1002,5.1689,,False
2026-04-01 08:00:00,OBJ_1010,4.7084,,False
2026-04-02 19:30:00,OBJ_1007,3.8415,,False
2026-04-03 18:30:00,OBJ_1002,6.1099,,False
2026-04-01 01:30:00,OBJ_1010,4.8175,,False
2026-04-02 16:00:00,OBJ_1007,5.216,,False
2026-04-03 21:45:00,OBJ_1004,1.0235,,False
2026-04-02 17:30:00,OBJ_1012,12.4375,,False
2026-04-01 21:15:00,OBJ_1001,0.0,,False
2026-04-03 17:15:00,OBJ_1014,3.8273,,False
2026-04-03 04:00:00,OBJ_1001,0.0,,False
2026-04-03 13:45:00,OBJ_1014,2.9628,,False
2026-04-01 19:30:00,OBJ_1002,5.2685,,False
2026-04-03 00:45:00,OBJ_1007,3.0622,,False
2026-04-03 05:45:00,OBJ_1014,2.7718,,False
2026-04-02 03:15:00,OBJ_1004,1.1828,,False
2026-04-01 10:45:00,OBJ_1007,2.0533,,False
2026-04-01 16:30:00,OBJ_1007,4.7305,,False
2026-04-03 11:30:00,OBJ_1007,2.7649,,False
2026-04-02 04:15:00,OBJ_1001,0.0,,False
2026-04-03 01:15:00,OBJ_1001,0.0,,False
2026-04-02 05:00:00,OBJ_1006,0.0,,False
2026-04-02 23:15:00,OBJ_1008,3.3877,,False
2026-04-01 23:45:00,OBJ_1012,3.641,,False
2026-04-02 16:30:00,OBJ_1009,3.7903,,False
2026-04-03 06:00:00,OBJ_1007,5.1318,,False
2026-04-02 02:30:00,OBJ_1011,1.5289,,False
2026-04-01 19:45:00,OBJ_1011,1.1269,,False
2026-04-03 10:30:00,OBJ_1014,1.4662,,False
2026-04-02 03:45:00,OBJ_1007,4.0434,,False
2026-04-01 17:45:00,OBJ_1008,11.4408,,False
2026-04-01 21:00:00,OBJ_1001,0.0,,False
2026-04-02 11:30:00,OBJ_1007,2.6068,,False
2026-04-03 19:45:00,OBJ_1002,6.4801,,False
2026-04-02 14:00:00,OBJ_1010,6.1793,,False
2026-04-01 01:30:00,OBJ_1001,0.0,,False
2026-04-01 05:15:00,OBJ_1009,0.0,,False
2026-04-02 16:15:00,OBJ_1010,6.9543,,False
2026-04-03 00:00:00,OBJ_1014,2.5264,,False
2026-04-02 07:30:00,OBJ_1002,6.2052,,False
2026-04-01 10:45:00,OBJ_1011,-1.6415,,False
2026-04-03 10:45:00,OBJ_1001,3.7648,,False
2026-04-03 17:30:00,OBJ_1006,2.2126,,False
2026-04-03 17:15:00,OBJ_1007,4.6835,,False
2026-04-02 00:00:00,OBJ_1005,0.6639,,False
2026-04-02 21:00:00,OBJ_1012,13.8175,,False
2026-04-01 11:00:00,OBJ_1005,-1.0928,,False
2026-04-03 03:00:00,OBJ_1008,3.3238,,False
2026-04-03 17:00:00,OBJ_1007,5.6414,,False
2026-04-03 04:00:00,OBJ_1012,4.2138,,False
2026-04-02 12:30:00,OBJ_1008,9.5502,,False
2026-04-03 04:45:00,OBJ_1002,8.7326,,False
2026-04-03 10:15:00,OBJ_1008,11.8623,,False
2026-04-02 02:30:00,OBJ_1001,0.0,,False
2026-04-03 05:45:00,OBJ_1005,0.7652,,False
2026-04-03 20:45:00,OBJ_1011,1.5534,,False
2026-04-01 13:30:00,OBJ_1002,6.4538,,False
2026-04-03 05:45:00,OBJ_1009,0.0,,False
2026-04-02 02:15:00,OBJ_1002,7.3037,,False
2026-04-01 01:00:00,OBJ_1008,3.6079,,False
2026-04-01 01:45:00,OBJ_1003,2.3209,,False
2026-04-02 11:30:00,OBJ_1002,3.6617,,False
2026-04-01 18:15:00,OBJ_1004,1.0428,,False
2026-04-02 18:00:00,OBJ_1011,1.1345,,False
2026-04-02 20:15:00,OBJ_1001,0.0,,False
2026-04-01 20:00:00,OBJ_1006,0.0,,False
2026-04-01 12:00:00,OBJ_1006,3.9016,,False
2026-04-02 00:30:00,OBJ_1012,5.8862,,False
2026-04-03 03:45:00,OBJ_1008,3.089,,False
2026-04-02 16:30:00,OBJ_1011,1.4319,,False
2026-04-03 12:00:00,OBJ_1014,2.4247,,False
2026-04-02 03:30:00,OBJ_1007,4.8161,,False
2026-04-01 05:30:00,OBJ_1004,1.0654,,False
2026-04-01 09:00:00,OBJ_1005,0.6968,,False
2026-04-02 06:00:00,OBJ_1010,5.4048,,False
2026-04-01 05:00:00,OBJ_1007,5.2618,,False
2026-04-03 08:45:00,OBJ_1006,2.0644,,False
2026-04-02 17:30:00,OBJ_1007,4.4055,,False
2026-04-03 20:45:00,OBJ_1001,0.0,,False
2026-04-02 13:00:00,OBJ_1009,6.0858,,False
2026-04-02 12:45:00,OBJ_1011,-1.5451,,False
2026-04-02 18:30:00,OBJ_1007,4.4852,,False
2026-04-03 03:45:00,OBJ_1002,7.7563,,False
2026-04-02 17:30:00,OBJ_1001,2.3399,,False
2026-04-01 16:00:00,OBJ_1004,1.2132,,False
2026-04-03 15:45:00,OBJ_1011,1.0136,,False
2026-04-01 23:30:00,OBJ_1012,6.0539,,False
2026-04-02 22:45:00,OBJ_1009,0.0,,False
2026-04-02 01:45:00,OBJ_1010,4.7972,,False
2026-04-03 20:30:00,OBJ_1007,3.6616,,False
2026-04-02 09:15:00,OBJ_1004,1.0643,,False
2026-04-02 18:15:00,OBJ_1012,17.594,,False
2026-04-01 01:45:00,OBJ_1007,4.5702,,False
2026-04-03 21:45:00,OBJ_1005,0.6265,,False
2026-04-02 04:45:00,OBJ_1002,6.867,,False
2026-04-01 23:00:00,OBJ_1008,4.367,,False
2026-04-01 12:45:00,OBJ_1002,5.5393,,False
2026-04-02 16:15:00,OBJ_1005,0.8002,,False
2026-04-02 09:15:00,OBJ_1009,4.0275,,False
2026-04-01 01:15:00,OBJ_1010,4.1199,,False
2026-04-01 08:00:00,OBJ_1007,3.4631,,False
2026-04-03 23:00:00,OBJ_1005,0.6368,,False
2026-04-01 15:30:00,OBJ_1012,14.9889,,False
2026-04-03 02:30:00,OBJ_1007,4.2713,,False
2026-04-01 12:45:00,OBJ_1009,4.7632,,False
2026-04-01 14:30:00,OBJ_1014,3.5087,,False
2026-04-03 08:15:00,OBJ_1004,1.036,,False
2026-04-02 13:00:00,OBJ_1006,3.6191,,False
2026-04-01 01:00:00,OBJ_1012,4.9462,,False
2026-04-02 07:00:00,OBJ_1012,14.9496,,False
2026-04-02 10:00:00,OBJ_1007,2.0398,,False
2026-04-01 12:30:00,OBJ_1014,2.6462,,False
2026-04-03 05:45:00,OBJ_1012,5.2673,,False
2026-04-02 08:30:00,OBJ_1005,0.7998,,False
2026-04-02 03:00:00,OBJ_1002,7.526,,False
2026-04-01 11:45:00,OBJ_1010,2.9845,,False
2026-04-01 02:00:00,OBJ_1007,4.4298,,False
2026-04-02 11:45:00,OBJ_1005,-0.939,,False
2026-04-02 08:45:00,OBJ_1010,3.8704,,False
2026-04-01 12:00:00,OBJ_1008,9.4434,,False
2026-04-01 13:00:00,OBJ_1002,6.3909,,False
2026-04-03 22:30:00,OBJ_1002,3.2797,,False
2026-04-02 15:30:00,OBJ_1009,4.6211,,False
2026-04-02 15:30:00,OBJ_1006,3.5092,,False
2026-04-02 10:15:00,OBJ_1010,2.4029,,False
2026-04-02 03:30:00,OBJ_1011,0.9933,,False
2026-04-02 15:15:00,OBJ_1009,4.9306,,False
2026-04-02 15:30:00,OBJ_1011,1.2417,,False
2026-04-03 20:30:00,OBJ_1008,12.8159,,False
2026-04-03 23:15:00,OBJ_1014,1.8189,,False
2026-04-03 10:45:00,OBJ_1012,16.345,,False
2026-04-03 23:30:00,OBJ_1011,1.3459,,False
2026-04-03 20:00:00,OBJ_1010,3.7471,,False
2026-04-03 02:00:00,OBJ_1008,4.1362,,False
2026-04-01 19:15:00,OBJ_1004,1.1678,,False
2026-04-01 16:00:00,OBJ_1014,3.5206,,False
2026-04-02 22:30:00,OBJ_1007,1.7814,,False
2026-04-03 21:00:00,OBJ_1004,1.1748,,False
2026-04-02 17:30:00,OBJ_1014,3.2087,,False
2026-04-03 19:30:00,OBJ_1011,1.0347,,False
2026-04-02 18:30:00,OBJ_1009,1.7672,,False
2026-04-02 07:30:00,OBJ_1008,10.537,,False
2026-04-02 16:45:00,OBJ_1014,3.5595,,False
2026-04-02 06:30:00,OBJ_1005,1.0299,,False
2026-04-02 14:15:00,OBJ_1004,1.1367,,False
2026-04-02 03:00:00,OBJ_1004,1.1316,,False
2026-04-03 14:00:00,OBJ_1005,-0.8583,,False
2026-04-01 22:15:00,OBJ_1009,0.0,,False
2026-04-03 00:30:00,OBJ_1006,0.0,,False
2026-04-01 05:30:00,OBJ_1008,3.2602,,False
2026-04-03 09:45:00,OBJ_1008,8.682,,False
2026-04-03 03:30:00,OBJ_1011,1.0542,,False
2026-04-03 10:00:00,OBJ_1008,10.4987,,False
2026-04-03 11:30:00,OBJ_1006,3.6013,,False
2026-04-02 06:45:00,OBJ_1007,4.0117,,False
2026-04-03 02:00:00,OBJ_1012,5.6508,,False
2026-04-03 19:00:00,OBJ_1005,0.6649,,False
2026-04-01 07:30:00,OBJ_1002,5.1283,,False
2026-04-03 09:30:00,OBJ_1005,0.9637,,False
2026-04-01 01:00:00,OBJ_1002,6.4853,,False
2026-04-02 14:00:00,OBJ_1005,-0.8546,,False
2026-04-03 13:00:00,OBJ_1008,13.5435,,False
2026-04-03 09:30:00,OBJ_1001,3.0483,,False
2026-04-01 06:45:00,OBJ_1006,0.6585,,False
2026-04-02 12:30:00,OBJ_1012,12.4861,,False
2026-04-03 04:45:00,OBJ_1009,0.0,,False
2026-04-01 05:00:00,OBJ_1010,7.0172,,False
2026-04-03 14:30:00,OBJ_1005,-0.9641,,False
2026-04-02 05:15:00,OBJ_1008,3.2165,,False
2026-04-02 18:00:00,OBJ_1010,5.3983,,False
2026-04-01 05:15:00,OBJ_1008,4.7352,,False
2026-04-01 05:15:00,OBJ_1001,0.0,,False
2026-04-01 05:30:00,OBJ_1001,0.0,,False
2026-04-01 13:45:00,OBJ_1001,4.555,,False
2026-04-02 00:00:00,OBJ_1001,0.0,,False
2026-04-01 21:15:00,OBJ_1004,1.2228,,False
2026-04-03 10:15:00,OBJ_1006,3.8652,,False
2026-04-03 07:45:00,OBJ_1009,2.3176,,False
2026-04-01 00:30:00,OBJ_1007,3.5029,,False
2026-04-03 21:30:00,OBJ_1001,0.0,,False
2026-04-01 20:30:00,OBJ_1005,0.6521,,False
2026-04-03 14:45:00,OBJ_1001,3.5557,,False
2026-04-02 05:15:00,OBJ_1011,1.0488,,False
2026-04-01 21:15:00,OBJ_1010,3.739,,False
2026-04-02 12:15:00,OBJ_1010,4.7289,,False
2026-04-01 18:30:00,OBJ_1008,13.8733,,False
2026-04-02 00:15:00,OBJ_1008,3.0917,,False
2026-04-03 06:30:00,OBJ_1010,7.0359,,False
2026-04-02 19:00:00,OBJ_1014,2.7207,,False
2026-04-03 22:15:00,OBJ_1012,3.7228,,False
2026-04-03 03:15:00,OBJ_1006,0.0,,False
2026-04-02 01:15:00,OBJ_1006,0.0,,False
2026-04-03 02:30:00,OBJ_1005,0.7508,,False
2026-04-03 06:00:00,OBJ_1004,1.0312,,False
2026-04-02 09:30:00,OBJ_1011,1.1698,,False
2026-04-01 13:45:00,OBJ_1008,8.9929,,False
2026-04-01 19:15:00,OBJ_1011,1.1333,,False
2026-04-02 03:15:00,OBJ_1011,0.8694,,False
2026-04-01 15:45:00,OBJ_1004,1.2146,,False
2026-04-01 16:00:00,OBJ_1005,0.6156,,False
2026-04-01 06:15:00,OBJ_1004,1.2378,,False
2026-04-03 11:45:00,OBJ_1004,1.135,,False
2026-04-01 10:30:00,OBJ_1006,3.2817,,False
2026-04-03 11:30:00,OBJ_1014,2.1041,,False
2026-04-01 16:00:00,OBJ_1010,6.6958,,False
2026-04-03 01:00:00,OBJ_1007,3.3724,,False
2026-04-02 22:15:00,OBJ_1001,0.0,,False
2026-04-03 23:30:00,OBJ_1012,5.4059,,False
2026-04-01 22:15:00,OBJ_1004,1.0952,,False
2026-04-01 16:45:00,OBJ_1008,11.058,,False
2026-04-01 15:00:00,OBJ_1001,3.559,,False
2026-04-03 16:30:00,OBJ_1004,1.0577,,False
2026-04-01 00:30:00,OBJ_1002,5.1974,,False
2026-04-02 19:15:00,OBJ_1006,0.6572,,False
2026-04-01 15:45:00,OBJ_1002,5.7943,,False
2026-04-02 13:45:00,OBJ_1001,4.4186,,False
2026-04-01 05:00:00,OBJ_1004,1.0346,,False
2026-04-03 02:30:00,OBJ_1001,0.0,,False
2026-04-03 21:15:00,OBJ_1011,1.35,,False
2026-04-03 14:15:00,OBJ_1011,-1.4874,,False
2026-04-02 00:30:00,OBJ_1006,0.0,,False
2026-04-02 16:00:00,OBJ_1002,8.0223,,False
2026-04-01 15:45:00,OBJ_1009,4.0801,,False
2026-04-03 12:15:00,OBJ_1001,3.9545,,False
2026-04-03 03:30:00,OBJ_1010,6.0672,,False
2026-04-02 18:15:00,OBJ_1001,1.568,,False
2026-04-03 12:15:00,OBJ_1011,-1.7075,,False
2026-04-01 16:45:00,OBJ_1007,4.7444,,False
2026-04-02 16:30:00,OBJ_1008,9.6847,,False
2026-04-01 16:15:00,OBJ_1012,15.8887,,False
2026-04-02 21:00:00,OBJ_1011,1.4029,,False
2026-04-03 05:15:00,OBJ_1008,3.8372,,False
2026-04-02 03:15:00,OBJ_1007,4.5631,,False
2026-04-01 01:00:00,OBJ_9999,0.0,,False
2026-04-01 06:45:00,OBJ_1002,6.3744,,False
2026-04-03 13:00:00,OBJ_1011,-1.7738,,False
2026-04-01 04:15:00,OBJ_1001,0.0,,False
2026-04-01 17:45:00,OBJ_1012,12.6425,,False
2026-04-01 19:45:00,OBJ_1009,0.3262,,False
2026-04-01 01:30:00,OBJ_9999,0.0,,False
2026-04-03 18:45:00,OBJ_1008,10.9317,,False
2026-04-01 00:15:00,OBJ_1006,0.0,,False
2026-04-03 16:45:00,OBJ_1011,0.9684,,False
2026-04-03 13:15:00,OBJ_1002,5.9411,,False
2026-04-01 07:45:00,OBJ_1006,1.4464,,False
2026-04-01 15:45:00,OBJ_1007,4.1428,,False
2026-04-01 06:45:00,OBJ_1011,1.053,,False
2026-04-03 22:00:00,OBJ_1001,0.0,,False
2026-04-03 18:15:00,OBJ_1011,1.2796,,False
2026-04-01 11:45:00,OBJ_1007,2.2435,,False
2026-04-03 12:00:00,OBJ_1007,3.6293,,False
2026-04-01 04:45:00,OBJ_1005,0.8722,,False
2026-04-01 10:15:00,OBJ_1010,2.7039,,False
2026-04-01 01:30:00,OBJ_1003,1.6009,,False
2026-04-01 09:00:00,OBJ_1002,3.6259,,False
2026-04-03 08:30:00,OBJ_1014,2.165,,False
2026-04-02 04:00:00,OBJ_1014,3.2123,,False
2026-04-03 05:45:00,OBJ_1007,4.1597,,False
2026-04-02 15:15:00,OBJ_1006,4.0344,,False
2026-04-03 05:15:00,OBJ_1011,0.8363,,False
2026-04-03 01:30:00,OBJ_1004,1.0349,,False
2026-04-01 13:15:00,OBJ_1006,4.2522,,False
2026-04-01 06:00:00,OBJ_1001,0.0,,False
2026-04-03 04:30:00,OBJ_1012,4.5996,,False
2026-04-02 05:00:00,OBJ_1008,3.5274,,False
2026-04-03 14:45:00,OBJ_1007,4.5556,,False
2026-04-01 01:00:00,OBJ_1010,6.1048,,False
2026-04-03 13:30:00,OBJ_1012,16.6176,,False
2026-04-01 00:45:00,OBJ_1006,0.0,,False
2026-04-01 06:15:00,OBJ_1011,1.5028,,False
2026-04-01 07:15:00,OBJ_1012,17.1404,,False
2026-04-01 20:00:00,OBJ_1004,1.0737,,False
2026-04-03 19:45:00,OBJ_1014,3.3714,,False
2026-04-01 13:00:00,OBJ_1009,5.5534,,False
2026-04-01 05:30:00,OBJ_1005,0.7572,,False
2026-04-02 07:45:00,OBJ_1008,9.3537,,False
2026-04-03 19:30:00,OBJ_1014,3.0205,,False
2026-04-01 06:15:00,OBJ_1007,5.1283,,False
2026-04-01 20:30:00,OBJ_1014,2.2837,,False
2026-04-01 09:00:00,OBJ_1009,3.2715,,False
2026-04-03 17:00:00,OBJ_1002,6.9293,,False
2026-04-01 10:45:00,OBJ_1004,1.2255,,False
2026-04-01 01:45:00,OBJ_1004,1.1845,,False
2026-04-03 20:15:00,OBJ_1010,5.2183,,False
2026-04-02 19:15:00,OBJ_1011,1.3956,,False
2026-04-02 03:00:00,OBJ_1012,4.2259,,False
2026-04-03 08:45:00,OBJ_1007,3.1816,,False
2026-04-01 07:00:00,OBJ_1014,2.8918,,False
2026-04-03 19:45:00,OBJ_1009,0.3393,,False
2026-04-02 14:15:00,OBJ_1009,5.6684,,False
2026-04-01 07:00:00,OBJ_1008,9.441,,False
2026-04-01 22:45:00,OBJ_1001,0.0,,False
2026-04-02 00:00:00,OBJ_1002,4.6277,,False
2026-04-02 17:30:00,OBJ_1004,1.1152,,False
2026-04-01 16:15:00,OBJ_1004,1.0417,,False
2026-04-03 20:30:00,OBJ_1005,0.9388,,False
2026-04-01 22:15:00,OBJ_1006,0.0,,False
2026-04-03 13:15:00,OBJ_1008,12.7791,,False
2026-04-02 05:30:00,OBJ_1005,0.8929,,False
2026-04-01 11:15:00,OBJ_1005,-0.8434,,False
2026-04-02 05:00:00,OBJ_1012,5.5507,,False
2026-04-03 12:15:00,OBJ_1008,10.0587,,False
2026-04-02 10:30:00,OBJ_1014,1.5557,,False
2026-04-02 12:00:00,OBJ_1004,1.216,,False
2026-04-02 19:30:00,OBJ_1014,3.1478,,False
2026-04-02 07:15:00,OBJ_1005,0.6617,,False
2026-04-02 04:30:00,OBJ_1009,0.0,,False
2026-04-02 08:00:00,OBJ_1001,1.6531,,False
2026-04-03 11:15:00,OBJ_1004,1.2357,,False
2026-04-01 23:00:00,OBJ_1006,0.0,,False
2026-04-03 09:15:00,OBJ_1007,2.7205,,False
2026-04-03 11:15:00,OBJ_1006,3.9324,,False
2026-04-01 03:00:00,OBJ_1006,0.0,,False
2026-04-02 09:00:00,OBJ_1009,4.0949,,False
2026-04-02 08:15:00,OBJ_1011,1.305,,False
2026-04-02 16:00:00,OBJ_1008,10.5749,,False
2026-04-01 17:00:00,OBJ_1002,7.3077,,False
2026-04-02 08:15:00,OBJ_1014,2.2947,,False
2026-04-02 01:45:00,OBJ_1006,0.0,,False
2026-04-01 01:30:00,OBJ_1009,0.0,,False
2026-04-03 00:45:00,OBJ_1012,4.1321,,False
2026-04-03 14:30:00,OBJ_1012,16.3205,,False
2026-04-01 00:45:00,OBJ_1010,4.2271,,False
2026-04-03 19:30:00,OBJ_1012,13.3933,,False
2026-04-01 11:00:00,OBJ_1010,3.1913,,False
2026-04-01 02:30:00,OBJ_1011,0.9505,,False
2026-04-02 23:00:00,OBJ_1005,0.5968,,False
2026-04-02 04:15:00,OBJ_1010,7.2557,,False
2026-04-01 06:45:00,OBJ_1007,4.6505,,False
2026-04-03 22:45:00,OBJ_1011,1.1195,,False
2026-04-02 15:00:00,OBJ_1007,4.6044,,False
2026-04-03 08:00:00,OBJ_1002,5.0457,,False
2026-04-03 16:45:00,OBJ_1006,2.5897,,False
2026-04-03 15:45:00,OBJ_1014,3.2664,,False
2026-04-01 23:15:00,OBJ_1002,4.3471,,False
2026-04-01 03:15:00,OBJ_1012,6.0527,,False
2026-04-02 04:45:00,OBJ_1005,0.8676,,False
2026-04-02 12:45:00,OBJ_1012,12.7255,,False
2026-04-02 14:15:00,OBJ_1005,-1.014,,False
2026-04-01 22:15:00,OBJ_1012,5.6029,,False
2026-04-02 02:00:00,OBJ_1010,5.5465,,False
2026-04-03 11:45:00,OBJ_1002,4.2829,,False
2026-04-01 20:15:00,OBJ_1009,0.0,,False
2026-04-03 07:15:00,OBJ_1010,4.9384,,False
2026-04-01 04:15:00,OBJ_1012,5.0754,,False
2026-04-01 14:00:00,OBJ_1014,3.1569,,False
2026-04-02 03:00:00,OBJ_1011,0.9899,,False
2026-04-02 17:45:00,OBJ_1002,8.2925,,False
2026-04-01 02:00:00,OBJ_1001,0.0,,False
2026-04-02 20:15:00,OBJ_1010,3.7383,,False
2026-04-01 23:45:00,OBJ_1010,3.6291,,False
2026-04-02 19:45:00,OBJ_1005,0.9268,,False
2026-04-01 16:15:00,OBJ_1009,3.8835,,False
2026-04-01 21:30:00,OBJ_1006,0.0,,False
2026-04-02 07:00:00,OBJ_1010,4.8376,,False
2026-04-01 14:15:00,OBJ_1011,-1.5512,,False
2026-04-03 23:15:00,OBJ_1010,3.16,,False
2026-04-03 02:15:00,OBJ_1008,3.794,,False
2026-04-03 05:00:00,OBJ_1006,0.0,,False
2026-04-01 01:15:00,OBJ_1008,3.3886,,False
2026-04-02 18:00:00,OBJ_1004,1.1844,,False
2026-04-03 03:15:00,OBJ_1012,6.3553,,False
2026-04-02 06:15:00,OBJ_1001,0.2604,,False
2026-04-01 07:00:00,OBJ_1007,5.0623,,False
2026-04-03 19:00:00,OBJ_1008,11.678,,False
2026-04-03 12:30:00,OBJ_1012,16.3222,,False
2026-04-02 00:45:00,OBJ_1012,4.7298,,False
2026-04-02 03:15:00,OBJ_1008,4.4043,,False
2026-04-03 06:00:00,OBJ_1008,4.2011,,False
2026-04-01 16:45:00,OBJ_1006,2.4675,,False
2026-04-03 09:00:00,OBJ_1006,2.581,,False
2026-04-03 19:15:00,OBJ_1014,2.6669,,False
2026-04-01 09:15:00,OBJ_1004,1.1792,,False
2026-04-01 12:45:00,OBJ_1001,4.2751,,False
2026-04-02 09:30:00,OBJ_1007,2.8616,,False
2026-04-03 09:45:00,OBJ_1005,0.6323,,False
2026-04-02 01:30:00,OBJ_1008,4.2865,,False
2026-04-03 05:15:00,OBJ_1001,0.0,,False
2026-04-01 11:30:00,OBJ_1001,4.1787,,False
2026-04-01 15:00:00,OBJ_1008,12.2452,,False
2026-04-01 05:45:00,OBJ_1009,0.0,,False
2026-04-02 07:30:00,OBJ_1006,1.289,,False
2026-04-01 07:15:00,OBJ_1001,1.163,,False
2026-04-02 04:45:00,OBJ_1014,2.7457,,False
2026-04-02 05:15:00,OBJ_1007,4.6258,,False
2026-04-03 00:15:00,OBJ_1008,4.1956,,False
2026-04-03 09:15:00,OBJ_1006,2.7374,,False
2026-04-02 17:45:00,OBJ_1004,1.308,,False
2026-04-03 20:00:00,OBJ_1008,10.8199,,False
2026-04-02 14:00:00,OBJ_1011,-1.3621,,False
2026-04-01 15:30:00,OBJ_1001,3.242,,False
2026-04-03 00:45:00,OBJ_1005,0.9474,,False
2026-04-03 01:45:00,OBJ_1010,4.1716,,False
2026-04-02 13:30:00,OBJ_1009,5.7844,,False
2026-04-02 06:45:00,OBJ_1011,1.5759,,False
2026-04-03 10:30:00,OBJ_1004,1.1569,,False
2026-04-03 02:00:00,OBJ_1001,0.0,,False
2026-04-01 01:30:00,OBJ_1012,4.3904,,False
2026-04-03 17:15:00,OBJ_1004,1.1114,,False
2026-04-01 14:30:00,OBJ_1005,-0.9202,,False
2026-04-02 16:30:00,OBJ_1012,15.8955,,False
2026-04-02 08:15:00,OBJ_1008,9.7242,,False
2026-04-02 16:15:00,OBJ_1007,5.9432,,False
2026-04-02 08:30:00,OBJ_1001,2.3238,,False
2026-04-01 11:30:00,OBJ_1006,4.0448,,False
2026-04-01 03:15:00,OBJ_1008,3.6599,,False
2026-04-03 16:15:00,OBJ_1014,3.6691,,False
2026-04-03 21:15:00,OBJ_1010,3.9684,,False
2026-04-02 13:45:00,OBJ_1004,1.1398,,False
2026-04-01 12:30:00,OBJ_1001,4.1144,,False
2026-04-03 08:30:00,OBJ_1010,4.4726,,False
2026-04-01 09:30:00,OBJ_1011,0.9249,,False
2026-04-01 21:15:00,OBJ_1002,5.1987,,False
2026-04-03 10:45:00,OBJ_1009,5.317,,False
2026-04-01 23:45:00,OBJ_1014,1.7299,,False
2026-04-03 11:30:00,OBJ_1004,1.084,,False
2026-04-02 16:00:00,OBJ_1006,3.5081,,False
2026-04-03 05:30:00,OBJ_1010,5.6825,,False
2026-04-02 23:00:00,OBJ_1009,0.0,,False
2026-04-02 23:45:00,OBJ_1011,1.5822,,False
2026-04-01 13:30:00,OBJ_1001,4.5616,,False
2026-04-02 10:45:00,OBJ_1004,1.0174,,False
2026-04-03 04:45:00,OBJ_1001,0.0,,False
2026-04-02 21:15:00,OBJ_1011,1.399,,False
2026-04-01 10:00:00,OBJ_1008,9.3298,,False
2026-04-02 11:15:00,OBJ_1011,-1.5481,,False
2026-04-01 13:45:00,OBJ_1011,-1.7514,,False
2026-04-01 12:45:00,OBJ_1004,1.1024,,False
2026-04-01 13:30:00,OBJ_1009,4.9075,,False
2026-04-02 23:45:00,OBJ_1012,5.3285,,False
2026-04-03 20:15:00,OBJ_1004,1.1727,,False
2026-04-01 08:30:00,OBJ_1010,4.6406,,False
2026-04-02 01:45:00,OBJ_1009,0.0,,False
2026-04-02 00:30:00,OBJ_1004,1.2014,,False
2026-04-01 14:45:00,OBJ_1012,12.5993,,False
2026-04-03 12:00:00,OBJ_1002,5.1619,,False
2026-04-02 04:45:00,OBJ_1009,0.0,,False
2026-04-02 16:30:00,OBJ_1002,6.5572,,False
2026-04-02 14:00:00,OBJ_1008,9.3937,,False
2026-04-03 01:45:00,OBJ_1002,5.1734,,False
2026-04-02 02:45:00,OBJ_1011,1.0805,,False
2026-04-03 05:00:00,OBJ_1011,1.3977,,False
2026-04-02 06:45:00,OBJ_1004,1.0174,,False
2026-04-01 05:30:00,OBJ_1009,0.0,,False
2026-04-02 02:00:00,OBJ_1014,3.7687,,False
2026-04-01 18:00:00,OBJ_1011,0.9409,,False
2026-04-01 12:45:00,OBJ_1007,2.8928,,False
2026-04-03 15:15:00,OBJ_1012,17.3619,,False
2026-04-01 17:15:00,OBJ_1006,2.2046,,False
2026-04-02 06:15:00,OBJ_1012,5.3882,,False
2026-04-02 02:30:00,OBJ_1014,2.9044,,False
2026-04-01 07:30:00,OBJ_1011,1.0421,,False
2026-04-02 04:15:00,OBJ_1002,7.1428,,False
2026-04-01 04:30:00,OBJ_1001,0.0,,False
2026-04-01 00:30:00,OBJ_1014,2.3721,,False
2026-04-01 01:45:00,OBJ_1006,0.0,,False
2026-04-01 07:15:00,OBJ_1006,0.9914,,False
2026-04-01 05:30:00,OBJ_1006,0.0,,False
2026-04-03 19:00:00,OBJ_1010,4.8228,,False
2026-04-01 08:15:00,OBJ_1002,6.2159,,False
2026-04-03 09:30:00,OBJ_1012,15.4586,,False
2026-04-01 03:00:00,OBJ_1001,0.0,,False
2026-04-03 05:30:00,OBJ_1007,4.5057,,False
2026-04-03 14:30:00,OBJ_1014,3.1462,,False
2026-04-02 21:15:00,OBJ_1002,4.855,,False
2026-04-03 04:15:00,OBJ_1001,0.0,,False
2026-04-03 17:00:00,OBJ_1009,3.5054,,False
2026-04-03 04:00:00,OBJ_1007,4.8114,,False
2026-04-02 02:45:00,OBJ_1014,3.5071,,False
2026-04-02 17:30:00,OBJ_1002,6.8988,,False
2026-04-03 17:00:00,OBJ_1006,2.7299,,False
2026-04-01 11:00:00,OBJ_1009,4.3452,,False
2026-04-03 15:00:00,OBJ_1001,3.7222,,False
2026-04-01 20:45:00,OBJ_1004,1.0838,,False
2026-04-02 15:45:00,OBJ_1014,2.8067,,False
2026-04-02 03:00:00,OBJ_1001,0.0,,False
2026-04-02 11:00:00,OBJ_1007,2.4566,,False
2026-04-01 12:45:00,OBJ_1008,13.1687,,False
2026-04-01 16:45:00,OBJ_1009,3.5849,,False
2026-04-03 20:15:00,OBJ_1007,3.2951,,False
2026-04-03 18:30:00,OBJ_1004,1.1257,,False
2026-04-03 01:00:00,OBJ_1006,0.0,,False
2026-04-02 10:15:00,OBJ_1005,-1.1304,,False
2026-04-03 06:30:00,OBJ_1004,1.1992,,False
2026-04-01 13:15:00,OBJ_1005,-0.745,,False
2026-04-03 17:30:00,OBJ_1009,3.0105,,False
2026-04-03 00:00:00,OBJ_1006,0.0,,False
2026-04-03 10:00:00,OBJ_1006,3.7559,,False
2026-04-03 15:30:00,OBJ_1010,5.5752,,False
2026-04-01 23:15:00,OBJ_1006,0.0,,False
2026-04-01 14:30:00,OBJ_1012,18.886,,False
2026-04-03 08:45:00,OBJ_1011,1.4176,,False
2026-04-03 00:15:00,OBJ_1011,1.3928,,False
2026-04-02 08:45:00,OBJ_1011,1.132,,False
2026-04-01 17:30:00,OBJ_1008,10.861,,False
2026-04-03 11:00:00,OBJ_1004,1.1303,,False
2026-04-01 02:00:00,OBJ_1002,8.1331,,False
2026-04-02 13:45:00,OBJ_1005,-0.9186,,False
2026-04-01 15:15:00,OBJ_1009,4.5609,,False
2026-04-03 23:45:00,OBJ_1001,0.0,,False
2026-04-02 20:00:00,OBJ_1010,4.2323,,False
2026-04-02 08:45:00,OBJ_1005,0.8032,,False
2026-04-03 08:15:00,OBJ_1002,5.679,,False
2026-04-01 13:15:00,OBJ_1008,12.0051,,False
2026-04-02 23:00:00,OBJ_1006,0.0,,False
2026-04-03 23:00:00,OBJ_1014,1.8969,,False
2026-04-01 18:30:00,OBJ_1002,6.6094,,False
2026-04-01 17:00:00,OBJ_1001,2.461,,False
2026-04-01 04:15:00,OBJ_1007,5.6335,,False
2026-04-02 11:00:00,OBJ_1011,-1.522,,False
2026-04-03 05:00:00,OBJ_1004,1.2219,,False
2026-04-03 18:00:00,OBJ_1007,4.6202,,False
2026-04-02 01:30:00,OBJ_1009,0.0,,False
2026-04-03 23:15:00,OBJ_1007,2.9607,,False
2026-04-03 07:30:00,OBJ_1010,5.7852,,False
2026-04-02 22:15:00,OBJ_1006,0.0,,False
2026-04-01 09:15:00,OBJ_1002,5.0156,,False
2026-04-02 16:00:00,OBJ_1009,4.9071,,False
2026-04-01 12:00:00,OBJ_1005,-0.9549,,False
2026-04-02 09:30:00,OBJ_1002,4.1578,,False
2026-04-01 18:00:00,OBJ_1004,1.1019,,False
2026-04-02 02:00:00,OBJ_1012,4.3549,,False
2026-04-03 06:45:00,OBJ_1012,4.6879,,False
2026-04-02 07:45:00,OBJ_1014,2.5726,,False
2026-04-02 10:45:00,OBJ_1007,2.1145,,False
2026-04-03 19:30:00,OBJ_1007,4.133,,False
2026-04-03 17:00:00,OBJ_1012,12.5603,,False
2026-04-02 22:45:00,OBJ_1002,3.5935,,False
2026-04-02 15:30:00,OBJ_1002,5.9472,,False
2026-04-02 07:00:00,OBJ_1001,0.9439,,False
2026-04-03 04:45:00,OBJ_1005,0.8773,,False
2026-04-03 18:45:00,OBJ_1010,6.509,,False
2026-04-03 08:15:00,OBJ_1001,1.8344,,False
2026-04-03 14:00:00,OBJ_1014,3.119,,False
2026-04-01 16:30:00,OBJ_1008,12.1844,,False
2026-04-03 00:30:00,OBJ_1001,0.0,,False
2026-04-01 16:15:00,OBJ_1005,0.6525,,False
2026-04-03 12:45:00,OBJ_1005,-1.0021,,False
2026-04-01 18:30:00,OBJ_1001,1.2527,,False
2026-04-01 20:45:00,OBJ_1014,2.3216,,False
2026-04-01 17:30:00,OBJ_1006,2.1853,,False
2026-04-02 21:00:00,OBJ_1004,1.0293,,False
2026-04-03 13:30:00,OBJ_1004,1.2145,,False
2026-04-01 11:15:00,OBJ_1008,11.2948,,False
2026-04-02 10:00:00,OBJ_1002,3.8414,,False
2026-04-03 08:45:00,OBJ_1002,5.2842,,False
2026-04-02 03:45:00,OBJ_1006,0.0,,False
2026-04-02 04:45:00,OBJ_1006,0.0,,False
2026-04-02 07:00:00,OBJ_1002,5.425,,False
2026-04-02 15:30:00,OBJ_1005,0.6598,,False
2026-04-03 23:45:00,OBJ_1009,0.0,,False
2026-04-02 13:45:00,OBJ_1009,5.1267,,False
2026-04-02 14:30:00,OBJ_1007,4.6577,,False
2026-04-03 14:30:00,OBJ_1007,4.5864,,False
2026-04-02 15:15:00,OBJ_1005,0.6387,,False
2026-04-02 11:30:00,OBJ_1010,2.9738,,False
2026-04-02 11:45:00,OBJ_1011,-1.1911,,False
2026-04-02 10:30:00,OBJ_1009,4.9353,,False
2026-04-01 17:45:00,OBJ_1001,2.0181,,False
2026-04-02 06:00:00,OBJ_1008,3.5968,,False
2026-04-03 05:15:00,OBJ_1004,1.1921,,False
2026-04-01 10:30:00,OBJ_1011,-1.6172,,False
2026-04-02 10:15:00,OBJ_1006,3.487,,False
2026-04-01 19:15:00,OBJ_1008,8.7423,,False
2026-04-02 22:00:00,OBJ_1012,6.2094,,False
2026-04-03 12:30:00,OBJ_1009,5.9034,,False
2026-04-02 11:00:00,OBJ_1001,3.6475,,False
2026-04-02 15:00:00,OBJ_1014,3.2988,,False
2026-04-01 03:30:00,OBJ_1009,0.0,,False
2026-04-01 12:15:00,OBJ_1002,4.6243,,False
2026-04-02 01:30:00,OBJ_1007,3.5477,,False
2026-04-03 20:30:00,OBJ_1014,2.414,,False
2026-04-02 12:45:00,OBJ_1007,3.8971,,False
2026-04-01 01:45:00,OBJ_1002,6.1348,,False
2026-04-03 15:00:00,OBJ_1010,6.4622,,False
2026-04-02 07:15:00,OBJ_1010,5.1369,,False
2026-04-01 13:30:00,OBJ_1011,-1.3924,,False
2026-04-01 21:45:00,OBJ_1012,14.2795,,False
2026-04-02 09:00:00,OBJ_1010,3.057,,False
2026-04-01 14:45:00,OBJ_1009,4.9222,,False
2026-04-03 14:15:00,OBJ_1009,5.0106,,False
2026-04-03 06:15:00,OBJ_1008,3.7718,,False
2026-04-02 00:15:00,OBJ_1004,1.0779,,False
2026-04-01 12:15:00,OBJ_1006,4.4829,,False
2026-04-01 19:00:00,OBJ_1007,4.3145,,False
2026-04-02 06:30:00,OBJ_1014,3.1047,,False
2026-04-02 21:45:00,OBJ_1002,3.9478,,False
2026-04-02 14:45:00,OBJ_1001,3.6714,,False
2026-04-01 13:00:00,OBJ_1006,3.9159,,False
2026-04-02 16:45:00,OBJ_1009,3.3728,,False
2026-04-02 14:45:00,OBJ_1006,3.5616,,False
2026-04-03 06:15:00,OBJ_1006,0.2188,,False
2026-04-02 05:15:00,OBJ_1012,4.6596,,False
2026-04-01 21:15:00,OBJ_1007,3.4992,,False
2026-04-03 04:15:00,OBJ_1002,7.4068,,False
2026-04-02 17:45:00,OBJ_1008,8.7744,,False
2026-04-03 10:15:00,OBJ_1002,3.6225,,False
2026-04-01 20:15:00,OBJ_1002,5.1176,,False
2026-04-03 15:45:00,OBJ_1007,4.0544,,False
2026-04-02 14:15:00,OBJ_1008,10.4901,,False
2026-04-02 09:00:00,OBJ_1001,2.3934,,False
2026-04-03 04:30:00,OBJ_1006,0.0,,False
2026-04-03 10:30:00,OBJ_1001,3.1985,,False
2026-04-02 00:00:00,OBJ_1007,4.022,,False
2026-04-02 08:45:00,OBJ_1012,17.6168,,False
2026-04-03 07:00:00,OBJ_1002,5.8156,,False
2026-04-03 00:45:00,OBJ_1001,0.0,,False
2026-04-02 16:30:00,OBJ_1010,7.0828,,False
2026-04-03 22:15:00,OBJ_1006,0.0,,False
