timestamp,object_id,client_id,object_type,area,actual_mwh,forecast_mwh,abs_error,is_valid_record,data_quality_issue
2026-04-01 00:00:00,1001,,,,0.05,,,False,missing_object_metadata|no_forecast
2026-04-01 00:00:00,OBJ_1001,CL_01,solar,LV,0.0,0.0,0.0,True,
2026-04-01 00:00:00,OBJ_1002,CL_01,wind,LV,4.4628,4.7599,0.2971,True,
2026-04-01 00:00:00,OBJ_1003,CL_02,consumer,EE,2.281,1.6838,0.5972,False,inactive_object|inactive_object|inactive_object
2026-04-01 00:00:00,OBJ_1004,,hydro,LT,,1.1484,,False,missing_client_id|missing_object_metadata|no_actual
2026-04-01 00:00:00,OBJ_1005,CL_03,bess,,0.71,0.667,0.043,True,missing_area
2026-04-01 00:00:00,OBJ_1006,CL_04,solar,LV,0.0,0.0,0.0,False,negative_capacity
2026-04-01 00:00:00,OBJ_1007,CL_02,wind,EE,3.675,3.1714,0.5036,True,
2026-04-01 00:00:00,OBJ_1008,CL_05,consumer,LT,4.015,2.7636,1.2514,True,
2026-04-01 00:00:00,OBJ_1009,CL_05,solar,LV,0.0,0.0,0.0,True,
2026-04-01 00:00:00,OBJ_1010,CL_06,wind,EE,3.7952,4.4101,0.6149,True,
2026-04-01 00:00:00,OBJ_1011,CL_06,bess,LT,1.1532,1.2859,0.1327,True,
2026-04-01 00:00:00,OBJ_1012,CL_07,consumer,LV,4.0596,6.2997,2.2401,True,
2026-04-01 00:00:00,OBJ_1014,CL_08,wind,EE,2.1764,2.1847,0.0083,True,
2026-04-01 00:00:00,OBJ_9999,,,,0.0,0.0,0.0,False,missing_object_metadata
2026-04-01 00:15:00,OBJ_1001,CL_01,solar,LV,0.0,0.0,0.0,True,
2026-04-01 00:15:00,OBJ_1002,CL_01,wind,LV,4.4651,,,True,no_forecast
2026-04-01 00:15:00,OBJ_1003,CL_02,consumer,EE,2.3035,2.1278,0.1757,False,inactive_object|inactive_object|inactive_object
2026-04-01 00:15:00,OBJ_1004,,hydro,LT,,1.3361,,False,missing_client_id|missing_object_metadata|no_actual
2026-04-01 00:15:00,OBJ_1005,CL_03,bess,,0.6795,0.8804,0.2009,True,missing_area
2026-04-01 00:15:00,OBJ_1006,CL_04,solar,LV,0.0,0.0,0.0,False,negative_capacity
2026-04-01 00:15:00,OBJ_1007,CL_02,wind,EE,3.4866,3.483,0.0036,True,
2026-04-01 00:15:00,OBJ_1008,CL_05,consumer,LT,3.3307,3.2545,0.0762,True,
2026-04-01 00:15:00,OBJ_1009,CL_05,solar,LV,0.0,0.0,0.0,True,
2026-04-01 00:15:00,OBJ_1010,CL_06,wind,EE,4.6834,4.9173,0.2339,True,
2026-04-01 00:15:00,OBJ_1011,CL_06,bess,LT,0.9039,1.0767,0.1728,True,
2026-04-01 00:15:00,OBJ_1012,CL_07,consumer,LV,5.6116,4.1356,1.476,True,
2026-04-01 00:15:00,OBJ_1014,CL_08,wind,EE,2.5006,2.1409,0.3597,True,
2026-04-01 00:15:00,OBJ_9999,,,,0.0,0.0,0.0,False,missing_object_metadata
2026-04-01 00:30:00,OBJ_1001,CL_01,solar,LV,0.0,0.0,0.0,True,
2026-04-01 00:30:00,OBJ_1002,CL_01,wind,LV,4.6553,5.1974,0.5421,True,
2026-04-01 00:30:00,OBJ_1003,CL_02,consumer,EE,1.6232,1.6056,0.0176,False,inactive_object|inactive_object|inactive_object
2026-04-01 00:30:00,OBJ_1004,,hydro,LT,,0.9932,,False,missing_client_id|missing_object_metadata|no_actual
2026-04-01 00:30:00,OBJ_1005,CL_03,bess,,0.9829,0.8574,0.1255,True,missing_area
2026-04-01 00:30:00,OBJ_1006,CL_04,solar,LV,0.0,0.0,0.0,False,negative_capacity
2026-04-01 00:30:00,OBJ_1007,CL_02,wind,EE,3.0418,3.5029,0.4611,True,
2026-04-01 00:30:00,OBJ_1008,CL_05,consumer,LT,3.1451,4.0264,0.8813,True,
2026-04-01 00:30:00,OBJ_1009,CL_05,solar,LV,0.0,0.0,0.0,True,
2026-04-01 00:30:00,OBJ_1010,CL_06,wind,EE,4.4305,4.2038,0.2267,True,
2026-04-01 00:30:00,OBJ_1011,CL_06,bess,LT,1.3843,1.394,0.0097,True,
2026-04-01 00:30:00,OBJ_1012,CL_07,consumer,LV,5.4595,3.824,1.6355,True,
2026-04-01 00:30:00,OBJ_1014,CL_08,wind,EE,2.3911,2.3721,0.019,True,
2026-04-01 00:30:00,OBJ_9999,,,,0.0,0.0,0.0,False,missing_object_metadata
2026-04-01 00:45:00,OBJ_1001,CL_01,solar,LV,,0.0,,True,no_actual
2026-04-01 00:45:00,OBJ_1002,CL_01,wind,LV,4.9844,4.8639,0.1205,True,
2026-04-01 00:45:00,OBJ_1003,CL_02,consumer,EE,1.7542,2.3601,0.6059,False,inactive_object|inactive_object|inactive_object
2026-04-01 00:45:00,OBJ_1004,,hydro,LT,,1.012,,False,missing_client_id|missing_object_metadata|no_actual
2026-04-01 00:45:00,OBJ_1005,CL_03,bess,,0.8208,0.6913,0.1295,True,missing_area
2026-04-01 00:45:00,OBJ_1006,CL_04,solar,LV,0.0,0.0,0.0,False,negative_capacity
2026-04-01 00:45:00,OBJ_1007,CL_02,wind,EE,3.559,3.3416,0.2174,True,
2026-04-01 00:45:00,OBJ_1008,CL_05,consumer,LT,4.2926,2.8135,1.4791,True,
2026-04-01 00:45:00,OBJ_1009,CL_05,solar,LV,0.0,0.0,0.0,True,
2026-04-01 00:45:00,OBJ_1010,CL_06,wind,EE,4.5545,4.2271,0.3274,True,
2026-04-01 00:45:00,OBJ_1011,CL_06,bess,LT,0.9275,1.393,0.4655,True,
2026-04-01 00:45:00,OBJ_1012,CL_07,consumer,LV,4.4558,4.5825,0.1267,True,
2026-04-01 00:45:00,OBJ_1014,CL_08,wind,EE,2.2242,2.2114,0.0128,True,
2026-04-01 00:45:00,OBJ_9999,,,,0.0,0.0,0.0,False,missing_object_metadata
2026-04-01 01:00:00,OBJ_1001,CL_01,solar,LV,0.0,0.0,0.0,True,
2026-04-01 01:00:00,OBJ_1002,CL_01,wind,LV,5.5871,6.4853,0.8982,True,
2026-04-01 01:00:00,OBJ_1003,CL_02,consumer,EE,2.2663,1.8255,0.4408,False,inactive_object|inactive_object|inactive_object
2026-04-01 01:00:00,OBJ_1004,,hydro,LT,,0.9572,,False,missing_client_id|missing_object_metadata|no_actual
2026-04-01 01:00:00,OBJ_1005,CL_03,bess,,0.6404,0.7752,0.1348,True,missing_area
2026-04-01 01:00:00,OBJ_1006,CL_04,solar,LV,0.0,0.0,0.0,False,negative_capacity
2026-04-01 01:00:00,OBJ_1007,CL_02,wind,EE,4.189,3.9846,0.2044,True,
2026-04-01 01:00:00,OBJ_1008,CL_05,consumer,LT,3.5472,3.6079,0.0607,True,
2026-04-01 01:00:00,OBJ_1009,CL_05,solar,LV,0.0,0.0,0.0,True,
2026-04-01 01:00:00,OBJ_1010,CL_06,wind,EE,4.6224,6.1048,1.4824,True,
2026-04-01 01:00:00,OBJ_1011,CL_06,bess,LT,1.0602,1.1959,0.1357,True,
2026-04-01 01:00:00,OBJ_1012,CL_07,consumer,LV,5.8733,4.9462,0.9271,True,
2026-04-01 01:00:00,OBJ_1014,CL_08,wind,EE,2.8897,2.6661,0.2236,True,
2026-04-01 01:00:00,OBJ_9999,,,,0.0,0.0,0.0,False,missing_object_metadata
2026-04-01 01:15:00,OBJ_1001,CL_01,solar,LV,0.0,0.0,0.0,True,
2026-04-01 01:15:00,OBJ_1002,CL_01,wind,LV,5.4806,5.9225,0.4419,True,
2026-04-01 01:15:00,OBJ_1003,CL_02,consumer,EE,2.2696,1.9514,0.3182,False,inactive_object|inactive_object|inactive_object
2026-04-01 01:15:00,OBJ_1004,,hydro,LT,,1.1534,,False,missing_client_id|missing_object_metadata|no_actual
2026-04-01 01:15:00,OBJ_1005,CL_03,bess,,0.8917,0.6047,0.287,True,missing_area
2026-04-01 01:15:00,OBJ_1006,CL_04,solar,LV,0.0,0.0,0.0,False,negative_capacity
2026-04-01 01:15:00,OBJ_1007,CL_02,wind,EE,3.8937,4.4923,0.5986,True,
2026-04-01 01:15:00,OBJ_1008,CL_05,consumer,LT,4.4843,3.3886,1.0957,True,
2026-04-01 01:15:00,OBJ_1009,CL_05,solar,LV,0.0,0.0,0.0,True,
2026-04-01 01:15:00,OBJ_1010,CL_06,wind,EE,5.1228,4.1199,1.0029,True,
2026-04-01 01:15:00,OBJ_1011,CL_06,bess,LT,1.3108,1.1051,0.2057,True,
2026-04-01 01:15:00,OBJ_1012,CL_07,consumer,LV,5.6857,4.4213,1.2644,True,
2026-04-01 01:15:00,OBJ_1014,CL_08,wind,EE,2.9911,3.2047,0.2136,True,
2026-04-01 01:15:00,OBJ_9999,,,,0.0,0.0,0.0,False,missing_object_metadata
2026-04-01 01:30:00,OBJ_1001,CL_01,solar,LV,0.0,0.0,0.0,True,
2026-04-01 01:30:00,OBJ_1002,CL_01,wind,LV,5.2403,5.2852,0.0449,True,
2026-04-01 01:30:00,OBJ_1003,CL_02,consumer,EE,1.7996,1.6009,0.1987,False,inactive_object|inactive_object|inactive_object
2026-04-01 01:30:00,OBJ_1004,,hydro,LT,,1.0464,,False,missing_client_id|missing_object_metadata|no_actual
2026-04-01 01:30:00,OBJ_1005,CL_03,bess,,0.7262,0.7191,0.0071,True,missing_area
2026-04-01 01:30:00,OBJ_1006,CL_04,solar,LV,0.0,0.0,0.0,False,negative_capacity
2026-04-01 01:30:00,OBJ_1007,CL_02,wind,EE,3.6996,3.7625,0.0629,True,
2026-04-01 01:30:00,OBJ_1008,CL_05,consumer,LT,4.4144,3.4464,0.968,True,
2026-04-01 01:30:00,OBJ_1009,CL_05,solar,LV,0.0,0.0,0.0,True,
2026-04-01 01:30:00,OBJ_1010,CL_06,wind,EE,4.7739,4.8175,0.0436,True,
2026-04-01 01:30:00,OBJ_1011,CL_06,bess,LT,1.2933,0.9878,0.3055,True,
2026-04-01 01:30:00,OBJ_1012,CL_07,consumer,LV,4.7913,4.3904,0.4009,True,
2026-04-01 01:30:00,OBJ_1014,CL_08,wind,EE,3.1008,2.3965,0.7043,True,
2026-04-01 01:30:00,OBJ_9999,,,,0.0,0.0,0.0,False,missing_object_metadata
2026-04-01 01:45:00,OBJ_1001,CL_01,solar,LV,0.0,0.0,0.0,True,
2026-04-01 01:45:00,OBJ_1002,CL_01,wind,LV,5.6426,6.1348,0.4922,True,
2026-04-01 01:45:00,OBJ_1003,CL_02,consumer,EE,1.9652,2.3209,0.3557,False,inactive_object|inactive_object|inactive_object
2026-04-01 01:45:00,OBJ_1004,,hydro,LT,,1.1845,,False,missing_client_id|missing_object_metadata|no_actual
2026-04-01 01:45:00,OBJ_1005,CL_03,bess,,0.6987,0.6688,0.0299,True,missing_area
2026-04-01 01:45:00,OBJ_1006,CL_04,solar,LV,0.0,0.0,0.0,False,negative_capacity
2026-04-01 01:45:00,OBJ_1007,CL_02,wind,EE,3.7593,4.5702,0.8109,True,
2026-04-01 01:45:00,OBJ_1008,CL_05,consumer,LT,3.8769,3.6221,0.2548,True,
2026-04-01 01:45:00,OBJ_1009,CL_05,solar,LV,0.0,0.0,0.0,True,
2026-04-01 01:45:00,OBJ_1010,CL_06,wind,EE,4.8959,5.2469,0.351,True,
2026-04-01 01:45:00,OBJ_1011,CL_06,bess,LT,1.0316,1.1753,0.1437,True,
2026-04-01 01:45:00,OBJ_1012,CL_07,consumer,LV,5.9951,3.9711,2.024,True,
2026-04-01 01:45:00,OBJ_1014,CL_08,wind,EE,2.78,2.5693,0.2107,True,
2026-04-01 01:45:00,OBJ_9999,,,,0.0,0.0,0.0,False,missing_object_metadata
2026-04-01 02:00:00,OBJ_1001,CL_01,solar,LV,0.0,0.0,0.0,True,
2026-04-01 02:00:00,OBJ_1002,CL_01,wind,LV,5.865,8.1331,2.2681,True,
2026-04-01 02:00:00,OBJ_1004,,hydro,LT,,1.0576,,False,missing_client_id|missing_object_metadata|no_actual
2026-04-01 02:00:00,OBJ_1005,CL_03,bess,,0.6439,0.6972,0.0533,True,missing_area
2026-04-01 02:00:00,OBJ_1006,CL_04,solar,LV,0.0,0.0,0.0,False,negative_capacity
2026-04-01 02:00:00,OBJ_1007,CL_02,wind,EE,4.866,4.4298,0.4362,True,
2026-04-01 02:00:00,OBJ_1008,CL_05,consumer,LT,3.6332,3.814,0.1808,True,
2026-04-01 02:00:00,OBJ_1009,CL_05,solar,LV,0.0,0.0,0.0,True,
2026-04-01 02:00:00,OBJ_1010,CL_06,wind,EE,5.4241,5.1389,0.2852,True,
2026-04-01 02:00:00,OBJ_1011,CL_06,bess,LT,1.4977,1.404,0.0937,True,
2026-04-01 02:00:00,OBJ_1012,CL_07,consumer,LV,5.0582,4.5417,0.5165,True,
2026-04-01 02:00:00,OBJ_1014,CL_08,wind,EE,3.5033,3.1863,0.317,True,
2026-04-01 02:00:00,OBJ_9999,,,,0.0,0.0,0.0,False,missing_object_metadata
2026-04-01 02:15:00,OBJ_1001,CL_01,solar,LV,0.0,0.0,0.0,True,
2026-04-01 02:15:00,OBJ_1002,CL_01,wind,LV,5.7964,6.7521,0.9557,True,
2026-04-01 02:15:00,OBJ_1004,,hydro,LT,,1.2298,,False,missing_client_id|missing_object_metadata|no_actual
2026-04-01 02:15:00,OBJ_1005,CL_03,bess,,0.8883,0.9129,0.0246,True,missing_area
2026-04-01 02:15:00,OBJ_1006,CL_04,solar,LV,0.0,0.0,0.0,False,negative_capacity
2026-04-01 02:15:00,OBJ_1007,CL_02,wind,EE,4.5386,4.4524,0.0862,True,
2026-04-01 02:15:00,OBJ_1008,CL_05,consumer,LT,3.4002,4.4165,1.0163,True,
2026-04-01 02:15:00,OBJ_1009,CL_05,solar,LV,0.0,0.0,0.0,True,
2026-04-01 02:15:00,OBJ_1010,CL_06,wind,EE,4.9909,5.6841,0.6932,True,
2026-04-01 02:15:00,OBJ_1011,CL_06,bess,LT,1.1609,1.3226,0.1617,True,
2026-04-01 02:15:00,OBJ_1012,CL_07,consumer,LV,4.9074,4.8255,0.0819,True,
2026-04-01 02:15:00,OBJ_1014,CL_08,wind,EE,3.488,2.9693,0.5187,True,
2026-04-01 02:15:00,OBJ_9999,,,,0.0,0.0,0.0,False,missing_object_metadata
2026-04-01 02:30:00,OBJ_1001,CL_01,solar,LV,0.0,0.0,0.0,True,
2026-04-01 02:30:00,OBJ_1002,CL_01,wind,LV,6.2813,6.9755,0.6942,True,
2026-04-01 02:30:00,OBJ_1004,,hydro,LT,,1.274,,False,missing_client_id|missing_object_metadata|no_actual
2026-04-01 02:30:00,OBJ_1005,CL_03,bess,,0.8002,0.872,0.0718,True,missing_area
2026-04-01 02:30:00,OBJ_1006,CL_04,solar,LV,0.0,0.0,0.0,False,negative_capacity
2026-04-01 02:30:00,OBJ_1007,CL_02,wind,EE,5.0206,4.3109,0.7097,True,
2026-04-01 02:30:00,OBJ_1008,CL_05,consumer,LT,4.3058,2.9795,1.3263,True,
2026-04-01 02:30:00,OBJ_1009,CL_05,solar,LV,0.0,0.0,0.0,True,
2026-04-01 02:30:00,OBJ_1010,CL_06,wind,EE,5.8368,6.0239,0.1871,True,
2026-04-01 02:30:00,OBJ_1011,CL_06,bess,LT,1.2654,0.9505,0.3149,True,
2026-04-01 02:30:00,OBJ_1012,CL_07,consumer,LV,4.3057,5.2307,0.925,True,
2026-04-01 02:30:00,OBJ_1014,CL_08,wind,EE,3.3193,3.5536,0.2343,True,
2026-04-01 02:30:00,OBJ_9999,,,,0.0,0.0,0.0,False,missing_object_metadata
2026-04-01 02:45:00,OBJ_1001,CL_01,solar,LV,0.0,0.0,0.0,True,
2026-04-01 02:45:00,OBJ_1002,CL_01,wind,LV,7.273,6.8999,0.3731,True,
2026-04-01 02:45:00,OBJ_1004,,hydro,LT,,1.1722,,False,missing_client_id|missing_object_metadata|no_actual
2026-04-01 02:45:00,OBJ_1005,CL_03,bess,,0.8121,0.789,0.0231,True,missing_area
2026-04-01 02:45:00,OBJ_1006,CL_04,solar,LV,0.0,0.0,0.0,False,negative_capacity
2026-04-01 02:45:00,OBJ_1007,CL_02,wind,EE,4.2655,4.4314,0.1659,True,
2026-04-01 02:45:00,OBJ_1008,CL_05,consumer,LT,3.0292,4.219,1.1898,True,
2026-04-01 02:45:00,OBJ_1009,CL_05,solar,LV,0.0,0.0,0.0,True,
2026-04-01 02:45:00,OBJ_1010,CL_06,wind,EE,6.2214,6.1946,0.0268,True,
2026-04-01 02:45:00,OBJ_1011,CL_06,bess,LT,1.399,1.1598,0.2392,True,
2026-04-01 02:45:00,OBJ_1012,CL_07,consumer,LV,4.615,5.9014,1.2864,True,
2026-04-01 02:45:00,OBJ_1014,CL_08,wind,EE,2.6977,3.1436,0.4459,True,
2026-04-01 02:45:00,OBJ_9999,,,,0.0,0.0,0.0,False,missing_object_metadata
2026-04-01 03:00:00,OBJ_1001,CL_01,solar,LV,0.0,0.0,0.0,True,
2026-04-01 03:00:00,OBJ_1002,CL_01,wind,LV,8.097,7.4331,0.6639,True,
2026-04-01 03:00:00,OBJ_1004,,hydro,LT,,1.3117,,False,missing_client_id|missing_object_metadata|no_actual
2026-04-01 03:00:00,OBJ_1005,CL_03,bess,,0.6343,0.6142,0.0201,True,missing_area
2026-04-01 03:00:00,OBJ_1006,CL_04,solar,LV,0.0,0.0,0.0,False,negative_capacity
2026-04-01 03:00:00,OBJ_1007,CL_02,wind,EE,4.1976,4.7786,0.581,True,
2026-04-01 03:00:00,OBJ_1008,CL_05,consumer,LT,4.1409,2.9834,1.1575,True,
2026-04-01 03:00:00,OBJ_1009,CL_05,solar,LV,0.0,0.0,0.0,True,
2026-04-01 03:00:00,OBJ_1010,CL_06,wind,EE,5.3481,5.8439,0.4958,True,
2026-04-01 03:00:00,OBJ_1011,CL_06,bess,LT,1.1852,1.2141,0.0289,True,
2026-04-01 03:00:00,OBJ_1012,CL_07,consumer,LV,5.0996,3.9596,1.14,True,
2026-04-01 03:00:00,OBJ_1014,CL_08,wind,EE,3.07,3.2007,0.1307,True,
2026-04-01 03:15:00,OBJ_1001,CL_01,solar,LV,0.0,0.0,0.0,True,
2026-04-01 03:15:00,OBJ_1002,CL_01,wind,LV,7.0224,7.747,0.7246,True,
2026-04-01 03:15:00,OBJ_1004,,hydro,LT,,1.0727,,False,missing_client_id|missing_object_metadata|no_actual
2026-04-01 03:15:00,OBJ_1005,CL_03,bess,,0.6847,0.8715,0.1868,True,missing_area
2026-04-01 03:15:00,OBJ_1006,CL_04,solar,LV,0.0,0.0,0.0,False,negative_capacity
2026-04-01 03:15:00,OBJ_1007,CL_02,wind,EE,5.1012,5.2673,0.1661,True,
2026-04-01 03:15:00,OBJ_1008,CL_05,consumer,LT,3.3017,3.6599,0.3582,True,
2026-04-01 03:15:00,OBJ_1009,CL_05,solar,LV,0.0,0.0,0.0,True,
2026-04-01 03:15:00,OBJ_1010,CL_06,wind,EE,6.8299,6.0096,0.8203,True,
2026-04-01 03:15:00,OBJ_1011,CL_06,bess,LT,1.2899,0.9464,0.3435,True,
2026-04-01 03:15:00,OBJ_1012,CL_07,consumer,LV,4.8762,6.0527,1.1765,True,
2026-04-01 03:15:00,OBJ_1014,CL_08,wind,EE,3.3074,2.7978,0.5096,True,
2026-04-01 03:30:00,OBJ_1001,CL_01,solar,LV,0.0,0.0,0.0,True,
2026-04-01 03:30:00,OBJ_1002,CL_01,wind,LV,6.6153,7.2568,0.6415,True,
2026-04-01 03:30:00,OBJ_1004,,hydro,LT,,1.33,,False,missing_client_id|missing_object_metadata|no_actual
2026-04-01 03:30:00,OBJ_1005,CL_03,bess,,0.7352,0.7107,0.0245,True,missing_area
2026-04-01 03:30:00,OBJ_1006,CL_04,solar,LV,0.0,0.0,0.0,False,negative_capacity
2026-04-01 03:30:00,OBJ_1007,CL_02,wind,EE,4.4176,4.3367,0.0809,True,
2026-04-01 03:30:00,OBJ_1008,CL_05,consumer,LT,3.3303,4.1952,0.8649,True,
2026-04-01 03:30:00,OBJ_1009,CL_05,solar,LV,0.0,0.0,0.0,True,
2026-04-01 03:30:00,OBJ_1010,CL_06,wind,EE,6.2076,6.4559,0.2483,True,
2026-04-01 03:30:00,OBJ_1011,CL_06,bess,LT,1.0374,1.1278,0.0904,True,
2026-04-01 03:30:00,OBJ_1012,CL_07,consumer,LV,5.8108,4.3991,1.4117,True,
2026-04-01 03:30:00,OBJ_1014,CL_08,wind,EE,3.629,3.4391,0.1899,True,
2026-04-01 03:45:00,OBJ_1001,CL_01,solar,LV,0.0,0.0,0.0,True,
2026-04-01 03:45:00,OBJ_1002,CL_01,wind,LV,6.6426,7.4072,0.7646,True,
2026-04-01 03:45:00,OBJ_1004,,hydro,LT,,1.116,,False,missing_client_id|missing_object_metadata|no_actual
2026-04-01 03:45:00,OBJ_1005,CL_03,bess,,0.8676,0.7751,0.0925,True,missing_area
2026-04-01 03:45:00,OBJ_1006,CL_04,solar,LV,0.0,0.0,0.0,False,negative_capacity
2026-04-01 03:45:00,OBJ_1007,CL_02,wind,EE,4.2839,5.6447,1.3608,True,
2026-04-01 03:45:00,OBJ_1008,CL_05,consumer,LT,4.4033,4.3913,0.012,True,
2026-04-01 03:45:00,OBJ_1009,CL_05,solar,LV,0.0,0.0,0.0,True,
2026-04-01 03:45:00,OBJ_1010,CL_06,wind,EE,5.9367,5.2983,0.6384,True,
2026-04-01 03:45:00,OBJ_1011,CL_06,bess,LT,1.3708,0.9569,0.4139,True,
2026-04-01 03:45:00,OBJ_1012,CL_07,consumer,LV,5.615,3.8314,1.7836,True,
2026-04-01 03:45:00,OBJ_1014,CL_08,wind,EE,2.9998,3.0472,0.0474,True,
2026-04-01 04:00:00,OBJ_1001,CL_01,solar,LV,0.0,0.0,0.0,True,
2026-04-01 04:00:00,OBJ_1002,CL_01,wind,LV,7.2041,7.8208,0.6167,True,
2026-04-01 04:00:00,OBJ_1004,,hydro,LT,,1.0133,,False,missing_client_id|missing_object_metadata|no_actual
2026-04-01 04:00:00,OBJ_1005,CL_03,bess,,0.7694,0.8516,0.0822,True,missing_area
2026-04-01 04:00:00,OBJ_1006,CL_04,solar,LV,0.0,0.0,0.0,False,negative_capacity
2026-04-01 04:00:00,OBJ_1007,CL_02,wind,EE,5.2199,5.6182,0.3983,True,
2026-04-01 04:00:00,OBJ_1008,CL_05,consumer,LT,4.01,4.3695,0.3595,True,
2026-04-01 04:00:00,OBJ_1009,CL_05,solar,LV,0.0,0.0,0.0,True,
2026-04-01 04:00:00,OBJ_1010,CL_06,wind,EE,5.4214,5.5987,0.1773,True,
2026-04-01 04:00:00,OBJ_1011,CL_06,bess,LT,1.1416,1.2735,0.1319,True,
2026-04-01 04:00:00,OBJ_1012,CL_07,consumer,LV,4.6786,5.3533,0.6747,True,
2026-04-01 04:00:00,OBJ_1014,CL_08,wind,EE,3.7163,3.0954,0.6209,True,
2026-04-01 04:15:00,OBJ_1001,CL_01,solar,LV,0.0,0.0,0.0,True,
2026-04-01 04:15:00,OBJ_1002,CL_01,wind,LV,6.6984,7.2756,0.5772,True,
2026-04-01 04:15:00,OBJ_1004,,hydro,LT,,1.146,,False,missing_client_id|missing_object_metadata|no_actual
2026-04-01 04:15:00,OBJ_1005,CL_03,bess,,0.7794,0.8815,0.1021,True,missing_area
2026-04-01 04:15:00,OBJ_1006,CL_04,solar,LV,0.0,0.0,0.0,False,negative_capacity
2026-04-01 04:15:00,OBJ_1007,CL_02,wind,EE,4.5892,5.6335,1.0443,True,
2026-04-01 04:15:00,OBJ_1008,CL_05,consumer,LT,3.3747,4.0227,0.648,True,
2026-04-01 04:15:00,OBJ_1009,CL_05,solar,LV,0.0,0.0,0.0,True,
2026-04-01 04:15:00,OBJ_1010,CL_06,wind,EE,6.0245,5.284,0.7405,True,
2026-04-01 04:15:00,OBJ_1011,CL_06,bess,LT,1.4168,1.5006,0.0838,True,
2026-04-01 04:15:00,OBJ_1012,CL_07,consumer,LV,5.1007,5.0754,0.0253,True,
2026-04-01 04:15:00,OBJ_1014,CL_08,wind,EE,2.9357,2.9737,0.038,True,
2026-04-01 04:30:00,OBJ_1001,CL_01,solar,LV,0.0,0.0,0.0,True,
2026-04-01 04:30:00,OBJ_1002,CL_01,wind,LV,8.0544,7.368,0.6864,True,
2026-04-01 04:30:00,OBJ_1004,,hydro,LT,,1.0908,,False,missing_client_id|missing_object_metadata|no_actual
2026-04-01 04:30:00,OBJ_1005,CL_03,bess,,0.9876,0.9078,0.0798,True,missing_area
2026-04-01 04:30:00,OBJ_1006,CL_04,solar,LV,0.0,0.0,0.0,False,negative_capacity
2026-04-01 04:30:00,OBJ_1007,CL_02,wind,EE,5.3873,5.2014,0.1859,True,
2026-04-01 04:30:00,OBJ_1008,CL_05,consumer,LT,3.2495,3.5118,0.2623,True,
2026-04-01 04:30:00,OBJ_1009,CL_05,solar,LV,0.0,0.0,0.0,True,
2026-04-01 04:30:00,OBJ_1010,CL_06,wind,EE,5.6232,5.9706,0.3474,True,
2026-04-01 04:30:00,OBJ_1011,CL_06,bess,LT,1.1406,0.9527,0.1879,True,
2026-04-01 04:30:00,OBJ_1012,CL_07,consumer,LV,4.1173,5.4253,1.308,True,
2026-04-01 04:30:00,OBJ_1014,CL_08,wind,EE,3.2517,2.961,0.2907,True,
2026-04-01 04:45:00,OBJ_1001,CL_01,solar,LV,0.0,0.0,0.0,True,
2026-04-01 04:45:00,OBJ_1002,CL_01,wind,LV,6.8558,6.6954,0.1604,True,
2026-04-01 04:45:00,OBJ_1004,,hydro,LT,,1.1861,,False,missing_client_id|missing_object_metadata|no_actual
2026-04-01 04:45:00,OBJ_1005,CL_03,bess,,0.9136,0.8722,0.0414,True,missing_area
2026-04-01 04:45:00,OBJ_1006,CL_04,solar,LV,0.0,0.0,0.0,False,negative_capacity
2026-04-01 04:45:00,OBJ_1007,CL_02,wind,EE,4.7914,4.8096,0.0182,True,
2026-04-01 04:45:00,OBJ_1008,CL_05,consumer,LT,4.436,3.5128,0.9232,True,
2026-04-01 04:45:00,OBJ_1009,CL_05,solar,LV,0.0,0.0,0.0,True,
2026-04-01 04:45:00,OBJ_1010,CL_06,wind,EE,6.2216,6.1772,0.0444,True,
2026-04-01 04:45:00,OBJ_1011,CL_06,bess,LT,1.331,0.8667,0.4643,True,
2026-04-01 04:45:00,OBJ_1012,CL_07,consumer,LV,4.3096,4.7979,0.4883,True,
2026-04-01 04:45:00,OBJ_1014,CL_08,wind,EE,3.1726,2.9421,0.2305,True,
2026-04-01 05:00:00,OBJ_1001,CL_01,solar,LV,0.0,0.0,0.0,True,
2026-04-01 05:00:00,OBJ_1002,CL_01,wind,LV,7.395,7.4342,0.0392,True,
2026-04-01 05:00:00,OBJ_1004,,hydro,LT,,1.0346,,False,missing_client_id|missing_object_metadata|no_actual
2026-04-01 05:00:00,OBJ_1005,CL_03,bess,,0.8169,0.7366,0.0803,True,missing_area
2026-04-01 05:00:00,OBJ_1006,CL_04,solar,LV,0.0,0.0,0.0,False,negative_capacity
2026-04-01 05:00:00,OBJ_1007,CL_02,wind,EE,4.211,5.2618,1.0508,True,
2026-04-01 05:00:00,OBJ_1008,CL_05,consumer,LT,3.8763,3.6386,0.2377,True,
2026-04-01 05:00:00,OBJ_1009,CL_05,solar,LV,0.0,0.0,0.0,True,
2026-04-01 05:00:00,OBJ_1010,CL_06,wind,EE,6.6335,7.0172,0.3837,True,
2026-04-01 05:00:00,OBJ_1011,CL_06,bess,LT,0.9945,1.105,0.1105,True,
2026-04-01 05:00:00,OBJ_1012,CL_07,consumer,LV,5.9216,4.7575,1.1641,True,
2026-04-01 05:00:00,OBJ_1014,CL_08,wind,EE,2.9168,2.8407,0.0761,True,
2026-04-01 05:15:00,OBJ_1001,CL_01,solar,LV,0.0,0.0,0.0,True,
2026-04-01 05:15:00,OBJ_1002,CL_01,wind,LV,7.4278,7.5551,0.1273,True,
2026-04-01 05:15:00,OBJ_1004,,hydro,LT,,1.1556,,False,missing_client_id|missing_object_metadata|no_actual
2026-04-01 05:15:00,OBJ_1005,CL_03,bess,,0.8701,0.6877,0.1824,True,missing_area
2026-04-01 05:15:00,OBJ_1006,CL_04,solar,LV,0.0,0.0,0.0,False,negative_capacity
2026-04-01 05:15:00,OBJ_1007,CL_02,wind,EE,4.2974,5.0876,0.7902,True,
2026-04-01 05:15:00,OBJ_1008,CL_05,consumer,LT,4.3354,4.7352,0.3998,True,
2026-04-01 05:15:00,OBJ_1009,CL_05,solar,LV,0.0,0.0,0.0,True,
2026-04-01 05:15:00,OBJ_1010,CL_06,wind,EE,6.1889,6.4389,0.25,True,
2026-04-01 05:15:00,OBJ_1011,CL_06,bess,LT,1.2716,1.3384,0.0668,True,
2026-04-01 05:15:00,OBJ_1012,CL_07,consumer,LV,4.8384,3.8511,0.9873,True,
2026-04-01 05:15:00,OBJ_1014,CL_08,wind,EE,3.3936,2.9381,0.4555,True,
2026-04-01 05:30:00,OBJ_1001,CL_01,solar,LV,0.0,0.0,0.0,True,
2026-04-01 05:30:00,OBJ_1002,CL_01,wind,LV,8.1296,7.6649,0.4647,True,
2026-04-01 05:30:00,OBJ_1004,,hydro,LT,,1.0654,,False,missing_client_id|missing_object_metadata|no_actual
2026-04-01 05:30:00,OBJ_1005,CL_03,bess,,0.6817,0.7572,0.0755,True,missing_area
2026-04-01 05:30:00,OBJ_1006,CL_04,solar,LV,0.0,0.0,0.0,False,negative_capacity
2026-04-01 05:30:00,OBJ_1007,CL_02,wind,EE,4.461,5.2799,0.8189,True,
2026-04-01 05:30:00,OBJ_1008,CL_05,consumer,LT,3.5937,3.2602,0.3335,True,
2026-04-01 05:30:00,OBJ_1009,CL_05,solar,LV,0.0,0.0,0.0,True,
2026-04-01 05:30:00,OBJ_1010,CL_06,wind,EE,5.6818,5.9759,0.2941,True,
2026-04-01 05:30:00,OBJ_1011,CL_06,bess,LT,1.0897,0.9084,0.1813,True,
2026-04-01 05:30:00,OBJ_1012,CL_07,consumer,LV,5.5037,4.5672,0.9365,True,
2026-04-01 05:30:00,OBJ_1014,CL_08,wind,EE,2.9096,3.3816,0.472,True,
2026-04-01 05:45:00,OBJ_1001,CL_01,solar,LV,0.0,0.0,0.0,True,
2026-04-01 05:45:00,OBJ_1002,CL_01,wind,LV,8.2613,6.1535,2.1078,True,
2026-04-01 05:45:00,OBJ_1004,,hydro,LT,,1.1081,,False,missing_client_id|missing_object_metadata|no_actual
2026-04-01 05:45:00,OBJ_1005,CL_03,bess,,0.9984,0.5906,0.4078,True,missing_area
2026-04-01 05:45:00,OBJ_1006,CL_04,solar,LV,0.0,0.0,0.0,False,negative_capacity
2026-04-01 05:45:00,OBJ_1007,CL_02,wind,EE,4.4258,4.5581,0.1323,True,
2026-04-01 05:45:00,OBJ_1008,CL_05,consumer,LT,3.3978,2.8281,0.5697,True,
2026-04-01 05:45:00,OBJ_1009,CL_05,solar,LV,0.0,0.0,0.0,True,
2026-04-01 05:45:00,OBJ_1010,CL_06,wind,EE,6.6819,5.9813,0.7006,True,
2026-04-01 05:45:00,OBJ_1011,CL_06,bess,LT,1.4276,1.4925,0.0649,True,
2026-04-01 05:45:00,OBJ_1012,CL_07,consumer,LV,4.7391,5.231,0.4919,True,
2026-04-01 05:45:00,OBJ_1014,CL_08,wind,EE,2.9903,3.5843,0.594,True,
2026-04-01 06:00:00,OBJ_1001,CL_01,solar,LV,0.0,0.0,0.0,True,
2026-04-01 06:00:00,OBJ_1002,CL_01,wind,LV,7.2334,6.5095,0.7239,True,
2026-04-01 06:00:00,OBJ_1004,,hydro,LT,,1.097,,False,missing_client_id|missing_object_metadata|no_actual
2026-04-01 06:00:00,OBJ_1005,CL_03,bess,,0.8447,0.6288,0.2159,True,missing_area
2026-04-01 06:00:00,OBJ_1006,CL_04,solar,LV,0.0,0.0,0.0,False,negative_capacity
2026-04-01 06:00:00,OBJ_1007,CL_02,wind,EE,4.7577,4.9892,0.2315,True,
2026-04-01 06:00:00,OBJ_1008,CL_05,consumer,LT,3.0117,3.7923,0.7806,True,
2026-04-01 06:00:00,OBJ_1009,CL_05,solar,LV,0.0,0.0,0.0,True,
2026-04-01 06:00:00,OBJ_1010,CL_06,wind,EE,5.37,6.8422,1.4722,True,
2026-04-01 06:00:00,OBJ_1011,CL_06,bess,LT,1.298,1.1578,0.1402,True,
2026-04-01 06:00:00,OBJ_1012,CL_07,consumer,LV,5.8779,5.0669,0.811,True,
2026-04-01 06:00:00,OBJ_1014,CL_08,wind,EE,2.8057,3.1482,0.3425,True,
2026-04-01 06:15:00,OBJ_1001,CL_01,solar,LV,0.2188,0.2184,0.0004,True,
2026-04-01 06:15:00,OBJ_1002,CL_01,wind,LV,6.0683,6.6623,0.594,True,
2026-04-01 06:15:00,OBJ_1004,,hydro,LT,,1.2378,,False,missing_client_id|missing_object_metadata|no_actual
2026-04-01 06:15:00,OBJ_1005,CL_03,bess,,0.8213,0.7791,0.0422,True,missing_area
2026-04-01 06:15:00,OBJ_1006,CL_04,solar,LV,0.2248,0.2427,0.0179,False,negative_capacity
2026-04-01 06:15:00,OBJ_1007,CL_02,wind,EE,4.6937,5.1283,0.4346,True,
2026-04-01 06:15:00,OBJ_1008,CL_05,consumer,LT,4.0764,3.2769,0.7995,True,
2026-04-01 06:15:00,OBJ_1009,CL_05,solar,LV,0.2962,0.3309,0.0347,True,
2026-04-01 06:15:00,OBJ_1010,CL_06,wind,EE,5.915,6.7728,0.8578,True,
2026-04-01 06:15:00,OBJ_1011,CL_06,bess,LT,1.0584,1.5028,0.4444,True,
2026-04-01 06:15:00,OBJ_1012,CL_07,consumer,LV,4.9771,4.2735,0.7036,True,
2026-04-01 06:15:00,OBJ_1014,CL_08,wind,EE,3.4959,3.0541,0.4418,True,
2026-04-01 06:30:00,OBJ_1001,CL_01,solar,LV,0.4922,0.4429,0.0493,True,
2026-04-01 06:30:00,OBJ_1002,CL_01,wind,LV,6.0396,6.889,0.8494,True,
2026-04-01 06:30:00,OBJ_1004,,hydro,LT,,1.3381,,False,missing_client_id|missing_object_metadata|no_actual
2026-04-01 06:30:00,OBJ_1005,CL_03,bess,,0.7694,1.0389,0.2695,True,missing_area
2026-04-01 06:30:00,OBJ_1006,CL_04,solar,LV,0.4492,0.4629,0.0137,False,negative_capacity
2026-04-01 06:30:00,OBJ_1007,CL_02,wind,EE,3.9108,4.1162,0.2054,True,
2026-04-01 06:30:00,OBJ_1008,CL_05,consumer,LT,4.1567,3.5275,0.6292,True,
2026-04-01 06:30:00,OBJ_1009,CL_05,solar,LV,0.6352,0.5791,0.0561,True,
2026-04-01 06:30:00,OBJ_1010,CL_06,wind,EE,5.3091,5.573,0.2639,True,
2026-04-01 06:30:00,OBJ_1011,CL_06,bess,LT,1.3447,1.4312,0.0865,True,
2026-04-01 06:30:00,OBJ_1012,CL_07,consumer,LV,5.1034,5.4532,0.3498,True,
2026-04-01 06:30:00,OBJ_1014,CL_08,wind,EE,3.0684,3.1044,0.036,True,
2026-04-01 06:45:00,OBJ_1001,CL_01,solar,LV,0.6418,0.821,0.1792,True,
2026-04-01 06:45:00,OBJ_1002,CL_01,wind,LV,6.0063,6.3744,0.3681,True,
2026-04-01 06:45:00,OBJ_1004,,hydro,LT,,1.198,,False,missing_client_id|missing_object_metadata|no_actual
2026-04-01 06:45:00,OBJ_1005,CL_03,bess,,0.9532,0.7228,0.2304,True,missing_area
2026-04-01 06:45:00,OBJ_1006,CL_04,solar,LV,0.7429,0.6585,0.0844,False,negative_capacity
2026-04-01 06:45:00,OBJ_1007,CL_02,wind,EE,4.6166,4.6505,0.0339,True,
2026-04-01 06:45:00,OBJ_1008,CL_05,consumer,LT,4.2519,4.378,0.1261,True,
2026-04-01 06:45:00,OBJ_1009,CL_05,solar,LV,0.9421,0.8414,0.1007,True,
2026-04-01 06:45:00,OBJ_1010,CL_06,wind,EE,5.1238,5.2824,0.1586,True,
2026-04-01 06:45:00,OBJ_1011,CL_06,bess,LT,0.9765,1.053,0.0765,True,
2026-04-01 06:45:00,OBJ_1012,CL_07,consumer,LV,4.6165,5.5195,0.903,True,
2026-04-01 06:45:00,OBJ_1014,CL_08,wind,EE,3.4903,3.1049,0.3854,True,
2026-04-01 07:00:00,OBJ_1001,CL_01,solar,LV,0.9707,0.8948,0.0759,True,
2026-04-01 07:00:00,OBJ_1002,CL_01,wind,LV,6.8269,6.2502,0.5767,True,
2026-04-01 07:00:00,OBJ_1004,,hydro,LT,,1.0918,,False,missing_client_id|missing_object_metadata|no_actual
2026-04-01 07:00:00,OBJ_1005,CL_03,bess,,0.9596,0.9313,0.0283,True,missing_area
2026-04-01 07:00:00,OBJ_1006,CL_04,solar,LV,0.8827,0.8989,0.0162,False,negative_capacity
2026-04-01 07:00:00,OBJ_1007,CL_02,wind,EE,3.8308,5.0623,1.2315,True,
2026-04-01 07:00:00,OBJ_1008,CL_05,consumer,LT,9.4626,9.441,0.0216,True,
2026-04-01 07:00:00,OBJ_1009,CL_05,solar,LV,1.2911,1.2907,0.0004,True,
2026-04-01 07:00:00,OBJ_1010,CL_06,wind,EE,5.7236,4.1847,1.5389,True,
2026-04-01 07:00:00,OBJ_1011,CL_06,bess,LT,1.1438,1.368,0.2242,True,
2026-04-01 07:00:00,OBJ_1012,CL_07,consumer,LV,15.724,16.1456,0.4216,True,
2026-04-01 07:00:00,OBJ_1014,CL_08,wind,EE,2.5567,2.8918,0.3351,True,
2026-04-01 07:15:00,OBJ_1001,CL_01,solar,LV,1.2327,1.163,0.0697,True,
2026-04-01 07:15:00,OBJ_1002,CL_01,wind,LV,6.8338,6.3337,0.5001,True,
2026-04-01 07:15:00,OBJ_1004,,hydro,LT,,1.2504,,False,missing_client_id|missing_object_metadata|no_actual
2026-04-01 07:15:00,OBJ_1005,CL_03,bess,,0.9905,0.7977,0.1928,True,missing_area
2026-04-01 07:15:00,OBJ_1006,CL_04,solar,LV,1.2104,0.9914,0.219,False,negative_capacity
2026-04-01 07:15:00,OBJ_1007,CL_02,wind,EE,4.5757,3.9172,0.6585,True,
2026-04-01 07:15:00,OBJ_1008,CL_05,consumer,LT,9.1115,11.0778,1.9663,True,
2026-04-01 07:15:00,OBJ_1009,CL_05,solar,LV,1.5954,1.5337,0.0617,True,
2026-04-01 07:15:00,OBJ_1010,CL_06,wind,EE,4.9103,4.5929,0.3174,True,
2026-04-01 07:15:00,OBJ_1011,CL_06,bess,LT,1.4585,0.9508,0.5077,True,
2026-04-01 07:15:00,OBJ_1012,CL_07,consumer,LV,16.8134,17.1404,0.327,True,
2026-04-01 07:15:00,OBJ_1014,CL_08,wind,EE,3.1317,2.7005,0.4312,True,
2026-04-01 07:30:00,OBJ_1001,CL_01,solar,LV,1.4441,1.4584,0.0143,True,
2026-04-01 07:30:00,OBJ_1002,CL_01,wind,LV,5.7767,5.1283,0.6484,True,
2026-04-01 07:30:00,OBJ_1004,,hydro,LT,,1.1205,,False,missing_client_id|missing_object_metadata|no_actual
2026-04-01 07:30:00,OBJ_1005,CL_03,bess,,0.9149,0.6677,0.2472,True,missing_area
2026-04-01 07:30:00,OBJ_1006,CL_04,solar,LV,1.2874,1.3305,0.0431,False,negative_capacity
2026-04-01 07:30:00,OBJ_1007,CL_02,wind,EE,4.5648,4.2093,0.3555,True,
2026-04-01 07:30:00,OBJ_1008,CL_05,consumer,LT,12.8637,9.839,3.0247,True,
2026-04-01 07:30:00,OBJ_1009,CL_05,solar,LV,1.7505,1.749,0.0015,True,
2026-04-01 07:30:00,OBJ_1010,CL_06,wind,EE,5.6241,5.0582,0.5659,True,
2026-04-01 07:30:00,OBJ_1011,CL_06,bess,LT,1.1762,1.0421,0.1341,True,
2026-04-01 07:30:00,OBJ_1012,CL_07,consumer,LV,13.8311,13.4023,0.4288,True,
2026-04-01 07:30:00,OBJ_1014,CL_08,wind,EE,3.076,2.4761,0.5999,True,
2026-04-01 07:45:00,OBJ_1001,CL_01,solar,LV,1.5226,1.6506,0.128,True,
2026-04-01 07:45:00,OBJ_1002,CL_01,wind,LV,5.3468,5.6654,0.3186,True,
2026-04-01 07:45:00,OBJ_1004,,hydro,LT,,1.3245,,False,missing_client_id|missing_object_metadata|no_actual
2026-04-01 07:45:00,OBJ_1005,CL_03,bess,,0.6773,0.9556,0.2783,True,missing_area
2026-04-01 07:45:00,OBJ_1006,CL_04,solar,LV,1.5486,1.4464,0.1022,False,negative_capacity
2026-04-01 07:45:00,OBJ_1007,CL_02,wind,EE,4.5556,4.4004,0.1552,True,
2026-04-01 07:45:00,OBJ_1008,CL_05,consumer,LT,13.351,12.984,0.367,True,
2026-04-01 07:45:00,OBJ_1009,CL_05,solar,LV,2.0478,2.1162,0.0684,True,
2026-04-01 07:45:00,OBJ_1010,CL_06,wind,EE,5.3661,4.5138,0.8523,True,
2026-04-01 07:45:00,OBJ_1011,CL_06,bess,LT,1.1398,1.0943,0.0455,True,
2026-04-01 07:45:00,OBJ_1012,CL_07,consumer,LV,17.8869,17.2469,0.64,True,
2026-04-01 07:45:00,OBJ_1014,CL_08,wind,EE,2.866,2.9533,0.0873,True,
2026-04-01 08:00:00,OBJ_1001,CL_01,solar,LV,1.9347,1.7628,0.1719,True,
2026-04-01 08:00:00,OBJ_1002,CL_01,wind,LV,4.7489,5.3041,0.5552,True,
2026-04-01 08:00:00,OBJ_1004,,hydro,LT,,1.1888,,False,missing_client_id|missing_object_metadata|no_actual
2026-04-01 08:00:00,OBJ_1005,CL_03,bess,,0.9882,0.6763,0.3119,True,missing_area
2026-04-01 08:00:00,OBJ_1006,CL_04,solar,LV,1.7119,1.9027,0.1908,False,negative_capacity
2026-04-01 08:00:00,OBJ_1007,CL_02,wind,EE,4.0269,3.4631,0.5638,True,
2026-04-01 08:00:00,OBJ_1008,CL_05,consumer,LT,10.1946,10.2317,0.0371,True,
2026-04-01 08:00:00,OBJ_1009,CL_05,solar,LV,2.2551,2.318,0.0629,True,
2026-04-01 08:00:00,OBJ_1010,CL_06,wind,EE,4.3629,4.7084,0.3455,True,
2026-04-01 08:00:00,OBJ_1011,CL_06,bess,LT,1.3371,1.465,0.1279,True,
2026-04-01 08:00:00,OBJ_1012,CL_07,consumer,LV,13.8821,14.1508,0.2687,True,
2026-04-01 08:00:00,OBJ_1014,CL_08,wind,EE,2.5195,2.9057,0.3862,True,
2026-04-01 08:15:00,OBJ_1001,CL_01,solar,LV,2.0172,1.9912,0.026,True,
2026-04-01 08:15:00,OBJ_1002,CL_01,wind,LV,5.1602,6.2159,1.0557,True,
2026-04-01 08:15:00,OBJ_1004,,hydro,LT,,1.023,,False,missing_client_id|missing_object_metadata|no_actual
2026-04-01 08:15:00,OBJ_1005,CL_03,bess,,0.8306,1.0464,0.2158,True,missing_area
2026-04-01 08:15:00,OBJ_1006,CL_04,solar,LV,1.9334,1.9038,0.0296,False,negative_capacity
2026-04-01 08:15:00,OBJ_1007,CL_02,wind,EE,3.769,3.2282,0.5408,True,
2026-04-01 08:15:00,OBJ_1008,CL_05,consumer,LT,9.0076,10.5786,1.571,True,
2026-04-01 08:15:00,OBJ_1009,CL_05,solar,LV,2.8699,2.9929,0.123,True,
2026-04-01 08:15:00,OBJ_1010,CL_06,wind,EE,4.4949,4.6441,0.1492,True,
2026-04-01 08:15:00,OBJ_1011,CL_06,bess,LT,1.3317,1.4855,0.1538,True,
2026-04-01 08:15:00,OBJ_1012,CL_07,consumer,LV,16.4517,16.2798,0.1719,True,
2026-04-01 08:15:00,OBJ_1014,CL_08,wind,EE,2.5645,2.44,0.1245,True,
2026-04-01 08:30:00,OBJ_1001,CL_01,solar,LV,2.1658,1.9722,0.1936,True,
2026-04-01 08:30:00,OBJ_1002,CL_01,wind,LV,4.6797,4.8895,0.2098,True,
2026-04-01 08:30:00,OBJ_1004,,hydro,LT,,1.2068,,False,missing_client_id|missing_object_metadata|no_actual
2026-04-01 08:30:00,OBJ_1005,CL_03,bess,,0.8657,0.7221,0.1436,True,missing_area
2026-04-01 08:30:00,OBJ_1006,CL_04,solar,LV,2.1536,2.3537,0.2001,False,negative_capacity
2026-04-01 08:30:00,OBJ_1007,CL_02,wind,EE,3.3677,3.7325,0.3648,True,
2026-04-01 08:30:00,OBJ_1008,CL_05,consumer,LT,12.8161,9.2641,3.552,True,
2026-04-01 08:30:00,OBJ_1009,CL_05,solar,LV,3.058,2.9541,0.1039,True,
2026-04-01 08:30:00,OBJ_1010,CL_06,wind,EE,4.1924,4.6406,0.4482,True,
2026-04-01 08:30:00,OBJ_1011,CL_06,bess,LT,1.0856,0.9665,0.1191,True,
2026-04-01 08:30:00,OBJ_1012,CL_07,consumer,LV,14.4504,15.2088,0.7584,True,
2026-04-01 08:30:00,OBJ_1014,CL_08,wind,EE,2.3771,2.1031,0.274,True,
2026-04-01 08:45:00,OBJ_1001,CL_01,solar,LV,2.3289,2.7918,0.4629,True,
2026-04-01 08:45:00,OBJ_1002,CL_01,wind,LV,4.7671,6.0287,1.2616,True,
2026-04-01 08:45:00,OBJ_1004,,hydro,LT,,1.2958,,False,missing_client_id|missing_object_metadata|no_actual
2026-04-01 08:45:00,OBJ_1005,CL_03,bess,,0.7682,0.8104,0.0422,True,missing_area
2026-04-01 08:45:00,OBJ_1006,CL_04,solar,LV,2.5807,2.4084,0.1723,False,negative_capacity
2026-04-01 08:45:00,OBJ_1007,CL_02,wind,EE,3.737,3.6292,0.1078,True,
2026-04-01 08:45:00,OBJ_1008,CL_05,consumer,LT,13.0626,9.8563,3.2063,True,
2026-04-01 08:45:00,OBJ_1009,CL_05,solar,LV,3.2718,3.4325,0.1607,True,
2026-04-01 08:45:00,OBJ_1010,CL_06,wind,EE,4.1932,4.4749,0.2817,True,
2026-04-01 08:45:00,OBJ_1011,CL_06,bess,LT,1.2288,0.9731,0.2557,True,
2026-04-01 08:45:00,OBJ_1012,CL_07,consumer,LV,12.0024,16.0182,4.0158,True,
2026-04-01 08:45:00,OBJ_1014,CL_08,wind,EE,2.2964,2.7887,0.4923,True,
2026-04-01 09:00:00,OBJ_1001,CL_01,solar,LV,2.5658,2.6219,0.0561,True,
2026-04-01 09:00:00,OBJ_1002,CL_01,wind,LV,4.4315,3.6259,0.8056,True,
2026-04-01 09:00:00,OBJ_1004,,hydro,LT,,1.2856,,False,missing_client_id|missing_object_metadata|no_actual
2026-04-01 09:00:00,OBJ_1005,CL_03,bess,,0.8619,0.6968,0.1651,True,missing_area
2026-04-01 09:00:00,OBJ_1006,CL_04,solar,LV,2.5805,2.5039,0.0766,False,negative_capacity
2026-04-01 09:00:00,OBJ_1007,CL_02,wind,EE,2.8406,3.0323,0.1917,True,
2026-04-01 09:00:00,OBJ_1008,CL_05,consumer,LT,9.9617,9.5953,0.3664,True,
2026-04-01 09:00:00,OBJ_1009,CL_05,solar,LV,3.4453,3.2715,0.1738,True,
2026-04-01 09:00:00,OBJ_1010,CL_06,wind,EE,4.0242,3.5733,0.4509,True,
2026-04-01 09:00:00,OBJ_1011,CL_06,bess,LT,1.3776,0.982,0.3956,True,
2026-04-01 09:00:00,OBJ_1012,CL_07,consumer,LV,13.0181,13.6614,0.6433,True,
2026-04-01 09:00:00,OBJ_1014,CL_08,wind,EE,1.7501,1.8043,0.0542,True,
2026-04-01 09:15:00,OBJ_1001,CL_01,solar,LV,2.7806,2.6491,0.1315,True,
2026-04-01 09:15:00,OBJ_1002,CL_01,wind,LV,4.497,5.0156,0.5186,True,
2026-04-01 09:15:00,OBJ_1004,,hydro,LT,,1.1792,,False,missing_client_id|missing_object_metadata|no_actual
2026-04-01 09:15:00,OBJ_1005,CL_03,bess,,0.7341,0.685,0.0491,True,missing_area
2026-04-01 09:15:00,OBJ_1006,CL_04,solar,LV,2.9169,2.95,0.0331,False,negative_capacity
2026-04-01 09:15:00,OBJ_1007,CL_02,wind,EE,3.0956,3.3403,0.2447,True,
2026-04-01 09:15:00,OBJ_1008,CL_05,consumer,LT,12.0276,10.8057,1.2219,True,
2026-04-01 09:15:00,OBJ_1009,CL_05,solar,LV,3.5331,3.3031,0.23,True,
2026-04-01 09:15:00,OBJ_1010,CL_06,wind,EE,3.3,4.435,1.135,True,
2026-04-01 09:15:00,OBJ_1011,CL_06,bess,LT,0.9147,1.393,0.4783,True,
2026-04-01 09:15:00,OBJ_1012,CL_07,consumer,LV,13.4691,18.5223,5.0532,True,
2026-04-01 09:15:00,OBJ_1014,CL_08,wind,EE,1.9716,1.771,0.2006,True,
2026-04-01 09:30:00,OBJ_1001,CL_01,solar,LV,3.1103,3.0345,0.0758,True,
2026-04-01 09:30:00,OBJ_1002,CL_01,wind,LV,3.8037,4.7722,0.9685,True,
2026-04-01 09:30:00,OBJ_1004,,hydro,LT,,1.1509,,False,missing_client_id|missing_object_metadata|no_actual
2026-04-01 09:30:00,OBJ_1005,CL_03,bess,,0.7658,0.65,0.1158,True,missing_area
2026-04-01 09:30:00,OBJ_1006,CL_04,solar,LV,3.0053,3.0716,0.0663,False,negative_capacity
2026-04-01 09:30:00,OBJ_1007,CL_02,wind,EE,2.6361,3.3468,0.7107,True,
2026-04-01 09:30:00,OBJ_1008,CL_05,consumer,LT,12.1336,10.3342,1.7994,True,
2026-04-01 09:30:00,OBJ_1009,CL_05,solar,LV,3.9209,3.8559,0.065,True,
2026-04-01 09:30:00,OBJ_1010,CL_06,wind,EE,3.3463,3.1042,0.2421,True,
2026-04-01 09:30:00,OBJ_1011,CL_06,bess,LT,1.2936,0.9249,0.3687,True,
2026-04-01 09:30:00,OBJ_1012,CL_07,consumer,LV,12.0333,16.5317,4.4984,True,
2026-04-01 09:30:00,OBJ_1014,CL_08,wind,EE,2.1281,2.1946,0.0665,True,
2026-04-01 09:45:00,OBJ_1001,CL_01,solar,LV,3.2397,2.9113,0.3284,True,
2026-04-01 09:45:00,OBJ_1002,CL_01,wind,LV,3.8455,4.0592,0.2137,True,
2026-04-01 09:45:00,OBJ_1004,,hydro,LT,,1.1353,,False,missing_client_id|missing_object_metadata|no_actual
2026-04-01 09:45:00,OBJ_1005,CL_03,bess,,0.7701,0.6536,0.1165,True,missing_area
2026-04-01 09:45:00,OBJ_1006,CL_04,solar,LV,2.9406,2.8974,0.0432,False,negative_capacity
2026-04-01 09:45:00,OBJ_1007,CL_02,wind,EE,3.2662,2.7962,0.47,True,
2026-04-01 09:45:00,OBJ_1008,CL_05,consumer,LT,11.3308,12.8258,1.495,True,
2026-04-01 09:45:00,OBJ_1009,CL_05,solar,LV,3.8365,3.9632,0.1267,True,
2026-04-01 09:45:00,OBJ_1010,CL_06,wind,EE,3.3517,3.8271,0.4754,True,
2026-04-01 09:45:00,OBJ_1011,CL_06,bess,LT,1.409,1.2584,0.1506,True,
2026-04-01 09:45:00,OBJ_1012,CL_07,consumer,LV,14.7388,11.9651,2.7737,True,
2026-04-01 09:45:00,OBJ_1014,CL_08,wind,EE,2.1567,1.7071,0.4496,True,
2026-04-01 10:00:00,OBJ_1001,CL_01,solar,LV,3.3428,3.1167,0.2261,True,
2026-04-01 10:00:00,OBJ_1002,CL_01,wind,LV,3.702,3.3451,0.3569,True,
2026-04-01 10:00:00,OBJ_1004,,hydro,LT,,1.0556,,False,missing_client_id|missing_object_metadata|no_actual
2026-04-01 10:00:00,OBJ_1005,CL_03,bess,,-1.0382,-0.9296,0.1086,True,missing_area
2026-04-01 10:00:00,OBJ_1006,CL_04,solar,LV,3.4919,3.0377,0.4542,False,negative_capacity
2026-04-01 10:00:00,OBJ_1007,CL_02,wind,EE,2.4083,2.1141,0.2942,True,
2026-04-01 10:00:00,OBJ_1008,CL_05,consumer,LT,11.7569,9.3298,2.4271,True,
2026-04-01 10:00:00,OBJ_1009,CL_05,solar,LV,4.4935,4.465,0.0285,True,
2026-04-01 10:00:00,OBJ_1010,CL_06,wind,EE,2.7113,2.415,0.2963,True,
2026-04-01 10:00:00,OBJ_1011,CL_06,bess,LT,-1.6983,-1.4508,0.2475,True,
2026-04-01 10:00:00,OBJ_1012,CL_07,consumer,LV,15.2872,16.5773,1.2901,True,
2026-04-01 10:00:00,OBJ_1014,CL_08,wind,EE,1.6582,1.5822,0.076,True,
2026-04-01 10:15:00,OBJ_1001,CL_01,solar,LV,3.5289,3.8681,0.3392,True,
2026-04-01 10:15:00,OBJ_1002,CL_01,wind,LV,3.2256,3.065,0.1606,True,
2026-04-01 10:15:00,OBJ_1004,,hydro,LT,,1.0737,,False,missing_client_id|missing_object_metadata|no_actual
2026-04-01 10:15:00,OBJ_1005,CL_03,bess,,-0.9037,-0.9599,0.0562,True,missing_area
2026-04-01 10:15:00,OBJ_1006,CL_04,solar,LV,3.2556,3.4005,0.1449,False,negative_capacity
2026-04-01 10:15:00,OBJ_1007,CL_02,wind,EE,2.2513,2.2639,0.0126,True,
2026-04-01 10:15:00,OBJ_1008,CL_05,consumer,LT,12.4462,10.2989,2.1473,True,
2026-04-01 10:15:00,OBJ_1009,CL_05,solar,LV,4.542,4.5975,0.0555,True,
2026-04-01 10:15:00,OBJ_1010,CL_06,wind,EE,2.8056,2.7039,0.1017,True,
2026-04-01 10:15:00,OBJ_1011,CL_06,bess,LT,-1.3648,-1.3847,0.0199,True,
2026-04-01 10:15:00,OBJ_1012,CL_07,consumer,LV,12.4649,13.3317,0.8668,True,
2026-04-01 10:15:00,OBJ_1014,CL_08,wind,EE,1.398,1.405,0.007,True,
2026-04-01 10:30:00,OBJ_1001,CL_01,solar,LV,3.394,3.3096,0.0844,True,
2026-04-01 10:30:00,OBJ_1002,CL_01,wind,LV,3.0817,3.4594,0.3777,True,
2026-04-01 10:30:00,OBJ_1004,,hydro,LT,,1.1095,,False,missing_client_id|missing_object_metadata|no_actual
2026-04-01 10:30:00,OBJ_1005,CL_03,bess,,-1.0161,-1.1654,0.1493,True,missing_area
2026-04-01 10:30:00,OBJ_1006,CL_04,solar,LV,3.3178,3.2817,0.0361,False,negative_capacity
2026-04-01 10:30:00,OBJ_1007,CL_02,wind,EE,1.9998,2.1598,0.16,True,
2026-04-01 10:30:00,OBJ_1008,CL_05,consumer,LT,12.1228,9.4351,2.6877,True,
2026-04-01 10:30:00,OBJ_1009,CL_05,solar,LV,4.8566,4.7337,0.1229,True,
2026-04-01 10:30:00,OBJ_1010,CL_06,wind,EE,2.3705,2.6069,0.2364,True,
2026-04-01 10:30:00,OBJ_1011,CL_06,bess,LT,-1.4446,-1.6172,0.1726,True,
2026-04-01 10:30:00,OBJ_1012,CL_07,consumer,LV,15.2557,17.5182,2.2625,True,
2026-04-01 10:30:00,OBJ_1014,CL_08,wind,EE,1.4533,1.4556,0.0023,True,
2026-04-01 10:45:00,OBJ_1001,CL_01,solar,LV,3.4699,4.0596,0.5897,True,
2026-04-01 10:45:00,OBJ_1002,CL_01,wind,LV,3.175,3.1358,0.0392,True,
2026-04-01 10:45:00,OBJ_1004,,hydro,LT,,1.2255,,False,missing_client_id|missing_object_metadata|no_actual
2026-04-01 10:45:00,OBJ_1005,CL_03,bess,,-1.1619,-0.764,0.3979,True,missing_area
2026-04-01 10:45:00,OBJ_1006,CL_04,solar,LV,3.6928,3.4432,0.2496,False,negative_capacity
2026-04-01 10:45:00,OBJ_1007,CL_02,wind,EE,2.2871,2.0533,0.2338,True,
2026-04-01 10:45:00,OBJ_1008,CL_05,consumer,LT,12.8553,9.7988,3.0565,True,
2026-04-01 10:45:00,OBJ_1009,CL_05,solar,LV,5.0667,4.5745,0.4922,True,
2026-04-01 10:45:00,OBJ_1010,CL_06,wind,EE,2.6151,2.8084,0.1933,True,
2026-04-01 10:45:00,OBJ_1011,CL_06,bess,LT,-1.2035,-1.6415,0.438,True,
2026-04-01 10:45:00,OBJ_1012,CL_07,consumer,LV,14.1106,13.3044,0.8062,True,
2026-04-01 10:45:00,OBJ_1014,CL_08,wind,EE,1.597,1.4799,0.1171,True,
2026-04-01 11:00:00,OBJ_1001,CL_01,solar,LV,3.9652,4.0234,0.0582,True,
2026-04-01 11:00:00,OBJ_1002,CL_01,wind,LV,4.6775,3.7926,0.8849,True,
2026-04-01 11:00:00,OBJ_1004,,hydro,LT,,1.2482,,False,missing_client_id|missing_object_metadata|no_actual
2026-04-01 11:00:00,OBJ_1005,CL_03,bess,,-0.9676,-1.0928,0.1252,True,missing_area
2026-04-01 11:00:00,OBJ_1006,CL_04,solar,LV,3.9008,4.0688,0.168,False,negative_capacity
2026-04-01 11:00:00,OBJ_1007,CL_02,wind,EE,2.7971,3.1788,0.3817,True,
2026-04-01 11:00:00,OBJ_1008,CL_05,consumer,LT,11.7146,10.2969,1.4177,True,
2026-04-01 11:00:00,OBJ_1009,CL_05,solar,LV,4.7738,4.3452,0.4286,True,
2026-04-01 11:00:00,OBJ_1010,CL_06,wind,EE,3.1742,3.1913,0.0171,True,
2026-04-01 11:00:00,OBJ_1011,CL_06,bess,LT,-1.4615,-1.3666,0.0949,True,
2026-04-01 11:00:00,OBJ_1012,CL_07,consumer,LV,12.1741,17.3534,5.1793,True,
2026-04-01 11:00:00,OBJ_1014,CL_08,wind,EE,1.8091,1.9147,0.1056,True,
2026-04-01 11:15:00,OBJ_1001,CL_01,solar,LV,3.9574,3.7624,0.195,True,
2026-04-01 11:15:00,OBJ_1002,CL_01,wind,LV,4.0278,3.6126,0.4152,True,
2026-04-01 11:15:00,OBJ_1004,,hydro,LT,,1.0603,,False,missing_client_id|missing_object_metadata|no_actual
2026-04-01 11:15:00,OBJ_1005,CL_03,bess,,-0.866,-0.8434,0.0226,True,missing_area
2026-04-01 11:15:00,OBJ_1006,CL_04,solar,LV,3.8253,4.2572,0.4319,False,negative_capacity
2026-04-01 11:15:00,OBJ_1007,CL_02,wind,EE,2.467,3.0532,0.5862,True,
2026-04-01 11:15:00,OBJ_1008,CL_05,consumer,LT,11.8002,11.2948,0.5054,True,
2026-04-01 11:15:00,OBJ_1009,CL_05,solar,LV,4.7342,4.992,0.2578,True,
2026-04-01 11:15:00,OBJ_1010,CL_06,wind,EE,3.3463,3.4766,0.1303,True,
2026-04-01 11:15:00,OBJ_1011,CL_06,bess,LT,-1.5386,-1.6632,0.1246,True,
2026-04-01 11:15:00,OBJ_1012,CL_07,consumer,LV,12.1626,13.7725,1.6099,True,
2026-04-01 11:15:00,OBJ_1014,CL_08,wind,EE,1.9754,1.9958,0.0204,True,
2026-04-01 11:30:00,OBJ_1001,CL_01,solar,LV,3.6968,4.1787,0.4819,True,
2026-04-01 11:30:00,OBJ_1002,CL_01,wind,LV,4.0957,3.5452,0.5505,True,
2026-04-01 11:30:00,OBJ_1004,,hydro,LT,,1.3201,,False,missing_client_id|missing_object_metadata|no_actual
2026-04-01 11:30:00,OBJ_1005,CL_03,bess,,-0.8201,-0.805,0.0151,True,missing_area
2026-04-01 11:30:00,OBJ_1006,CL_04,solar,LV,3.8519,4.0448,0.1929,False,negative_capacity
2026-04-01 11:30:00,OBJ_1007,CL_02,wind,EE,2.5332,2.7299,0.1967,True,
2026-04-01 11:30:00,OBJ_1008,CL_05,consumer,LT,10.4708,11.553,1.0822,True,
2026-04-01 11:30:00,OBJ_1009,CL_05,solar,LV,5.4605,4.9698,0.4907,True,
2026-04-01 11:30:00,OBJ_1010,CL_06,wind,EE,3.3317,3.7093,0.3776,True,
2026-04-01 11:30:00,OBJ_1011,CL_06,bess,LT,-1.6512,-1.9464,0.2952,True,
2026-04-01 11:30:00,OBJ_1012,CL_07,consumer,LV,16.9915,15.538,1.4535,True,
2026-04-01 11:30:00,OBJ_1014,CL_08,wind,EE,1.7636,1.8865,0.1229,True,
2026-04-01 11:45:00,OBJ_1001,CL_01,solar,LV,3.7286,4.1972,0.4686,True,
2026-04-01 11:45:00,OBJ_1002,CL_01,wind,LV,3.5724,3.9147,0.3423,True,
2026-04-01 11:45:00,OBJ_1004,,hydro,LT,,1.1453,,False,missing_client_id|missing_object_metadata|no_actual
2026-04-01 11:45:00,OBJ_1005,CL_03,bess,,-1.0158,-0.8552,0.1606,True,missing_area
2026-04-01 11:45:00,OBJ_1006,CL_04,solar,LV,4.3241,4.0911,0.233,False,negative_capacity
2026-04-01 11:45:00,OBJ_1007,CL_02,wind,EE,2.6423,2.2435,0.3988,True,
2026-04-01 11:45:00,OBJ_1008,CL_05,consumer,LT,11.9256,10.5385,1.3871,True,
2026-04-01 11:45:00,OBJ_1009,CL_05,solar,LV,5.5763,5.9567,0.3804,True,
2026-04-01 11:45:00,OBJ_1010,CL_06,wind,EE,3.6005,2.9845,0.616,True,
2026-04-01 11:45:00,OBJ_1011,CL_06,bess,LT,-1.6525,-1.76,0.1075,True,
2026-04-01 11:45:00,OBJ_1012,CL_07,consumer,LV,17.6977,18.9457,1.248,True,
2026-04-01 11:45:00,OBJ_1014,CL_08,wind,EE,1.7349,1.6344,0.1005,True,
2026-04-01 12:00:00,OBJ_1001,CL_01,solar,LV,3.7425,3.8185,0.076,True,
2026-04-01 12:00:00,OBJ_1002,CL_01,wind,LV,4.6507,4.767,0.1163,True,
2026-04-01 12:00:00,OBJ_1004,,hydro,LT,,1.0476,,False,missing_client_id|missing_object_metadata|no_actual
2026-04-01 12:00:00,OBJ_1005,CL_03,bess,,-0.8505,-0.9549,0.1044,True,missing_area
2026-04-01 12:00:00,OBJ_1006,CL_04,solar,LV,4.1697,3.9016,0.2681,False,negative_capacity
2026-04-01 12:00:00,OBJ_1007,CL_02,wind,EE,3.5053,3.2158,0.2895,True,
2026-04-01 12:00:00,OBJ_1008,CL_05,consumer,LT,9.9808,9.4434,0.5374,True,
2026-04-01 12:00:00,OBJ_1009,CL_05,solar,LV,5.5859,6.0317,0.4458,True,
2026-04-01 12:00:00,OBJ_1010,CL_06,wind,EE,4.6311,4.6761,0.045,True,
2026-04-01 12:00:00,OBJ_1011,CL_06,bess,LT,-1.3007,-1.768,0.4673,True,
2026-04-01 12:00:00,OBJ_1012,CL_07,consumer,LV,15.6435,14.5618,1.0817,True,
2026-04-01 12:00:00,OBJ_1014,CL_08,wind,EE,2.5343,2.4679,0.0664,True,
2026-04-01 12:15:00,OBJ_1001,CL_01,solar,LV,3.8472,4.5891,0.7419,True,
2026-04-01 12:15:00,OBJ_1002,CL_01,wind,LV,5.6347,4.6243,1.0104,True,
2026-04-01 12:15:00,OBJ_1004,,hydro,LT,,1.3093,,False,missing_client_id|missing_object_metadata|no_actual
2026-04-01 12:15:00,OBJ_1005,CL_03,bess,,-1.1859,-0.9844,0.2015,True,missing_area
2026-04-01 12:15:00,OBJ_1006,CL_04,solar,LV,3.8429,4.4829,0.64,False,negative_capacity
2026-04-01 12:15:00,OBJ_1007,CL_02,wind,EE,2.9759,3.463,0.4871,True,
2026-04-01 12:15:00,OBJ_1008,CL_05,consumer,LT,10.4038,10.7818,0.378,True,
2026-04-01 12:15:00,OBJ_1009,CL_05,solar,LV,5.6289,6.0217,0.3928,True,
2026-04-01 12:15:00,OBJ_1010,CL_06,wind,EE,4.8663,4.1959,0.6704,True,
2026-04-01 12:15:00,OBJ_1011,CL_06,bess,LT,-1.438,-1.5005,0.0625,True,
2026-04-01 12:15:00,OBJ_1012,CL_07,consumer,LV,16.2901,16.321,0.0309,True,
2026-04-01 12:15:00,OBJ_1014,CL_08,wind,EE,2.0799,2.0247,0.0552,True,
2026-04-01 12:30:00,OBJ_1001,CL_01,solar,LV,4.2642,4.1144,0.1498,True,
2026-04-01 12:30:00,OBJ_1002,CL_01,wind,LV,5.3513,5.777,0.4257,True,
2026-04-01 12:30:00,OBJ_1004,,hydro,LT,,1.1633,,False,missing_client_id|missing_object_metadata|no_actual
2026-04-01 12:30:00,OBJ_1005,CL_03,bess,,-0.8408,-1.0403,0.1995,True,missing_area
2026-04-01 12:30:00,OBJ_1006,CL_04,solar,LV,4.3191,4.3669,0.0478,False,negative_capacity
2026-04-01 12:30:00,OBJ_1007,CL_02,wind,EE,3.7869,3.5308,0.2561,True,
2026-04-01 12:30:00,OBJ_1008,CL_05,consumer,LT,11.7019,10.2539,1.448,True,
2026-04-01 12:30:00,OBJ_1009,CL_05,solar,LV,5.1762,5.4837,0.3075,True,
2026-04-01 12:30:00,OBJ_1010,CL_06,wind,EE,4.8978,3.8146,1.0832,True,
2026-04-01 12:30:00,OBJ_1011,CL_06,bess,LT,-1.6696,-1.2971,0.3725,True,
2026-04-01 12:30:00,OBJ_1012,CL_07,consumer,LV,14.0832,15.8078,1.7246,True,
2026-04-01 12:30:00,OBJ_1014,CL_08,wind,EE,2.3182,2.6462,0.328,True,
2026-04-01 12:45:00,OBJ_1001,CL_01,solar,LV,4.0687,4.2751,0.2064,True,
2026-04-01 12:45:00,OBJ_1002,CL_01,wind,LV,5.1724,5.5393,0.3669,True,
2026-04-01 12:45:00,OBJ_1004,,hydro,LT,,1.1024,,False,missing_client_id|missing_object_metadata|no_actual
2026-04-01 12:45:00,OBJ_1005,CL_03,bess,,-0.9365,-1.2268,0.2903,True,missing_area
2026-04-01 12:45:00,OBJ_1006,CL_04,solar,LV,4.3915,4.0016,0.3899,False,negative_capacity
2026-04-01 12:45:00,OBJ_1007,CL_02,wind,EE,3.7594,2.8928,0.8666,True,
2026-04-01 12:45:00,OBJ_1008,CL_05,consumer,LT,9.4749,13.1687,3.6938,True,
2026-04-01 12:45:00,OBJ_1009,CL_05,solar,LV,5.9553,4.7632,1.1921,True,
2026-04-01 12:45:00,OBJ_1010,CL_06,wind,EE,4.4697,3.9761,0.4936,True,
2026-04-01 12:45:00,OBJ_1011,CL_06,bess,LT,-1.6972,-1.4371,0.2601,True,
2026-04-01 12:45:00,OBJ_1012,CL_07,consumer,LV,16.2439,17.2814,1.0375,True,
2026-04-01 12:45:00,OBJ_1014,CL_08,wind,EE,2.323,2.0954,0.2276,True,
2026-04-01 13:00:00,OBJ_1001,CL_01,solar,LV,4.3203,4.2178,0.1025,True,
2026-04-01 13:00:00,OBJ_1002,CL_01,wind,LV,6.8534,6.3909,0.4625,True,
2026-04-01 13:00:00,OBJ_1004,,hydro,LT,,1.0128,,False,missing_client_id|missing_object_metadata|no_actual
2026-04-01 13:00:00,OBJ_1005,CL_03,bess,,-0.908,-0.8985,0.0095,True,missing_area
2026-04-01 13:00:00,OBJ_1006,CL_04,solar,LV,4.3705,3.9159,0.4546,False,negative_capacity
2026-04-01 13:00:00,OBJ_1007,CL_02,wind,EE,4.0766,4.0463,0.0303,True,
2026-04-01 13:00:00,OBJ_1008,CL_05,consumer,LT,11.1757,10.4052,0.7705,True,
2026-04-01 13:00:00,OBJ_1009,CL_05,solar,LV,5.492,5.5534,0.0614,True,
2026-04-01 13:00:00,OBJ_1010,CL_06,wind,EE,5.3735,4.8592,0.5143,True,
2026-04-01 13:00:00,OBJ_1011,CL_06,bess,LT,-1.361,-1.521,0.16,True,
2026-04-01 13:00:00,OBJ_1012,CL_07,consumer,LV,17.1103,18.022,0.9117,True,
2026-04-01 13:00:00,OBJ_1014,CL_08,wind,EE,3.0344,2.908,0.1264,True,
2026-04-01 13:15:00,OBJ_1001,CL_01,solar,LV,3.8774,4.8098,0.9324,True,
2026-04-01 13:15:00,OBJ_1002,CL_01,wind,LV,6.7085,6.3259,0.3826,True,
2026-04-01 13:15:00,OBJ_1004,,hydro,LT,,1.1742,,False,missing_client_id|missing_object_metadata|no_actual
2026-04-01 13:15:00,OBJ_1005,CL_03,bess,,-0.8975,-0.745,0.1525,True,missing_area
2026-04-01 13:15:00,OBJ_1006,CL_04,solar,LV,4.1322,4.2522,0.12,False,negative_capacity
2026-04-01 13:15:00,OBJ_1007,CL_02,wind,EE,4.1598,3.8768,0.283,True,
2026-04-01 13:15:00,OBJ_1008,CL_05,consumer,LT,10.7055,12.0051,1.2996,True,
2026-04-01 13:15:00,OBJ_1009,CL_05,solar,LV,5.1178,5.8167,0.6989,True,
2026-04-01 13:15:00,OBJ_1010,CL_06,wind,EE,5.5462,4.9031,0.6431,True,
2026-04-01 13:15:00,OBJ_1011,CL_06,bess,LT,-1.3091,-1.3555,0.0464,True,
2026-04-01 13:15:00,OBJ_1012,CL_07,consumer,LV,13.2727,14.632,1.3593,True,
2026-04-01 13:15:00,OBJ_1014,CL_08,wind,EE,3.0084,3.1652,0.1568,True,
2026-04-01 13:30:00,OBJ_1001,CL_01,solar,LV,4.0292,4.5616,0.5324,True,
2026-04-01 13:30:00,OBJ_1002,CL_01,wind,LV,6.7062,6.4538,0.2524,True,
2026-04-01 13:30:00,OBJ_1004,,hydro,LT,,1.3358,,False,missing_client_id|missing_object_metadata|no_actual
2026-04-01 13:30:00,OBJ_1005,CL_03,bess,,-1.0805,-1.0653,0.0152,True,missing_area
2026-04-01 13:30:00,OBJ_1006,CL_04,solar,LV,3.9863,4.4407,0.4544,False,negative_capacity
2026-04-01 13:30:00,OBJ_1007,CL_02,wind,EE,3.4682,4.0907,0.6225,True,
2026-04-01 13:30:00,OBJ_1008,CL_05,consumer,LT,13.2663,12.1734,1.0929,True,
2026-04-01 13:30:00,OBJ_1009,CL_05,solar,LV,5.1445,4.9075,0.237,True,
2026-04-01 13:30:00,OBJ_1010,CL_06,wind,EE,5.3577,4.8755,0.4822,True,
2026-04-01 13:30:00,OBJ_1011,CL_06,bess,LT,-1.4931,-1.3924,0.1007,True,
2026-04-01 13:30:00,OBJ_1012,CL_07,consumer,LV,16.549,12.9177,3.6313,True,
2026-04-01 13:30:00,OBJ_1014,CL_08,wind,EE,2.9234,2.6207,0.3027,True,
2026-04-01 13:45:00,OBJ_1001,CL_01,solar,LV,4.2008,4.555,0.3542,True,
2026-04-01 13:45:00,OBJ_1002,CL_01,wind,LV,6.0331,5.5272,0.5059,True,
2026-04-01 13:45:00,OBJ_1004,,hydro,LT,,1.3354,,False,missing_client_id|missing_object_metadata|no_actual
2026-04-01 13:45:00,OBJ_1005,CL_03,bess,,-1.1172,-1.0011,0.1161,True,missing_area
2026-04-01 13:45:00,OBJ_1006,CL_04,solar,LV,3.8329,4.3459,0.513,False,negative_capacity
2026-04-01 13:45:00,OBJ_1007,CL_02,wind,EE,3.7119,4.2438,0.5319,True,
2026-04-01 13:45:00,OBJ_1008,CL_05,consumer,LT,12.113,8.9929,3.1201,True,
2026-04-01 13:45:00,OBJ_1009,CL_05,solar,LV,5.2996,5.5115,0.2119,True,
2026-04-01 13:45:00,OBJ_1010,CL_06,wind,EE,5.1582,6.0795,0.9213,True,
2026-04-01 13:45:00,OBJ_1011,CL_06,bess,LT,-1.484,-1.7514,0.2674,True,
2026-04-01 13:45:00,OBJ_1012,CL_07,consumer,LV,15.1855,16.5582,1.3727,True,
2026-04-01 13:45:00,OBJ_1014,CL_08,wind,EE,2.7134,2.629,0.0844,True,
2026-04-01 14:00:00,OBJ_1001,CL_01,solar,LV,4.22,4.0981,0.1219,True,
2026-04-01 14:00:00,OBJ_1002,CL_01,wind,LV,6.4111,7.9888,1.5777,True,
2026-04-01 14:00:00,OBJ_1004,,hydro,LT,,1.1606,,False,missing_client_id|missing_object_metadata|no_actual
2026-04-01 14:00:00,OBJ_1005,CL_03,bess,,-1.0811,-1.2069,0.1258,True,missing_area
2026-04-01 14:00:00,OBJ_1006,CL_04,solar,LV,3.9074,4.3366,0.4292,False,negative_capacity
2026-04-01 14:00:00,OBJ_1007,CL_02,wind,EE,4.1722,4.5568,0.3846,True,
2026-04-01 14:00:00,OBJ_1008,CL_05,consumer,LT,9.543,11.5479,2.0049,True,
2026-04-01 14:00:00,OBJ_1009,CL_05,solar,LV,5.1411,4.7277,0.4134,True,
2026-04-01 14:00:00,OBJ_1010,CL_06,wind,EE,5.0037,4.9991,0.0046,True,
2026-04-01 14:00:00,OBJ_1011,CL_06,bess,LT,-1.5215,-1.7052,0.1837,True,
2026-04-01 14:00:00,OBJ_1012,CL_07,consumer,LV,16.5731,16.5665,0.0066,True,
2026-04-01 14:00:00,OBJ_1014,CL_08,wind,EE,2.8099,3.1569,0.347,True,
2026-04-01 14:15:00,OBJ_1001,CL_01,solar,LV,3.8159,3.5314,0.2845,True,
2026-04-01 14:15:00,OBJ_1002,CL_01,wind,LV,6.7063,8.0521,1.3458,True,
2026-04-01 14:15:00,OBJ_1004,,hydro,LT,,1.3672,,False,missing_client_id|missing_object_metadata|no_actual
2026-04-01 14:15:00,OBJ_1005,CL_03,bess,,-1.0898,-0.8563,0.2335,True,missing_area
2026-04-01 14:15:00,OBJ_1006,CL_04,solar,LV,4.309,3.8128,0.4962,False,negative_capacity
2026-04-01 14:15:00,OBJ_1007,CL_02,wind,EE,4.5228,3.8789,0.6439,True,
2026-04-01 14:15:00,OBJ_1008,CL_05,consumer,LT,10.2735,12.0107,1.7372,True,
2026-04-01 14:15:00,OBJ_1009,CL_05,solar,LV,4.9876,5.1678,0.1802,True,
2026-04-01 14:15:00,OBJ_1010,CL_06,wind,EE,5.1233,6.0558,0.9325,True,
2026-04-01 14:15:00,OBJ_1011,CL_06,bess,LT,-1.3365,-1.5512,0.2147,True,
2026-04-01 14:15:00,OBJ_1012,CL_07,consumer,LV,13.0766,15.7913,2.7147,True,
2026-04-01 14:15:00,OBJ_1014,CL_08,wind,EE,2.6591,3.2149,0.5558,True,
2026-04-01 14:30:00,OBJ_1001,CL_01,solar,LV,3.9507,4.1632,0.2125,True,
2026-04-01 14:30:00,OBJ_1002,CL_01,wind,LV,6.3023,7.5725,1.2702,True,
2026-04-01 14:30:00,OBJ_1004,,hydro,LT,,1.2186,,False,missing_client_id|missing_object_metadata|no_actual
2026-04-01 14:30:00,OBJ_1005,CL_03,bess,,-1.1897,-0.9202,0.2695,True,missing_area
2026-04-01 14:30:00,OBJ_1006,CL_04,solar,LV,3.9629,3.7506,0.2123,False,negative_capacity
2026-04-01 14:30:00,OBJ_1007,CL_02,wind,EE,4.7445,4.7769,0.0324,True,
2026-04-01 14:30:00,OBJ_1008,CL_05,consumer,LT,9.5683,9.7726,0.2043,True,
2026-04-01 14:30:00,OBJ_1009,CL_05,solar,LV,5.5516,5.2067,0.3449,True,
2026-04-01 14:30:00,OBJ_1010,CL_06,wind,EE,5.5993,6.2813,0.682,True,
2026-04-01 14:30:00,OBJ_1011,CL_06,bess,LT,-1.7236,-1.8949,0.1713,True,
2026-04-01 14:30:00,OBJ_1012,CL_07,consumer,LV,15.4444,18.886,3.4416,True,
2026-04-01 14:30:00,OBJ_1014,CL_08,wind,EE,3.0607,3.5087,0.448,True,
2026-04-01 14:45:00,OBJ_1001,CL_01,solar,LV,3.8085,3.8354,0.0269,True,
2026-04-01 14:45:00,OBJ_1002,CL_01,wind,LV,6.1292,6.8578,0.7286,True,
2026-04-01 14:45:00,OBJ_1004,,hydro,LT,,1.173,,False,missing_client_id|missing_object_metadata|no_actual
2026-04-01 14:45:00,OBJ_1005,CL_03,bess,,-0.8206,-1.1857,0.3651,True,missing_area
2026-04-01 14:45:00,OBJ_1006,CL_04,solar,LV,4.1207,3.5557,0.565,False,negative_capacity
2026-04-01 14:45:00,OBJ_1007,CL_02,wind,EE,4.4626,5.0382,0.5756,True,
2026-04-01 14:45:00,OBJ_1008,CL_05,consumer,LT,12.6995,12.0887,0.6108,True,
2026-04-01 14:45:00,OBJ_1009,CL_05,solar,LV,5.045,4.9222,0.1228,True,
2026-04-01 14:45:00,OBJ_1010,CL_06,wind,EE,4.9308,6.296,1.3652,True,
2026-04-01 14:45:00,OBJ_1011,CL_06,bess,LT,-1.5777,-1.7921,0.2144,True,
2026-04-01 14:45:00,OBJ_1012,CL_07,consumer,LV,12.3217,12.5993,0.2776,True,
2026-04-01 14:45:00,OBJ_1014,CL_08,wind,EE,2.7782,3.4368,0.6586,True,
2026-04-01 15:00:00,OBJ_1001,CL_01,solar,LV,3.7885,3.559,0.2295,True,
2026-04-01 15:00:00,OBJ_1002,CL_01,wind,LV,6.7777,6.9336,0.1559,True,
2026-04-01 15:00:00,OBJ_1004,,hydro,LT,,1.252,,False,missing_client_id|missing_object_metadata|no_actual
2026-04-01 15:00:00,OBJ_1005,CL_03,bess,,0.9976,0.7563,0.2413,True,missing_area
2026-04-01 15:00:00,OBJ_1006,CL_04,solar,LV,3.5182,3.7305,0.2123,False,negative_capacity
2026-04-01 15:00:00,OBJ_1007,CL_02,wind,EE,5.1484,4.6077,0.5407,True,
2026-04-01 15:00:00,OBJ_1008,CL_05,consumer,LT,11.7284,12.2452,0.5168,True,
2026-04-01 15:00:00,OBJ_1009,CL_05,solar,LV,5.2361,4.9429,0.2932,True,
2026-04-01 15:00:00,OBJ_1010,CL_06,wind,EE,5.5145,6.8159,1.3014,True,
2026-04-01 15:00:00,OBJ_1011,CL_06,bess,LT,1.2135,1.0575,0.156,True,
2026-04-01 15:00:00,OBJ_1012,CL_07,consumer,LV,14.7031,13.3968,1.3063,True,
2026-04-01 15:00:00,OBJ_1014,CL_08,wind,EE,3.237,3.0266,0.2104,True,
2026-04-01 15:15:00,OBJ_1001,CL_01,solar,LV,3.8559,3.3607,0.4952,True,
2026-04-01 15:15:00,OBJ_1002,CL_01,wind,LV,8.1854,7.8097,0.3757,True,
2026-04-01 15:15:00,OBJ_1004,,hydro,LT,,1.0597,,False,missing_client_id|missing_object_metadata|no_actual
2026-04-01 15:15:00,OBJ_1005,CL_03,bess,,0.7222,0.9634,0.2412,True,missing_area
2026-04-01 15:15:00,OBJ_1006,CL_04,solar,LV,3.7146,3.9986,0.284,False,negative_capacity
2026-04-01 15:15:00,OBJ_1007,CL_02,wind,EE,4.9367,4.2451,0.6916,True,
2026-04-01 15:15:00,OBJ_1008,CL_05,consumer,LT,12.3304,12.7575,0.4271,True,
2026-04-01 15:15:00,OBJ_1009,CL_05,solar,LV,5.2101,4.5609,0.6492,True,
2026-04-01 15:15:00,OBJ_1010,CL_06,wind,EE,5.4839,6.0486,0.5647,True,
2026-04-01 15:15:00,OBJ_1011,CL_06,bess,LT,1.0266,0.9663,0.0603,True,
2026-04-01 15:15:00,OBJ_1012,CL_07,consumer,LV,15.9626,13.8882,2.0744,True,
2026-04-01 15:15:00,OBJ_1014,CL_08,wind,EE,2.9684,3.1643,0.1959,True,
2026-04-01 15:30:00,OBJ_1001,CL_01,solar,LV,3.3381,3.242,0.0961,True,
2026-04-01 15:30:00,OBJ_1002,CL_01,wind,LV,6.3084,6.0549,0.2535,True,
2026-04-01 15:30:00,OBJ_1004,,hydro,LT,,1.248,,False,missing_client_id|missing_object_metadata|no_actual
2026-04-01 15:30:00,OBJ_1005,CL_03,bess,,0.6011,0.6535,0.0524,True,missing_area
2026-04-01 15:30:00,OBJ_1006,CL_04,solar,LV,3.4962,3.5098,0.0136,False,negative_capacity
2026-04-01 15:30:00,OBJ_1007,CL_02,wind,EE,4.915,5.5526,0.6376,True,
2026-04-01 15:30:00,OBJ_1008,CL_05,consumer,LT,10.3107,11.9468,1.6361,True,
2026-04-01 15:30:00,OBJ_1009,CL_05,solar,LV,4.4947,5.2697,0.775,True,
2026-04-01 15:30:00,OBJ_1010,CL_06,wind,EE,6.3372,7.0618,0.7246,True,
2026-04-01 15:30:00,OBJ_1011,CL_06,bess,LT,1.3218,1.0726,0.2492,True,
2026-04-01 15:30:00,OBJ_1012,CL_07,consumer,LV,14.7242,14.9889,0.2647,True,
2026-04-01 15:30:00,OBJ_1014,CL_08,wind,EE,3.4671,3.3226,0.1445,True,
2026-04-01 15:45:00,OBJ_1001,CL_01,solar,LV,3.6281,3.4706,0.1575,True,
2026-04-01 15:45:00,OBJ_1002,CL_01,wind,LV,7.7706,5.7943,1.9763,True,
2026-04-01 15:45:00,OBJ_1004,,hydro,LT,,1.2146,,False,missing_client_id|missing_object_metadata|no_actual
2026-04-01 15:45:00,OBJ_1005,CL_03,bess,,0.85,0.8931,0.0431,True,missing_area
2026-04-01 15:45:00,OBJ_1006,CL_04,solar,LV,3.4835,3.4093,0.0742,False,negative_capacity
2026-04-01 15:45:00,OBJ_1007,CL_02,wind,EE,5.3798,4.1428,1.237,True,
2026-04-01 15:45:00,OBJ_1008,CL_05,consumer,LT,10.9131,10.3501,0.563,True,
2026-04-01 15:45:00,OBJ_1009,CL_05,solar,LV,4.5591,4.0801,0.479,True,
2026-04-01 15:45:00,OBJ_1010,CL_06,wind,EE,6.2358,5.5311,0.7047,True,
2026-04-01 15:45:00,OBJ_1011,CL_06,bess,LT,1.445,0.8513,0.5937,True,
2026-04-01 15:45:00,OBJ_1012,CL_07,consumer,LV,16.9598,16.4414,0.5184,True,
2026-04-01 15:45:00,OBJ_1014,CL_08,wind,EE,2.8879,2.8916,0.0037,True,
2026-04-01 16:00:00,OBJ_1001,CL_01,solar,LV,3.0781,3.0442,0.0339,True,
2026-04-01 16:00:00,OBJ_1002,CL_01,wind,LV,6.9449,6.8044,0.1405,True,
2026-04-01 16:00:00,OBJ_1004,,hydro,LT,,1.2132,,False,missing_client_id|missing_object_metadata|no_actual
2026-04-01 16:00:00,OBJ_1005,CL_03,bess,,0.8996,0.6156,0.284,True,missing_area
2026-04-01 16:00:00,OBJ_1006,CL_04,solar,LV,3.2909,3.1239,0.167,False,negative_capacity
2026-04-01 16:00:00,OBJ_1007,CL_02,wind,EE,4.6033,4.5575,0.0458,True,
2026-04-01 16:00:00,OBJ_1008,CL_05,consumer,LT,9.5596,13.6063,4.0467,True,
2026-04-01 16:00:00,OBJ_1009,CL_05,solar,LV,4.4719,3.7858,0.6861,True,
2026-04-01 16:00:00,OBJ_1010,CL_06,wind,EE,6.4735,6.6958,0.2223,True,
2026-04-01 16:00:00,OBJ_1011,CL_06,bess,LT,1.4656,1.209,0.2566,True,
2026-04-01 16:00:00,OBJ_1012,CL_07,consumer,LV,15.0028,15.0228,0.02,True,
2026-04-01 16:00:00,OBJ_1014,CL_08,wind,EE,3.3622,3.5206,0.1584,True,
2026-04-01 16:15:00,OBJ_1001,CL_01,solar,LV,2.8926,2.7481,0.1445,True,
2026-04-01 16:15:00,OBJ_1002,CL_01,wind,LV,6.3827,7.619,1.2363,True,
2026-04-01 16:15:00,OBJ_1004,,hydro,LT,,1.0417,,False,missing_client_id|missing_object_metadata|no_actual
2026-04-01 16:15:00,OBJ_1005,CL_03,bess,,0.7728,0.6525,0.1203,True,missing_area
2026-04-01 16:15:00,OBJ_1006,CL_04,solar,LV,3.0143,2.6564,0.3579,False,negative_capacity
2026-04-01 16:15:00,OBJ_1007,CL_02,wind,EE,4.5498,5.3573,0.8075,True,
2026-04-01 16:15:00,OBJ_1008,CL_05,consumer,LT,9.411,10.6914,1.2804,True,
2026-04-01 16:15:00,OBJ_1009,CL_05,solar,LV,4.4483,3.8835,0.5648,True,
2026-04-01 16:15:00,OBJ_1010,CL_06,wind,EE,6.7119,6.9783,0.2664,True,
2026-04-01 16:15:00,OBJ_1011,CL_06,bess,LT,1.2451,1.4785,0.2334,True,
2026-04-01 16:15:00,OBJ_1012,CL_07,consumer,LV,17.7047,15.8887,1.816,True,
2026-04-01 16:15:00,OBJ_1014,CL_08,wind,EE,3.849,3.5429,0.3061,True,
2026-04-01 16:30:00,OBJ_1001,CL_01,solar,LV,3.0256,3.0216,0.004,True,
2026-04-01 16:30:00,OBJ_1002,CL_01,wind,LV,6.8649,7.1749,0.31,True,
2026-04-01 16:30:00,OBJ_1004,,hydro,LT,,1.0275,,False,missing_client_id|missing_object_metadata|no_actual
2026-04-01 16:30:00,OBJ_1005,CL_03,bess,,0.6161,0.9505,0.3344,True,missing_area
2026-04-01 16:30:00,OBJ_1006,CL_04,solar,LV,3.0656,2.7635,0.3021,False,negative_capacity
2026-04-01 16:30:00,OBJ_1007,CL_02,wind,EE,4.8579,4.7305,0.1274,True,
2026-04-01 16:30:00,OBJ_1008,CL_05,consumer,LT,11.9318,12.1844,0.2526,True,
2026-04-01 16:30:00,OBJ_1009,CL_05,solar,LV,4.1892,3.5783,0.6109,True,
2026-04-01 16:30:00,OBJ_1010,CL_06,wind,EE,5.5667,5.3208,0.2459,True,
2026-04-01 16:30:00,OBJ_1011,CL_06,bess,LT,1.2512,1.0368,0.2144,True,
2026-04-01 16:30:00,OBJ_1012,CL_07,consumer,LV,15.8087,18.0281,2.2194,True,
2026-04-01 16:30:00,OBJ_1014,CL_08,wind,EE,3.3603,3.3756,0.0153,True,
2026-04-01 16:45:00,OBJ_1001,CL_01,solar,LV,2.5898,3.0833,0.4935,True,
2026-04-01 16:45:00,OBJ_1002,CL_01,wind,LV,7.0296,7.015,0.0146,True,
2026-04-01 16:45:00,OBJ_1004,,hydro,LT,,1.0532,,False,missing_client_id|missing_object_metadata|no_actual
2026-04-01 16:45:00,OBJ_1005,CL_03,bess,,0.7333,0.7013,0.032,True,missing_area
2026-04-01 16:45:00,OBJ_1006,CL_04,solar,LV,2.8502,2.4675,0.3827,False,negative_capacity
2026-04-01 16:45:00,OBJ_1007,CL_02,wind,EE,5.4,4.7444,0.6556,True,
2026-04-01 16:45:00,OBJ_1008,CL_05,consumer,LT,10.4841,11.058,0.5739,True,
2026-04-01 16:45:00,OBJ_1009,CL_05,solar,LV,3.8144,3.5849,0.2295,True,
2026-04-01 16:45:00,OBJ_1010,CL_06,wind,EE,5.7535,5.7784,0.0249,True,
2026-04-01 16:45:00,OBJ_1011,CL_06,bess,LT,1.4671,1.0437,0.4234,True,
2026-04-01 16:45:00,OBJ_1012,CL_07,consumer,LV,16.8814,16.377,0.5044,True,
2026-04-01 16:45:00,OBJ_1014,CL_08,wind,EE,3.4164,3.1221,0.2943,True,
2026-04-01 17:00:00,OBJ_1001,CL_01,solar,LV,2.5763,2.461,0.1153,True,
2026-04-01 17:00:00,OBJ_1002,CL_01,wind,LV,6.8482,7.3077,0.4595,True,
2026-04-01 17:00:00,OBJ_1004,,hydro,LT,,1.2841,,False,missing_client_id|missing_object_metadata|no_actual
2026-04-01 17:00:00,OBJ_1005,CL_03,bess,,0.7293,0.8358,0.1065,True,missing_area
2026-04-01 17:00:00,OBJ_1006,CL_04,solar,LV,2.7932,2.5553,0.2379,False,negative_capacity
2026-04-01 17:00:00,OBJ_1007,CL_02,wind,EE,4.6889,4.653,0.0359,True,
2026-04-01 17:00:00,OBJ_1008,CL_05,consumer,LT,11.3157,11.4322,0.1165,True,
2026-04-01 17:00:00,OBJ_1009,CL_05,solar,LV,3.7343,3.655,0.0793,True,
2026-04-01 17:00:00,OBJ_1010,CL_06,wind,EE,6.2976,6.0473,0.2503,True,
2026-04-01 17:00:00,OBJ_1011,CL_06,bess,LT,1.2256,1.1431,0.0825,True,
2026-04-01 17:00:00,OBJ_1012,CL_07,consumer,LV,14.4795,14.6904,0.2109,True,
2026-04-01 17:00:00,OBJ_1014,CL_08,wind,EE,3.0185,3.0606,0.0421,True,
2026-04-01 17:15:00,OBJ_1001,CL_01,solar,LV,2.3547,2.6513,0.2966,True,
2026-04-01 17:15:00,OBJ_1002,CL_01,wind,LV,7.7613,7.0455,0.7158,True,
2026-04-01 17:15:00,OBJ_1004,,hydro,LT,,1.3303,,False,missing_client_id|missing_object_metadata|no_actual
2026-04-01 17:15:00,OBJ_1005,CL_03,bess,,0.8502,0.6768,0.1734,True,missing_area
2026-04-01 17:15:00,OBJ_1006,CL_04,solar,LV,2.5103,2.2046,0.3057,False,negative_capacity
2026-04-01 17:15:00,OBJ_1007,CL_02,wind,EE,4.4126,5.575,1.1624,True,
2026-04-01 17:15:00,OBJ_1008,CL_05,consumer,LT,11.4715,12.0562,0.5847,True,
2026-04-01 17:15:00,OBJ_1009,CL_05,solar,LV,3.4344,3.2409,0.1935,True,
2026-04-01 17:15:00,OBJ_1010,CL_06,wind,EE,5.9196,5.4803,0.4393,True,
2026-04-01 17:15:00,OBJ_1011,CL_06,bess,LT,1.319,0.8647,0.4543,True,
2026-04-01 17:15:00,OBJ_1012,CL_07,consumer,LV,12.7286,17.2608,4.5322,True,
2026-04-01 17:15:00,OBJ_1014,CL_08,wind,EE,3.7625,3.4602,0.3023,True,
2026-04-01 17:30:00,OBJ_1001,CL_01,solar,LV,2.2537,2.3502,0.0965,True,
2026-04-01 17:30:00,OBJ_1002,CL_01,wind,LV,6.6928,8.7396,2.0468,True,
2026-04-01 17:30:00,OBJ_1004,,hydro,LT,,1.2121,,False,missing_client_id|missing_object_metadata|no_actual
2026-04-01 17:30:00,OBJ_1005,CL_03,bess,,0.6634,0.936,0.2726,True,missing_area
2026-04-01 17:30:00,OBJ_1006,CL_04,solar,LV,2.2328,2.1853,0.0475,False,negative_capacity
2026-04-01 17:30:00,OBJ_1007,CL_02,wind,EE,4.8929,4.8646,0.0283,True,
2026-04-01 17:30:00,OBJ_1008,CL_05,consumer,LT,9.4194,10.861,1.4416,True,
2026-04-01 17:30:00,OBJ_1009,CL_05,solar,LV,3.1885,3.1083,0.0802,True,
2026-04-01 17:30:00,OBJ_1010,CL_06,wind,EE,6.7371,5.8512,0.8859,True,
2026-04-01 17:30:00,OBJ_1011,CL_06,bess,LT,1.1769,1.1399,0.037,True,
2026-04-01 17:30:00,OBJ_1012,CL_07,consumer,LV,12.7048,11.2702,1.4346,True,
2026-04-01 17:30:00,OBJ_1014,CL_08,wind,EE,3.6289,3.2332,0.3957,True,
2026-04-01 17:45:00,OBJ_1001,CL_01,solar,LV,2.0129,2.0181,0.0052,True,
2026-04-01 17:45:00,OBJ_1002,CL_01,wind,LV,7.6789,7.6022,0.0767,True,
2026-04-01 17:45:00,OBJ_1004,,hydro,LT,,1.2622,,False,missing_client_id|missing_object_metadata|no_actual
2026-04-01 17:45:00,OBJ_1005,CL_03,bess,,0.8035,1.0175,0.214,True,missing_area
2026-04-01 17:45:00,OBJ_1006,CL_04,solar,LV,1.9395,1.8453,0.0942,False,negative_capacity
2026-04-01 17:45:00,OBJ_1007,CL_02,wind,EE,5.282,5.3358,0.0538,True,
2026-04-01 17:45:00,OBJ_1008,CL_05,consumer,LT,13.4111,11.4408,1.9703,True,
2026-04-01 17:45:00,OBJ_1009,CL_05,solar,LV,2.5731,3.009,0.4359,True,
2026-04-01 17:45:00,OBJ_1010,CL_06,wind,EE,6.1144,6.3444,0.23,True,
2026-04-01 17:45:00,OBJ_1011,CL_06,bess,LT,1.1302,1.0534,0.0768,True,
2026-04-01 17:45:00,OBJ_1012,CL_07,consumer,LV,17.5312,12.6425,4.8887,True,
2026-04-01 17:45:00,OBJ_1014,CL_08,wind,EE,3.3222,3.2958,0.0264,True,
2026-04-01 18:00:00,OBJ_1001,CL_01,solar,LV,1.9171,1.9463,0.0292,True,
2026-04-01 18:00:00,OBJ_1002,CL_01,wind,LV,7.5468,7.0234,0.5234,True,
2026-04-01 18:00:00,OBJ_1004,,hydro,LT,,1.1019,,False,missing_client_id|missing_object_metadata|no_actual
2026-04-01 18:00:00,OBJ_1005,CL_03,bess,,0.7105,1.0847,0.3742,True,missing_area
2026-04-01 18:00:00,OBJ_1006,CL_04,solar,LV,1.891,1.668,0.223,False,negative_capacity
2026-04-01 18:00:00,OBJ_1007,CL_02,wind,EE,4.4465,4.9252,0.4787,True,
2026-04-01 18:00:00,OBJ_1008,CL_05,consumer,LT,13.2041,9.9069,3.2972,True,
2026-04-01 18:00:00,OBJ_1009,CL_05,solar,LV,2.4111,2.2705,0.1406,True,
2026-04-01 18:00:00,OBJ_1010,CL_06,wind,EE,6.2183,5.3345,0.8838,True,
2026-04-01 18:00:00,OBJ_1011,CL_06,bess,LT,1.0697,0.9409,0.1288,True,
2026-04-01 18:00:00,OBJ_1012,CL_07,consumer,LV,13.7913,16.9988,3.2075,True,
2026-04-01 18:00:00,OBJ_1014,CL_08,wind,EE,3.2109,3.37,0.1591,True,
2026-04-01 18:15:00,OBJ_1001,CL_01,solar,LV,1.7218,1.6265,0.0953,True,
2026-04-01 18:15:00,OBJ_1002,CL_01,wind,LV,6.8156,8.1039,1.2883,True,
2026-04-01 18:15:00,OBJ_1004,,hydro,LT,,1.0428,,False,missing_client_id|missing_object_metadata|no_actual
2026-04-01 18:15:00,OBJ_1005,CL_03,bess,,0.6594,0.8514,0.192,True,missing_area
2026-04-01 18:15:00,OBJ_1006,CL_04,solar,LV,1.6029,1.5222,0.0807,False,negative_capacity
2026-04-01 18:15:00,OBJ_1007,CL_02,wind,EE,4.3556,5.3527,0.9971,True,
2026-04-01 18:15:00,OBJ_1008,CL_05,consumer,LT,11.4836,12.1902,0.7066,True,
2026-04-01 18:15:00,OBJ_1009,CL_05,solar,LV,2.1389,2.0311,0.1078,True,
2026-04-01 18:15:00,OBJ_1010,CL_06,wind,EE,5.6239,5.771,0.1471,True,
2026-04-01 18:15:00,OBJ_1011,CL_06,bess,LT,1.0931,1.3813,0.2882,True,
2026-04-01 18:15:00,OBJ_1012,CL_07,consumer,LV,13.1319,14.8979,1.766,True,
2026-04-01 18:15:00,OBJ_1014,CL_08,wind,EE,3.3099,3.1467,0.1632,True,
2026-04-01 18:30:00,OBJ_1001,CL_01,solar,LV,1.3908,1.2527,0.1381,True,
2026-04-01 18:30:00,OBJ_1002,CL_01,wind,LV,6.3155,6.6094,0.2939,True,
2026-04-01 18:30:00,OBJ_1004,,hydro,LT,,1.0171,,False,missing_client_id|missing_object_metadata|no_actual
2026-04-01 18:30:00,OBJ_1005,CL_03,bess,,0.9102,0.9737,0.0635,True,missing_area
2026-04-01 18:30:00,OBJ_1006,CL_04,solar,LV,1.273,1.305,0.032,False,negative_capacity
2026-04-01 18:30:00,OBJ_1007,CL_02,wind,EE,4.8759,4.6721,0.2038,True,
2026-04-01 18:30:00,OBJ_1008,CL_05,consumer,LT,12.1735,13.8733,1.6998,True,
2026-04-01 18:30:00,OBJ_1009,CL_05,solar,LV,1.9256,1.8179,0.1077,True,
2026-04-01 18:30:00,OBJ_1010,CL_06,wind,EE,5.5111,6.9788,1.4677,True,
2026-04-01 18:30:00,OBJ_1011,CL_06,bess,LT,1.2982,0.9833,0.3149,True,
2026-04-01 18:30:00,OBJ_1012,CL_07,consumer,LV,16.9245,12.6873,4.2372,True,
2026-04-01 18:30:00,OBJ_1014,CL_08,wind,EE,3.5635,2.8679,0.6956,True,
2026-04-01 18:45:00,OBJ_1001,CL_01,solar,LV,1.1515,1.3176,0.1661,True,
2026-04-01 18:45:00,OBJ_1002,CL_01,wind,LV,5.9316,6.3085,0.3769,True,
2026-04-01 18:45:00,OBJ_1004,,hydro,LT,,1.1171,,False,missing_client_id|missing_object_metadata|no_actual
2026-04-01 18:45:00,OBJ_1005,CL_03,bess,,0.8009,1.0489,0.248,True,missing_area
2026-04-01 18:45:00,OBJ_1006,CL_04,solar,LV,1.1692,1.2172,0.048,False,negative_capacity
2026-04-01 18:45:00,OBJ_1007,CL_02,wind,EE,5.0386,3.8545,1.1841,True,
2026-04-01 18:45:00,OBJ_1008,CL_05,consumer,LT,12.9339,11.556,1.3779,True,
2026-04-01 18:45:00,OBJ_1009,CL_05,solar,LV,1.5216,1.4203,0.1013,True,
2026-04-01 18:45:00,OBJ_1010,CL_06,wind,EE,5.7388,5.5686,0.1702,True,
2026-04-01 18:45:00,OBJ_1011,CL_06,bess,LT,1.1742,1.4144,0.2402,True,
2026-04-01 18:45:00,OBJ_1012,CL_07,consumer,LV,16.3347,18.0111,1.6764,True,
2026-04-01 18:45:00,OBJ_1014,CL_08,wind,EE,3.0525,3.1007,0.0482,True,
2026-04-01 19:00:00,OBJ_1001,CL_01,solar,LV,0.9495,0.93,0.0195,True,
2026-04-01 19:00:00,OBJ_1002,CL_01,wind,LV,5.5779,4.9977,0.5802,True,
2026-04-01 19:00:00,OBJ_1004,,hydro,LT,,1.1767,,False,missing_client_id|missing_object_metadata|no_actual
2026-04-01 19:00:00,OBJ_1005,CL_03,bess,,0.7878,0.6644,0.1234,True,missing_area
2026-04-01 19:00:00,OBJ_1006,CL_04,solar,LV,0.9967,0.9329,0.0638,False,negative_capacity
2026-04-01 19:00:00,OBJ_1007,CL_02,wind,EE,3.9358,4.3145,0.3787,True,
2026-04-01 19:00:00,OBJ_1008,CL_05,consumer,LT,12.1172,12.8547,0.7375,True,
2026-04-01 19:00:00,OBJ_1009,CL_05,solar,LV,1.265,1.2169,0.0481,True,
2026-04-01 19:00:00,OBJ_1010,CL_06,wind,EE,5.6759,5.1731,0.5028,True,
2026-04-01 19:00:00,OBJ_1011,CL_06,bess,LT,1.4114,0.9898,0.4216,True,
2026-04-01 19:00:00,OBJ_1012,CL_07,consumer,LV,17.1561,14.5326,2.6235,True,
2026-04-01 19:00:00,OBJ_1014,CL_08,wind,EE,2.7394,2.2733,0.4661,True,
2026-04-01 19:15:00,OBJ_1001,CL_01,solar,LV,0.6765,0.7348,0.0583,True,
2026-04-01 19:15:00,OBJ_1002,CL_01,wind,LV,6.5759,7.341,0.7651,True,
2026-04-01 19:15:00,OBJ_1004,,hydro,LT,,1.1678,,False,missing_client_id|missing_object_metadata|no_actual
2026-04-01 19:15:00,OBJ_1005,CL_03,bess,,0.9038,0.6516,0.2522,True,missing_area
2026-04-01 19:15:00,OBJ_1006,CL_04,solar,LV,0.7393,0.6784,0.0609,False,negative_capacity
2026-04-01 19:15:00,OBJ_1007,CL_02,wind,EE,3.5789,4.0004,0.4215,True,
2026-04-01 19:15:00,OBJ_1008,CL_05,consumer,LT,9.3079,8.7423,0.5656,True,
2026-04-01 19:15:00,OBJ_1009,CL_05,solar,LV,0.9494,0.8883,0.0611,True,
2026-04-01 19:15:00,OBJ_1010,CL_06,wind,EE,5.7779,5.334,0.4439,True,
2026-04-01 19:15:00,OBJ_1011,CL_06,bess,LT,1.4985,1.1333,0.3652,True,
2026-04-01 19:15:00,OBJ_1012,CL_07,consumer,LV,16.4806,14.1663,2.3143,True,
2026-04-01 19:15:00,OBJ_1014,CL_08,wind,EE,2.7832,2.9182,0.135,True,
2026-04-01 19:30:00,OBJ_1001,CL_01,solar,LV,0.4357,0.4821,0.0464,True,
2026-04-01 19:30:00,OBJ_1002,CL_01,wind,LV,6.4256,5.2685,1.1571,True,
2026-04-01 19:30:00,OBJ_1004,,hydro,LT,,1.063,,False,missing_client_id|missing_object_metadata|no_actual
2026-04-01 19:30:00,OBJ_1005,CL_03,bess,,0.949,0.9387,0.0103,True,missing_area
2026-04-01 19:30:00,OBJ_1006,CL_04,solar,LV,0.4618,0.4189,0.0429,False,negative_capacity
2026-04-01 19:30:00,OBJ_1007,CL_02,wind,EE,4.3548,4.8196,0.4648,True,
2026-04-01 19:30:00,OBJ_1008,CL_05,consumer,LT,13.0654,9.0506,4.0148,True,
2026-04-01 19:30:00,OBJ_1009,CL_05,solar,LV,0.5757,0.5872,0.0115,True,
2026-04-01 19:30:00,OBJ_1010,CL_06,wind,EE,5.594,5.4048,0.1892,True,
2026-04-01 19:30:00,OBJ_1011,CL_06,bess,LT,1.076,1.408,0.332,True,
2026-04-01 19:30:00,OBJ_1012,CL_07,consumer,LV,14.249,14.8905,0.6415,True,
2026-04-01 19:30:00,OBJ_1014,CL_08,wind,EE,2.5494,2.7057,0.1563,True,
2026-04-01 19:45:00,OBJ_1001,CL_01,solar,LV,0.2346,0.2487,0.0141,True,
2026-04-01 19:45:00,OBJ_1002,CL_01,wind,LV,6.3057,7.1241,0.8184,True,
2026-04-01 19:45:00,OBJ_1004,,hydro,LT,,1.2835,,False,missing_client_id|missing_object_metadata|no_actual
2026-04-01 19:45:00,OBJ_1005,CL_03,bess,,0.917,0.8714,0.0456,True,missing_area
2026-04-01 19:45:00,OBJ_1006,CL_04,solar,LV,0.2209,0.2216,0.0007,False,negative_capacity
2026-04-01 19:45:00,OBJ_1007,CL_02,wind,EE,3.6297,4.722,1.0923,True,
2026-04-01 19:45:00,OBJ_1008,CL_05,consumer,LT,12.9188,12.3192,0.5996,True,
2026-04-01 19:45:00,OBJ_1009,CL_05,solar,LV,0.3172,0.3262,0.009,True,
2026-04-01 19:45:00,OBJ_1010,CL_06,wind,EE,4.7757,3.9964,0.7793,True,
2026-04-01 19:45:00,OBJ_1011,CL_06,bess,LT,1.4477,1.1269,0.3208,True,
2026-04-01 19:45:00,OBJ_1012,CL_07,consumer,LV,12.8587,12.7012,0.1575,True,
2026-04-01 19:45:00,OBJ_1014,CL_08,wind,EE,2.8052,2.982,0.1768,True,
2026-04-01 20:00:00,OBJ_1001,CL_01,solar,LV,0.0,0.0,0.0,True,
2026-04-01 20:00:00,OBJ_1002,CL_01,wind,LV,4.9623,4.6732,0.2891,True,
2026-04-01 20:00:00,OBJ_1004,,hydro,LT,,1.0737,,False,missing_client_id|missing_object_metadata|no_actual
2026-04-01 20:00:00,OBJ_1005,CL_03,bess,,0.6038,0.7162,0.1124,True,missing_area
2026-04-01 20:00:00,OBJ_1006,CL_04,solar,LV,0.0,0.0,0.0,False,negative_capacity
2026-04-01 20:00:00,OBJ_1007,CL_02,wind,EE,3.9646,3.0738,0.8908,True,
2026-04-01 20:00:00,OBJ_1008,CL_05,consumer,LT,12.0492,10.0822,1.967,True,
2026-04-01 20:00:00,OBJ_1009,CL_05,solar,LV,0.0,0.0,0.0,True,
2026-04-01 20:00:00,OBJ_1010,CL_06,wind,EE,4.372,4.7756,0.4036,True,
2026-04-01 20:00:00,OBJ_1011,CL_06,bess,LT,1.1073,1.0171,0.0902,True,
2026-04-01 20:00:00,OBJ_1012,CL_07,consumer,LV,15.5254,13.8548,1.6706,True,
2026-04-01 20:00:00,OBJ_1014,CL_08,wind,EE,2.5424,2.7196,0.1772,True,
2026-04-01 20:15:00,OBJ_1001,CL_01,solar,LV,0.0,0.0,0.0,True,
2026-04-01 20:15:00,OBJ_1002,CL_01,wind,LV,4.9543,5.1176,0.1633,True,
2026-04-01 20:15:00,OBJ_1004,,hydro,LT,,1.0581,,False,missing_client_id|missing_object_metadata|no_actual
2026-04-01 20:15:00,OBJ_1005,CL_03,bess,,0.9381,0.6118,0.3263,True,missing_area
2026-04-01 20:15:00,OBJ_1006,CL_04,solar,LV,0.0,0.0,0.0,False,negative_capacity
2026-04-01 20:15:00,OBJ_1007,CL_02,wind,EE,3.4396,3.3243,0.1153,True,
2026-04-01 20:15:00,OBJ_1008,CL_05,consumer,LT,11.1744,12.8615,1.6871,True,
2026-04-01 20:15:00,OBJ_1009,CL_05,solar,LV,0.0,0.0,0.0,True,
2026-04-01 20:15:00,OBJ_1010,CL_06,wind,EE,4.5374,4.6948,0.1574,True,
2026-04-01 20:15:00,OBJ_1011,CL_06,bess,LT,1.2449,0.9391,0.3058,True,
2026-04-01 20:15:00,OBJ_1012,CL_07,consumer,LV,17.9562,15.0829,2.8733,True,
2026-04-01 20:15:00,OBJ_1014,CL_08,wind,EE,2.3023,2.4986,0.1963,True,
2026-04-01 20:30:00,OBJ_1001,CL_01,solar,LV,0.0,0.0,0.0,True,
2026-04-01 20:30:00,OBJ_1002,CL_01,wind,LV,5.5764,5.9116,0.3352,True,
2026-04-01 20:30:00,OBJ_1004,,hydro,LT,,1.1621,,False,missing_client_id|missing_object_metadata|no_actual
2026-04-01 20:30:00,OBJ_1005,CL_03,bess,,0.7098,0.6521,0.0577,True,missing_area
2026-04-01 20:30:00,OBJ_1006,CL_04,solar,LV,0.0,0.0,0.0,False,negative_capacity
2026-04-01 20:30:00,OBJ_1007,CL_02,wind,EE,3.7456,3.4421,0.3035,True,
2026-04-01 20:30:00,OBJ_1008,CL_05,consumer,LT,12.351,10.2222,2.1288,True,
2026-04-01 20:30:00,OBJ_1009,CL_05,solar,LV,0.0,0.0,0.0,True,
2026-04-01 20:30:00,OBJ_1010,CL_06,wind,EE,4.5812,4.9986,0.4174,True,
2026-04-01 20:30:00,OBJ_1011,CL_06,bess,LT,1.198,1.2832,0.0852,True,
2026-04-01 20:30:00,OBJ_1012,CL_07,consumer,LV,17.4249,17.2451,0.1798,True,
2026-04-01 20:30:00,OBJ_1014,CL_08,wind,EE,2.2959,2.2837,0.0122,True,
2026-04-01 20:45:00,OBJ_1001,CL_01,solar,LV,0.0,0.0,0.0,True,
2026-04-01 20:45:00,OBJ_1002,CL_01,wind,LV,5.4984,4.795,0.7034,True,
2026-04-01 20:45:00,OBJ_1004,,hydro,LT,,1.0838,,False,missing_client_id|missing_object_metadata|no_actual
2026-04-01 20:45:00,OBJ_1005,CL_03,bess,,0.7409,0.891,0.1501,True,missing_area
2026-04-01 20:45:00,OBJ_1006,CL_04,solar,LV,0.0,0.0,0.0,False,negative_capacity
2026-04-01 20:45:00,OBJ_1007,CL_02,wind,EE,3.6797,3.3611,0.3186,True,
2026-04-01 20:45:00,OBJ_1008,CL_05,consumer,LT,12.0499,9.1148,2.9351,True,
2026-04-01 20:45:00,OBJ_1009,CL_05,solar,LV,0.0,0.0,0.0,True,
2026-04-01 20:45:00,OBJ_1010,CL_06,wind,EE,4.6482,4.3248,0.3234,True,
2026-04-01 20:45:00,OBJ_1011,CL_06,bess,LT,1.403,1.1199,0.2831,True,
2026-04-01 20:45:00,OBJ_1012,CL_07,consumer,LV,15.7695,12.3417,3.4278,True,
2026-04-01 20:45:00,OBJ_1014,CL_08,wind,EE,2.7272,2.3216,0.4056,True,
2026-04-01 21:00:00,OBJ_1001,CL_01,solar,LV,0.0,0.0,0.0,True,
2026-04-01 21:00:00,OBJ_1002,CL_01,wind,LV,4.096,4.0198,0.0762,True,
2026-04-01 21:00:00,OBJ_1004,,hydro,LT,,1.1074,,False,missing_client_id|missing_object_metadata|no_actual
2026-04-01 21:00:00,OBJ_1005,CL_03,bess,,0.7763,0.6719,0.1044,True,missing_area
2026-04-01 21:00:00,OBJ_1006,CL_04,solar,LV,0.0,0.0,0.0,False,negative_capacity
2026-04-01 21:00:00,OBJ_1007,CL_02,wind,EE,3.0801,2.829,0.2511,True,
2026-04-01 21:00:00,OBJ_1008,CL_05,consumer,LT,9.4056,11.4362,2.0306,True,
2026-04-01 21:00:00,OBJ_1009,CL_05,solar,LV,0.0,0.0,0.0,True,
2026-04-01 21:00:00,OBJ_1010,CL_06,wind,EE,3.8657,3.7213,0.1444,True,
2026-04-01 21:00:00,OBJ_1011,CL_06,bess,LT,1.0054,1.171,0.1656,True,
2026-04-01 21:00:00,OBJ_1012,CL_07,consumer,LV,12.793,17.8707,5.0777,True,
2026-04-01 21:00:00,OBJ_1014,CL_08,wind,EE,2.0081,2.0456,0.0375,True,
2026-04-01 21:15:00,OBJ_1001,CL_01,solar,LV,0.0,0.0,0.0,True,
2026-04-01 21:15:00,OBJ_1002,CL_01,wind,LV,4.3707,5.1987,0.828,True,
2026-04-01 21:15:00,OBJ_1004,,hydro,LT,,1.2228,,False,missing_client_id|missing_object_metadata|no_actual
2026-04-01 21:15:00,OBJ_1005,CL_03,bess,,0.9654,0.8149,0.1505,True,missing_area
2026-04-01 21:15:00,OBJ_1006,CL_04,solar,LV,0.0,0.0,0.0,False,negative_capacity
2026-04-01 21:15:00,OBJ_1007,CL_02,wind,EE,2.6878,3.4992,0.8114,True,
2026-04-01 21:15:00,OBJ_1008,CL_05,consumer,LT,12.7111,10.4718,2.2393,True,
2026-04-01 21:15:00,OBJ_1009,CL_05,solar,LV,0.0,0.0,0.0,True,
2026-04-01 21:15:00,OBJ_1010,CL_06,wind,EE,3.9265,3.739,0.1875,True,
2026-04-01 21:15:00,OBJ_1011,CL_06,bess,LT,1.3479,1.2555,0.0924,True,
2026-04-01 21:15:00,OBJ_1012,CL_07,consumer,LV,14.0323,12.8808,1.1515,True,
2026-04-01 21:15:00,OBJ_1014,CL_08,wind,EE,1.7674,2.1996,0.4322,True,
2026-04-01 21:30:00,OBJ_1001,CL_01,solar,LV,0.0,0.0,0.0,True,
2026-04-01 21:30:00,OBJ_1002,CL_01,wind,LV,3.8878,3.48,0.4078,True,
2026-04-01 21:30:00,OBJ_1004,,hydro,LT,,1.4002,,False,missing_client_id|missing_object_metadata|no_actual
2026-04-01 21:30:00,OBJ_1005,CL_03,bess,,0.9866,0.9126,0.074,True,missing_area
2026-04-01 21:30:00,OBJ_1006,CL_04,solar,LV,0.0,0.0,0.0,False,negative_capacity
2026-04-01 21:30:00,OBJ_1007,CL_02,wind,EE,3.0733,2.9316,0.1417,True,
2026-04-01 21:30:00,OBJ_1008,CL_05,consumer,LT,13.4097,9.8659,3.5438,True,
2026-04-01 21:30:00,OBJ_1009,CL_05,solar,LV,0.0,0.0,0.0,True,
2026-04-01 21:30:00,OBJ_1010,CL_06,wind,EE,3.9246,3.6543,0.2703,True,
2026-04-01 21:30:00,OBJ_1011,CL_06,bess,LT,1.1195,1.2691,0.1496,True,
2026-04-01 21:30:00,OBJ_1012,CL_07,consumer,LV,16.7441,11.3133,5.4308,True,
2026-04-01 21:30:00,OBJ_1014,CL_08,wind,EE,1.7099,2.1455,0.4356,True,
2026-04-01 21:45:00,OBJ_1001,CL_01,solar,LV,0.0,0.0,0.0,True,
2026-04-01 21:45:00,OBJ_1002,CL_01,wind,LV,4.2765,4.0978,0.1787,True,
2026-04-01 21:45:00,OBJ_1004,,hydro,LT,,1.0568,,False,missing_client_id|missing_object_metadata|no_actual
2026-04-01 21:45:00,OBJ_1005,CL_03,bess,,0.8691,0.894,0.0249,True,missing_area
2026-04-01 21:45:00,OBJ_1006,CL_04,solar,LV,0.0,0.0,0.0,False,negative_capacity
2026-04-01 21:45:00,OBJ_1007,CL_02,wind,EE,2.9581,3.0009,0.0428,True,
2026-04-01 21:45:00,OBJ_1008,CL_05,consumer,LT,12.7009,11.4115,1.2894,True,
2026-04-01 21:45:00,OBJ_1009,CL_05,solar,LV,0.0,0.0,0.0,True,
2026-04-01 21:45:00,OBJ_1010,CL_06,wind,EE,3.2064,3.4919,0.2855,True,
2026-04-01 21:45:00,OBJ_1011,CL_06,bess,LT,1.0403,1.1426,0.1023,True,
2026-04-01 21:45:00,OBJ_1012,CL_07,consumer,LV,12.1501,14.2795,2.1294,True,
2026-04-01 21:45:00,OBJ_1014,CL_08,wind,EE,2.2037,1.8763,0.3274,True,
2026-04-01 22:00:00,OBJ_1001,CL_01,solar,LV,0.0,0.0,0.0,True,
2026-04-01 22:00:00,OBJ_1002,CL_01,wind,LV,3.6346,2.6984,0.9362,True,
2026-04-01 22:00:00,OBJ_1004,,hydro,LT,,1.1226,,False,missing_client_id|missing_object_metadata|no_actual
2026-04-01 22:00:00,OBJ_1005,CL_03,bess,,0.6885,0.9429,0.2544,True,missing_area
2026-04-01 22:00:00,OBJ_1006,CL_04,solar,LV,0.0,0.0,0.0,False,negative_capacity
2026-04-01 22:00:00,OBJ_1007,CL_02,wind,EE,2.3665,2.2185,0.148,True,
2026-04-01 22:00:00,OBJ_1008,CL_05,consumer,LT,4.3641,3.8728,0.4913,True,
2026-04-01 22:00:00,OBJ_1009,CL_05,solar,LV,0.0,0.0,0.0,True,
2026-04-01 22:00:00,OBJ_1010,CL_06,wind,EE,2.6366,2.7232,0.0866,True,
2026-04-01 22:00:00,OBJ_1011,CL_06,bess,LT,0.9839,1.2103,0.2264,True,
2026-04-01 22:00:00,OBJ_1012,CL_07,consumer,LV,5.8925,4.9548,0.9377,True,
2026-04-01 22:00:00,OBJ_1014,CL_08,wind,EE,1.4059,1.3839,0.022,True,
2026-04-01 22:15:00,OBJ_1001,CL_01,solar,LV,0.0,0.0,0.0,True,
2026-04-01 22:15:00,OBJ_1002,CL_01,wind,LV,2.8752,3.6249,0.7497,True,
2026-04-01 22:15:00,OBJ_1004,,hydro,LT,,1.0952,,False,missing_client_id|missing_object_metadata|no_actual
2026-04-01 22:15:00,OBJ_1005,CL_03,bess,,0.9549,0.6748,0.2801,True,missing_area
2026-04-01 22:15:00,OBJ_1006,CL_04,solar,LV,0.0,0.0,0.0,False,negative_capacity
2026-04-01 22:15:00,OBJ_1007,CL_02,wind,EE,2.1374,1.9455,0.1919,True,
2026-04-01 22:15:00,OBJ_1008,CL_05,consumer,LT,4.0057,3.2285,0.7772,True,
2026-04-01 22:15:00,OBJ_1009,CL_05,solar,LV,0.0,0.0,0.0,True,
2026-04-01 22:15:00,OBJ_1010,CL_06,wind,EE,3.0526,3.1465,0.0939,True,
2026-04-01 22:15:00,OBJ_1011,CL_06,bess,LT,1.1515,1.2081,0.0566,True,
2026-04-01 22:15:00,OBJ_1012,CL_07,consumer,LV,5.4845,5.6029,0.1184,True,
2026-04-01 22:15:00,OBJ_1014,CL_08,wind,EE,1.3422,1.4266,0.0844,True,
2026-04-01 22:30:00,OBJ_1001,CL_01,solar,LV,0.0,0.0,0.0,True,
2026-04-01 22:30:00,OBJ_1002,CL_01,wind,LV,2.8769,2.9878,0.1109,True,
2026-04-01 22:30:00,OBJ_1004,,hydro,LT,,1.2016,,False,missing_client_id|missing_object_metadata|no_actual
2026-04-01 22:30:00,OBJ_1005,CL_03,bess,,0.7957,0.6651,0.1306,True,missing_area
2026-04-01 22:30:00,OBJ_1006,CL_04,solar,LV,0.0,0.0,0.0,False,negative_capacity
2026-04-01 22:30:00,OBJ_1007,CL_02,wind,EE,2.4455,2.2624,0.1831,True,
2026-04-01 22:30:00,OBJ_1008,CL_05,consumer,LT,3.0491,3.2406,0.1915,True,
2026-04-01 22:30:00,OBJ_1009,CL_05,solar,LV,0.0,0.0,0.0,True,
2026-04-01 22:30:00,OBJ_1010,CL_06,wind,EE,2.6638,2.7772,0.1134,True,
2026-04-01 22:30:00,OBJ_1011,CL_06,bess,LT,1.4703,0.9472,0.5231,True,
2026-04-01 22:30:00,OBJ_1012,CL_07,consumer,LV,5.7109,5.5156,0.1953,True,
2026-04-01 22:30:00,OBJ_1014,CL_08,wind,EE,1.3187,1.2678,0.0509,True,
2026-04-01 22:45:00,OBJ_1001,CL_01,solar,LV,0.0,0.0,0.0,True,
2026-04-01 22:45:00,OBJ_1002,CL_01,wind,LV,3.2904,3.4967,0.2063,True,
2026-04-01 22:45:00,OBJ_1004,,hydro,LT,,1.0213,,False,missing_client_id|missing_object_metadata|no_actual
2026-04-01 22:45:00,OBJ_1005,CL_03,bess,,0.9911,0.7603,0.2308,True,missing_area
2026-04-01 22:45:00,OBJ_1006,CL_04,solar,LV,0.0,0.0,0.0,False,negative_capacity
2026-04-01 22:45:00,OBJ_1007,CL_02,wind,EE,2.103,1.7862,0.3168,True,
2026-04-01 22:45:00,OBJ_1008,CL_05,consumer,LT,3.2847,3.7682,0.4835,True,
2026-04-01 22:45:00,OBJ_1009,CL_05,solar,LV,0.0,0.0,0.0,True,
2026-04-01 22:45:00,OBJ_1010,CL_06,wind,EE,2.9768,2.4541,0.5227,True,
2026-04-01 22:45:00,OBJ_1011,CL_06,bess,LT,1.1728,1.3495,0.1767,True,
2026-04-01 22:45:00,OBJ_1012,CL_07,consumer,LV,5.3255,4.8469,0.4786,True,
2026-04-01 22:45:00,OBJ_1014,CL_08,wind,EE,1.5495,1.6681,0.1186,True,
2026-04-01 23:00:00,OBJ_1001,CL_01,solar,LV,0.0,0.0,0.0,True,
2026-04-01 23:00:00,OBJ_1002,CL_01,wind,LV,3.5747,4.1332,0.5585,True,
2026-04-01 23:00:00,OBJ_1004,,hydro,LT,,1.16,,False,missing_client_id|missing_object_metadata|no_actual
2026-04-01 23:00:00,OBJ_1005,CL_03,bess,,0.9147,0.7837,0.131,True,missing_area
2026-04-01 23:00:00,OBJ_1006,CL_04,solar,LV,0.0,0.0,0.0,False,negative_capacity
2026-04-01 23:00:00,OBJ_1007,CL_02,wind,EE,2.4656,2.6141,0.1485,True,
2026-04-01 23:00:00,OBJ_1008,CL_05,consumer,LT,3.8469,4.367,0.5201,True,
2026-04-01 23:00:00,OBJ_1009,CL_05,solar,LV,0.0,0.0,0.0,True,
2026-04-01 23:00:00,OBJ_1010,CL_06,wind,EE,3.7123,3.6001,0.1122,True,
2026-04-01 23:00:00,OBJ_1011,CL_06,bess,LT,1.0243,1.339,0.3147,True,
2026-04-01 23:00:00,OBJ_1012,CL_07,consumer,LV,4.4319,4.3657,0.0662,True,
2026-04-01 23:00:00,OBJ_1014,CL_08,wind,EE,2.0984,1.6127,0.4857,True,
2026-04-01 23:15:00,OBJ_1001,CL_01,solar,LV,0.0,0.0,0.0,True,
2026-04-01 23:15:00,OBJ_1002,CL_01,wind,LV,3.724,4.3471,0.6231,True,
2026-04-01 23:15:00,OBJ_1004,,hydro,LT,,1.2867,,False,missing_client_id|missing_object_metadata|no_actual
2026-04-01 23:15:00,OBJ_1005,CL_03,bess,,0.9602,0.5491,0.4111,True,missing_area
2026-04-01 23:15:00,OBJ_1006,CL_04,solar,LV,0.0,0.0,0.0,False,negative_capacity
2026-04-01 23:15:00,OBJ_1007,CL_02,wind,EE,3.0434,2.649,0.3944,True,
2026-04-01 23:15:00,OBJ_1008,CL_05,consumer,LT,3.217,4.08,0.863,True,
2026-04-01 23:15:00,OBJ_1009,CL_05,solar,LV,0.0,0.0,0.0,True,
2026-04-01 23:15:00,OBJ_1010,CL_06,wind,EE,3.205,3.3369,0.1319,True,
2026-04-01 23:15:00,OBJ_1011,CL_06,bess,LT,1.0047,1.2837,0.279,True,
2026-04-01 23:15:00,OBJ_1012,CL_07,consumer,LV,5.3221,4.7632,0.5589,True,
2026-04-01 23:15:00,OBJ_1014,CL_08,wind,EE,1.6408,1.8145,0.1737,True,
2026-04-01 23:30:00,OBJ_1001,CL_01,solar,LV,0.0,0.0,0.0,True,
2026-04-01 23:30:00,OBJ_1002,CL_01,wind,LV,4.4841,3.5506,0.9335,True,
2026-04-01 23:30:00,OBJ_1004,,hydro,LT,,1.1117,,False,missing_client_id|missing_object_metadata|no_actual
2026-04-01 23:30:00,OBJ_1005,CL_03,bess,,0.6952,0.7775,0.0823,True,missing_area
2026-04-01 23:30:00,OBJ_1006,CL_04,solar,LV,0.0,0.0,0.0,False,negative_capacity
2026-04-01 23:30:00,OBJ_1007,CL_02,wind,EE,2.5037,2.7575,0.2538,True,
2026-04-01 23:30:00,OBJ_1008,CL_05,consumer,LT,3.0786,3.5769,0.4983,True,
2026-04-01 23:30:00,OBJ_1009,CL_05,solar,LV,0.0,0.0,0.0,True,
2026-04-01 23:30:00,OBJ_1010,CL_06,wind,EE,3.4766,3.7143,0.2377,True,
2026-04-01 23:30:00,OBJ_1011,CL_06,bess,LT,1.3474,1.5578,0.2104,True,
2026-04-01 23:30:00,OBJ_1012,CL_07,consumer,LV,4.9525,6.0539,1.1014,True,
2026-04-01 23:30:00,OBJ_1014,CL_08,wind,EE,2.0487,1.6192,0.4295,True,
2026-04-01 23:45:00,OBJ_1001,CL_01,solar,LV,0.0,0.0,0.0,True,
2026-04-01 23:45:00,OBJ_1002,CL_01,wind,LV,3.6785,4.8953,1.2168,True,
2026-04-01 23:45:00,OBJ_1004,,hydro,LT,,1.1267,,False,missing_client_id|missing_object_metadata|no_actual
2026-04-01 23:45:00,OBJ_1005,CL_03,bess,,0.8015,0.6108,0.1907,True,missing_area
2026-04-01 23:45:00,OBJ_1006,CL_04,solar,LV,0.0,0.0,0.0,False,negative_capacity
2026-04-01 23:45:00,OBJ_1007,CL_02,wind,EE,2.4005,3.2421,0.8416,True,
2026-04-01 23:45:00,OBJ_1008,CL_05,consumer,LT,4.1748,2.8021,1.3727,True,
2026-04-01 23:45:00,OBJ_1009,CL_05,solar,LV,0.0,0.0,0.0,True,
2026-04-01 23:45:00,OBJ_1010,CL_06,wind,EE,3.472,3.6291,0.1571,True,
2026-04-01 23:45:00,OBJ_1011,CL_06,bess,LT,1.1748,1.2513,0.0765,True,
2026-04-01 23:45:00,OBJ_1012,CL_07,consumer,LV,5.9281,3.641,2.2871,True,
2026-04-01 23:45:00,OBJ_1014,CL_08,wind,EE,1.6598,1.7299,0.0701,True,
2026-04-02 00:00:00,OBJ_1001,CL_01,solar,LV,0.0,0.0,0.0,True,
2026-04-02 00:00:00,OBJ_1002,CL_01,wind,LV,5.0184,4.6277,0.3907,True,
2026-04-02 00:00:00,OBJ_1004,,hydro,LT,,1.133,,False,missing_client_id|missing_object_metadata|no_actual
2026-04-02 00:00:00,OBJ_1005,CL_03,bess,,0.8744,0.6639,0.2105,True,missing_area
2026-04-02 00:00:00,OBJ_1006,CL_04,solar,LV,0.0,0.0,0.0,False,negative_capacity
2026-04-02 00:00:00,OBJ_1007,CL_02,wind,EE,3.8453,4.022,0.1767,True,
2026-04-02 00:00:00,OBJ_1008,CL_05,consumer,LT,3.1102,3.9422,0.832,True,
2026-04-02 00:00:00,OBJ_1009,CL_05,solar,LV,0.0,0.0,0.0,True,
2026-04-02 00:00:00,OBJ_1010,CL_06,wind,EE,4.4361,4.2271,0.209,True,
2026-04-02 00:00:00,OBJ_1011,CL_06,bess,LT,0.9394,1.3517,0.4123,True,
2026-04-02 00:00:00,OBJ_1012,CL_07,consumer,LV,4.55,5.9073,1.3573,True,
2026-04-02 00:00:00,OBJ_1014,CL_08,wind,EE,2.4566,2.1273,0.3293,True,
2026-04-02 00:15:00,OBJ_1001,CL_01,solar,LV,0.0,0.0,0.0,True,
2026-04-02 00:15:00,OBJ_1002,CL_01,wind,LV,4.9057,6.2389,1.3332,True,
2026-04-02 00:15:00,OBJ_1004,,hydro,LT,,1.0779,,False,missing_client_id|missing_object_metadata|no_actual
2026-04-02 00:15:00,OBJ_1005,CL_03,bess,,0.9979,0.8297,0.1682,True,missing_area
2026-04-02 00:15:00,OBJ_1006,CL_04,solar,LV,0.0,0.0,0.0,False,negative_capacity
2026-04-02 00:15:00,OBJ_1007,CL_02,wind,EE,3.3969,3.2124,0.1845,True,
2026-04-02 00:15:00,OBJ_1008,CL_05,consumer,LT,3.9081,3.0917,0.8164,True,
2026-04-02 00:15:00,OBJ_1009,CL_05,solar,LV,0.0,0.0,0.0,True,
2026-04-02 00:15:00,OBJ_1010,CL_06,wind,EE,4.5511,5.3381,0.787,True,
2026-04-02 00:15:00,OBJ_1011,CL_06,bess,LT,1.4117,0.9116,0.5001,True,
2026-04-02 00:15:00,OBJ_1012,CL_07,consumer,LV,5.3018,5.3987,0.0969,True,
2026-04-02 00:15:00,OBJ_1014,CL_08,wind,EE,2.5485,2.3015,0.247,True,
2026-04-02 00:30:00,OBJ_1001,CL_01,solar,LV,0.0,0.0,0.0,True,
2026-04-02 00:30:00,OBJ_1002,CL_01,wind,LV,4.7432,5.1584,0.4152,True,
2026-04-02 00:30:00,OBJ_1004,,hydro,LT,,1.2014,,False,missing_client_id|missing_object_metadata|no_actual
2026-04-02 00:30:00,OBJ_1005,CL_03,bess,,0.7806,0.7322,0.0484,True,missing_area
2026-04-02 00:30:00,OBJ_1006,CL_04,solar,LV,0.0,0.0,0.0,False,negative_capacity
2026-04-02 00:30:00,OBJ_1007,CL_02,wind,EE,3.284,3.7846,0.5006,True,
2026-04-02 00:30:00,OBJ_1008,CL_05,consumer,LT,3.6802,4.3022,0.622,True,
2026-04-02 00:30:00,OBJ_1009,CL_05,solar,LV,0.0,0.0,0.0,True,
2026-04-02 00:30:00,OBJ_1010,CL_06,wind,EE,3.8052,4.3001,0.4949,True,
2026-04-02 00:30:00,OBJ_1011,CL_06,bess,LT,1.1561,1.0803,0.0758,True,
2026-04-02 00:30:00,OBJ_1012,CL_07,consumer,LV,5.3302,5.8862,0.556,True,
2026-04-02 00:30:00,OBJ_1014,CL_08,wind,EE,2.2816,2.2543,0.0273,True,
2026-04-02 00:45:00,OBJ_1001,CL_01,solar,LV,0.0,0.0,0.0,True,
2026-04-02 00:45:00,OBJ_1002,CL_01,wind,LV,5.7876,4.9016,0.886,True,
2026-04-02 00:45:00,OBJ_1004,,hydro,LT,,1.1858,,False,missing_client_id|missing_object_metadata|no_actual
2026-04-02 00:45:00,OBJ_1005,CL_03,bess,,0.6269,0.723,0.0961,True,missing_area
2026-04-02 00:45:00,OBJ_1006,CL_04,solar,LV,0.0,0.0,0.0,False,negative_capacity
2026-04-02 00:45:00,OBJ_1007,CL_02,wind,EE,3.0423,3.3094,0.2671,True,
2026-04-02 00:45:00,OBJ_1008,CL_05,consumer,LT,3.1448,3.8245,0.6797,True,
2026-04-02 00:45:00,OBJ_1009,CL_05,solar,LV,0.0,0.0,0.0,True,
2026-04-02 00:45:00,OBJ_1010,CL_06,wind,EE,4.6863,4.9663,0.28,True,
2026-04-02 00:45:00,OBJ_1011,CL_06,bess,LT,1.2338,1.1031,0.1307,True,
2026-04-02 00:45:00,OBJ_1012,CL_07,consumer,LV,5.1729,4.7298,0.4431,True,
2026-04-02 00:45:00,OBJ_1014,CL_08,wind,EE,2.4083,2.4548,0.0465,True,
2026-04-02 01:00:00,OBJ_1001,CL_01,solar,LV,0.0,0.0,0.0,True,
2026-04-02 01:00:00,OBJ_1002,CL_01,wind,LV,5.3961,6.3819,0.9858,True,
2026-04-02 01:00:00,OBJ_1004,,hydro,LT,,1.1626,,False,missing_client_id|missing_object_metadata|no_actual
2026-04-02 01:00:00,OBJ_1005,CL_03,bess,,0.7414,0.9072,0.1658,True,missing_area
2026-04-02 01:00:00,OBJ_1006,CL_04,solar,LV,0.0,0.0,0.0,False,negative_capacity
2026-04-02 01:00:00,OBJ_1007,CL_02,wind,EE,4.321,4.5638,0.2428,True,
2026-04-02 01:00:00,OBJ_1008,CL_05,consumer,LT,4.3021,3.6702,0.6319,True,
2026-04-02 01:00:00,OBJ_1009,CL_05,solar,LV,0.0,0.0,0.0,True,
2026-04-02 01:00:00,OBJ_1010,CL_06,wind,EE,5.7154,4.3028,1.4126,True,
2026-04-02 01:00:00,OBJ_1011,CL_06,bess,LT,1.2602,1.0959,0.1643,True,
2026-04-02 01:00:00,OBJ_1012,CL_07,consumer,LV,4.7033,5.3732,0.6699,True,
2026-04-02 01:00:00,OBJ_1014,CL_08,wind,EE,2.8342,2.4783,0.3559,True,
2026-04-02 01:15:00,OBJ_1001,CL_01,solar,LV,0.0,0.0,0.0,True,
2026-04-02 01:15:00,OBJ_1002,CL_01,wind,LV,6.3198,6.336,0.0162,True,
2026-04-02 01:15:00,OBJ_1004,,hydro,LT,,1.1599,,False,missing_client_id|missing_object_metadata|no_actual
2026-04-02 01:15:00,OBJ_1005,CL_03,bess,,0.6897,0.71,0.0203,True,missing_area
2026-04-02 01:15:00,OBJ_1006,CL_04,solar,LV,0.0,0.0,0.0,False,negative_capacity
2026-04-02 01:15:00,OBJ_1007,CL_02,wind,EE,4.4306,3.2982,1.1324,True,
2026-04-02 01:15:00,OBJ_1008,CL_05,consumer,LT,3.5513,3.9733,0.422,True,
2026-04-02 01:15:00,OBJ_1009,CL_05,solar,LV,0.0,0.0,0.0,True,
2026-04-02 01:15:00,OBJ_1010,CL_06,wind,EE,5.1475,4.8001,0.3474,True,
2026-04-02 01:15:00,OBJ_1011,CL_06,bess,LT,1.3843,1.3303,0.054,True,
2026-04-02 01:15:00,OBJ_1012,CL_07,consumer,LV,5.6903,5.0399,0.6504,True,
2026-04-02 01:15:00,OBJ_1014,CL_08,wind,EE,3.1483,3.1317,0.0166,True,
2026-04-02 01:30:00,OBJ_1001,CL_01,solar,LV,0.0,0.0,0.0,True,
2026-04-02 01:30:00,OBJ_1002,CL_01,wind,LV,6.2452,7.2834,1.0382,True,
2026-04-02 01:30:00,OBJ_1004,,hydro,LT,,1.0609,,False,missing_client_id|missing_object_metadata|no_actual
2026-04-02 01:30:00,OBJ_1005,CL_03,bess,,0.8571,0.653,0.2041,True,missing_area
2026-04-02 01:30:00,OBJ_1006,CL_04,solar,LV,0.0,0.0,0.0,False,negative_capacity
2026-04-02 01:30:00,OBJ_1007,CL_02,wind,EE,4.527,3.5477,0.9793,True,
2026-04-02 01:30:00,OBJ_1008,CL_05,consumer,LT,4.2442,4.2865,0.0423,True,
2026-04-02 01:30:00,OBJ_1009,CL_05,solar,LV,0.0,0.0,0.0,True,
2026-04-02 01:30:00,OBJ_1010,CL_06,wind,EE,4.5805,4.6234,0.0429,True,
2026-04-02 01:30:00,OBJ_1011,CL_06,bess,LT,1.3216,1.3418,0.0202,True,
2026-04-02 01:30:00,OBJ_1012,CL_07,consumer,LV,4.618,4.6291,0.0111,True,
2026-04-02 01:30:00,OBJ_1014,CL_08,wind,EE,2.6456,2.3394,0.3062,True,
2026-04-02 01:45:00,OBJ_1001,CL_01,solar,LV,0.0,0.0,0.0,True,
2026-04-02 01:45:00,OBJ_1002,CL_01,wind,LV,6.6882,5.4474,1.2408,True,
2026-04-02 01:45:00,OBJ_1004,,hydro,LT,,1.0809,,False,missing_client_id|missing_object_metadata|no_actual
2026-04-02 01:45:00,OBJ_1005,CL_03,bess,,0.8265,0.644,0.1825,True,missing_area
2026-04-02 01:45:00,OBJ_1006,CL_04,solar,LV,0.0,0.0,0.0,False,negative_capacity
2026-04-02 01:45:00,OBJ_1007,CL_02,wind,EE,3.62,4.0328,0.4128,True,
2026-04-02 01:45:00,OBJ_1008,CL_05,consumer,LT,3.9498,4.2563,0.3065,True,
2026-04-02 01:45:00,OBJ_1009,CL_05,solar,LV,0.0,0.0,0.0,True,
2026-04-02 01:45:00,OBJ_1010,CL_06,wind,EE,5.3952,4.7972,0.598,True,
2026-04-02 01:45:00,OBJ_1011,CL_06,bess,LT,1.0291,0.88,0.1491,True,
2026-04-02 01:45:00,OBJ_1012,CL_07,consumer,LV,4.8397,3.7401,1.0996,True,
2026-04-02 01:45:00,OBJ_1014,CL_08,wind,EE,2.6464,2.6866,0.0402,True,
2026-04-02 02:00:00,OBJ_1001,CL_01,solar,LV,0.0,0.0,0.0,True,
2026-04-02 02:00:00,OBJ_1002,CL_01,wind,LV,7.1633,7.4631,0.2998,True,
2026-04-02 02:00:00,OBJ_1004,,hydro,LT,,1.151,,False,missing_client_id|missing_object_metadata|no_actual
2026-04-02 02:00:00,OBJ_1005,CL_03,bess,,0.9107,0.5811,0.3296,True,missing_area
2026-04-02 02:00:00,OBJ_1006,CL_04,solar,LV,0.0,0.0,0.0,False,negative_capacity
2026-04-02 02:00:00,OBJ_1007,CL_02,wind,EE,3.9586,4.9343,0.9757,True,
2026-04-02 02:00:00,OBJ_1008,CL_05,consumer,LT,3.0789,3.3892,0.3103,True,
2026-04-02 02:00:00,OBJ_1009,CL_05,solar,LV,0.0,0.0,0.0,True,
2026-04-02 02:00:00,OBJ_1010,CL_06,wind,EE,5.803,5.5465,0.2565,True,
2026-04-02 02:00:00,OBJ_1011,CL_06,bess,LT,1.3044,1.0649,0.2395,True,
2026-04-02 02:00:00,OBJ_1012,CL_07,consumer,LV,4.5442,4.3549,0.1893,True,
2026-04-02 02:00:00,OBJ_1014,CL_08,wind,EE,3.2305,3.7687,0.5382,True,
2026-04-02 02:15:00,OBJ_1001,CL_01,solar,LV,0.0,0.0,0.0,True,
2026-04-02 02:15:00,OBJ_1002,CL_01,wind,LV,6.6252,7.3037,0.6785,True,
2026-04-02 02:15:00,OBJ_1004,,hydro,LT,,1.1361,,False,missing_client_id|missing_object_metadata|no_actual
2026-04-02 02:15:00,OBJ_1005,CL_03,bess,,0.7093,1.0136,0.3043,True,missing_area
2026-04-02 02:15:00,OBJ_1006,CL_04,solar,LV,0.0,0.0,0.0,False,negative_capacity
2026-04-02 02:15:00,OBJ_1007,CL_02,wind,EE,3.9956,4.9392,0.9436,True,
2026-04-02 02:15:00,OBJ_1008,CL_05,consumer,LT,3.6449,3.9196,0.2747,True,
2026-04-02 02:15:00,OBJ_1009,CL_05,solar,LV,0.0,0.0,0.0,True,
2026-04-02 02:15:00,OBJ_1010,CL_06,wind,EE,5.9002,6.2257,0.3255,True,
2026-04-02 02:15:00,OBJ_1011,CL_06,bess,LT,1.192,1.1673,0.0247,True,
2026-04-02 02:15:00,OBJ_1012,CL_07,consumer,LV,5.3343,5.7424,0.4081,True,
2026-04-02 02:15:00,OBJ_1014,CL_08,wind,EE,2.6866,3.738,1.0514,True,
2026-04-02 02:30:00,OBJ_1001,CL_01,solar,LV,0.0,0.0,0.0,True,
2026-04-02 02:30:00,OBJ_1002,CL_01,wind,LV,6.9279,6.2047,0.7232,True,
2026-04-02 02:30:00,OBJ_1004,,hydro,LT,,1.0317,,False,missing_client_id|missing_object_metadata|no_actual
2026-04-02 02:30:00,OBJ_1005,CL_03,bess,,0.6031,0.9484,0.3453,True,missing_area
2026-04-02 02:30:00,OBJ_1006,CL_04,solar,LV,0.0,0.0,0.0,False,negative_capacity
2026-04-02 02:30:00,OBJ_1007,CL_02,wind,EE,4.1206,5.0335,0.9129,True,
2026-04-02 02:30:00,OBJ_1008,CL_05,consumer,LT,3.2059,4.1466,0.9407,True,
2026-04-02 02:30:00,OBJ_1009,CL_05,solar,LV,0.0,0.0,0.0,True,
2026-04-02 02:30:00,OBJ_1010,CL_06,wind,EE,5.3383,6.0312,0.6929,True,
2026-04-02 02:30:00,OBJ_1011,CL_06,bess,LT,0.9046,1.5289,0.6243,True,
2026-04-02 02:30:00,OBJ_1012,CL_07,consumer,LV,5.494,5.8111,0.3171,True,
2026-04-02 02:30:00,OBJ_1014,CL_08,wind,EE,2.8016,2.9044,0.1028,True,
2026-04-02 02:45:00,OBJ_1001,CL_01,solar,LV,0.0,0.0,0.0,True,
2026-04-02 02:45:00,OBJ_1002,CL_01,wind,LV,7.1288,7.2018,0.073,True,
2026-04-02 02:45:00,OBJ_1004,,hydro,LT,,1.3109,,False,missing_client_id|missing_object_metadata|no_actual
2026-04-02 02:45:00,OBJ_1005,CL_03,bess,,0.8001,0.9785,0.1784,True,missing_area
2026-04-02 02:45:00,OBJ_1006,CL_04,solar,LV,0.0,0.0,0.0,False,negative_capacity
2026-04-02 02:45:00,OBJ_1007,CL_02,wind,EE,4.8841,4.4297,0.4544,True,
2026-04-02 02:45:00,OBJ_1008,CL_05,consumer,LT,3.1081,3.7303,0.6222,True,
2026-04-02 02:45:00,OBJ_1009,CL_05,solar,LV,0.0,0.0,0.0,True,
2026-04-02 02:45:00,OBJ_1010,CL_06,wind,EE,4.8798,6.0834,1.2036,True,
2026-04-02 02:45:00,OBJ_1011,CL_06,bess,LT,0.9112,1.0805,0.1693,True,
2026-04-02 02:45:00,OBJ_1012,CL_07,consumer,LV,5.8423,5.6188,0.2235,True,
2026-04-02 02:45:00,OBJ_1014,CL_08,wind,EE,3.4071,3.5071,0.1,True,
2026-04-02 03:00:00,OBJ_1001,CL_01,solar,LV,0.0,0.0,0.0,True,
2026-04-02 03:00:00,OBJ_1002,CL_01,wind,LV,7.3307,7.526,0.1953,True,
2026-04-02 03:00:00,OBJ_1004,,hydro,LT,,1.1316,,False,missing_client_id|missing_object_metadata|no_actual
2026-04-02 03:00:00,OBJ_1005,CL_03,bess,,0.8838,0.7,0.1838,True,missing_area
2026-04-02 03:00:00,OBJ_1006,CL_04,solar,LV,0.0,0.0,0.0,False,negative_capacity
2026-04-02 03:00:00,OBJ_1007,CL_02,wind,EE,4.2604,4.9474,0.687,True,
2026-04-02 03:00:00,OBJ_1008,CL_05,consumer,LT,3.0313,4.2997,1.2684,True,
2026-04-02 03:00:00,OBJ_1009,CL_05,solar,LV,0.0,0.0,0.0,True,
2026-04-02 03:00:00,OBJ_1010,CL_06,wind,EE,6.4985,6.695,0.1965,True,
2026-04-02 03:00:00,OBJ_1011,CL_06,bess,LT,1.2709,0.9899,0.281,True,
2026-04-02 03:00:00,OBJ_1012,CL_07,consumer,LV,5.6641,4.2259,1.4382,True,
2026-04-02 03:00:00,OBJ_1014,CL_08,wind,EE,3.6856,3.2627,0.4229,True,
2026-04-02 03:15:00,OBJ_1001,CL_01,solar,LV,0.0,0.0,0.0,True,
2026-04-02 03:15:00,OBJ_1002,CL_01,wind,LV,7.8868,6.6343,1.2525,True,
2026-04-02 03:15:00,OBJ_1004,,hydro,LT,,1.1828,,False,missing_client_id|missing_object_metadata|no_actual
2026-04-02 03:15:00,OBJ_1005,CL_03,bess,,0.6973,0.8609,0.1636,True,missing_area
2026-04-02 03:15:00,OBJ_1006,CL_04,solar,LV,0.0,0.0,0.0,False,negative_capacity
2026-04-02 03:15:00,OBJ_1007,CL_02,wind,EE,4.8195,4.5631,0.2564,True,
2026-04-02 03:15:00,OBJ_1008,CL_05,consumer,LT,3.5937,4.4043,0.8106,True,
2026-04-02 03:15:00,OBJ_1009,CL_05,solar,LV,0.0,0.0,0.0,True,
2026-04-02 03:15:00,OBJ_1010,CL_06,wind,EE,5.7091,6.3771,0.668,True,
2026-04-02 03:15:00,OBJ_1011,CL_06,bess,LT,1.0998,0.8694,0.2304,True,
2026-04-02 03:15:00,OBJ_1012,CL_07,consumer,LV,4.3363,5.4947,1.1584,True,
2026-04-02 03:15:00,OBJ_1014,CL_08,wind,EE,3.3007,3.1355,0.1652,True,
2026-04-02 03:30:00,OBJ_1001,CL_01,solar,LV,0.0,0.0,0.0,True,
2026-04-02 03:30:00,OBJ_1002,CL_01,wind,LV,7.2005,8.2236,1.0231,True,
2026-04-02 03:30:00,OBJ_1004,,hydro,LT,,1.3489,,False,missing_client_id|missing_object_metadata|no_actual
2026-04-02 03:30:00,OBJ_1005,CL_03,bess,,0.9624,0.8444,0.118,True,missing_area
2026-04-02 03:30:00,OBJ_1006,CL_04,solar,LV,0.0,0.0,0.0,False,negative_capacity
2026-04-02 03:30:00,OBJ_1007,CL_02,wind,EE,5.0977,4.8161,0.2816,True,
2026-04-02 03:30:00,OBJ_1008,CL_05,consumer,LT,4.2284,4.3347,0.1063,True,
2026-04-02 03:30:00,OBJ_1009,CL_05,solar,LV,0.0,0.0,0.0,True,
2026-04-02 03:30:00,OBJ_1010,CL_06,wind,EE,5.5326,6.152,0.6194,True,
2026-04-02 03:30:00,OBJ_1011,CL_06,bess,LT,0.9879,0.9933,0.0054,True,
2026-04-02 03:30:00,OBJ_1012,CL_07,consumer,LV,4.3945,4.4921,0.0976,True,
2026-04-02 03:30:00,OBJ_1014,CL_08,wind,EE,3.3872,3.1754,0.2118,True,
2026-04-02 03:45:00,OBJ_1001,CL_01,solar,LV,0.0,0.0,0.0,True,
2026-04-02 03:45:00,OBJ_1002,CL_01,wind,LV,7.4991,8.2718,0.7727,True,
2026-04-02 03:45:00,OBJ_1004,,hydro,LT,,1.0119,,False,missing_client_id|missing_object_metadata|no_actual
2026-04-02 03:45:00,OBJ_1005,CL_03,bess,,0.6709,0.7649,0.094,True,missing_area
2026-04-02 03:45:00,OBJ_1006,CL_04,solar,LV,0.0,0.0,0.0,False,negative_capacity
2026-04-02 03:45:00,OBJ_1007,CL_02,wind,EE,4.7787,4.0434,0.7353,True,
2026-04-02 03:45:00,OBJ_1008,CL_05,consumer,LT,4.1317,3.6144,0.5173,True,
2026-04-02 03:45:00,OBJ_1009,CL_05,solar,LV,0.0,0.0,0.0,True,
2026-04-02 03:45:00,OBJ_1010,CL_06,wind,EE,5.8961,5.4896,0.4065,True,
2026-04-02 03:45:00,OBJ_1011,CL_06,bess,LT,1.4545,1.1599,0.2946,True,
2026-04-02 03:45:00,OBJ_1012,CL_07,consumer,LV,5.129,5.4541,0.3251,True,
2026-04-02 03:45:00,OBJ_1014,CL_08,wind,EE,3.4181,3.8256,0.4075,True,
2026-04-02 04:00:00,OBJ_1001,CL_01,solar,LV,0.0,0.0,0.0,True,
2026-04-02 04:00:00,OBJ_1002,CL_01,wind,LV,8.1136,7.1521,0.9615,True,
2026-04-02 04:00:00,OBJ_1004,,hydro,LT,,0.9724,,False,missing_client_id|missing_object_metadata|no_actual
2026-04-02 04:00:00,OBJ_1005,CL_03,bess,,0.8509,0.8212,0.0297,True,missing_area
2026-04-02 04:00:00,OBJ_1006,CL_04,solar,LV,0.0,0.0,0.0,False,negative_capacity
2026-04-02 04:00:00,OBJ_1007,CL_02,wind,EE,4.2949,4.7665,0.4716,True,
2026-04-02 04:00:00,OBJ_1008,CL_05,consumer,LT,3.6633,3.3931,0.2702,True,
2026-04-02 04:00:00,OBJ_1009,CL_05,solar,LV,0.0,0.0,0.0,True,
2026-04-02 04:00:00,OBJ_1010,CL_06,wind,EE,5.7298,5.7374,0.0076,True,
2026-04-02 04:00:00,OBJ_1011,CL_06,bess,LT,0.9337,1.3802,0.4465,True,
2026-04-02 04:00:00,OBJ_1012,CL_07,consumer,LV,5.0147,6.1795,1.1648,True,
2026-04-02 04:00:00,OBJ_1014,CL_08,wind,EE,3.1858,3.2123,0.0265,True,
2026-04-02 04:15:00,OBJ_1001,CL_01,solar,LV,0.0,0.0,0.0,True,
2026-04-02 04:15:00,OBJ_1002,CL_01,wind,LV,6.4184,7.1428,0.7244,True,
2026-04-02 04:15:00,OBJ_1004,,hydro,LT,,1.1515,,False,missing_client_id|missing_object_metadata|no_actual
2026-04-02 04:15:00,OBJ_1005,CL_03,bess,,0.9327,0.7191,0.2136,True,missing_area
2026-04-02 04:15:00,OBJ_1006,CL_04,solar,LV,0.0,0.0,0.0,False,negative_capacity
2026-04-02 04:15:00,OBJ_1007,CL_02,wind,EE,5.4091,4.2754,1.1337,True,
2026-04-02 04:15:00,OBJ_1008,CL_05,consumer,LT,4.2829,3.5204,0.7625,True,
2026-04-02 04:15:00,OBJ_1009,CL_05,solar,LV,0.0,0.0,0.0,True,
2026-04-02 04:15:00,OBJ_1010,CL_06,wind,EE,6.1364,7.2557,1.1193,True,
2026-04-02 04:15:00,OBJ_1011,CL_06,bess,LT,1.1776,1.1955,0.0179,True,
2026-04-02 04:15:00,OBJ_1012,CL_07,consumer,LV,5.1086,5.2409,0.1323,True,
2026-04-02 04:15:00,OBJ_1014,CL_08,wind,EE,3.649,2.9916,0.6574,True,
2026-04-02 04:30:00,OBJ_1001,CL_01,solar,LV,0.0,0.0,0.0,True,
2026-04-02 04:30:00,OBJ_1002,CL_01,wind,LV,7.2433,8.2703,1.027,True,
2026-04-02 04:30:00,OBJ_1004,,hydro,LT,,1.1731,,False,missing_client_id|missing_object_metadata|no_actual
2026-04-02 04:30:00,OBJ_1005,CL_03,bess,,0.9239,0.702,0.2219,True,missing_area
2026-04-02 04:30:00,OBJ_1006,CL_04,solar,LV,0.0,0.0,0.0,False,negative_capacity
2026-04-02 04:30:00,OBJ_1007,CL_02,wind,EE,4.6494,4.7511,0.1017,True,
2026-04-02 04:30:00,OBJ_1008,CL_05,consumer,LT,3.7134,3.799,0.0856,True,
2026-04-02 04:30:00,OBJ_1009,CL_05,solar,LV,0.0,0.0,0.0,True,
2026-04-02 04:30:00,OBJ_1010,CL_06,wind,EE,5.3574,5.3386,0.0188,True,
2026-04-02 04:30:00,OBJ_1011,CL_06,bess,LT,0.9621,1.1419,0.1798,True,
2026-04-02 04:30:00,OBJ_1012,CL_07,consumer,LV,5.7983,5.7673,0.031,True,
2026-04-02 04:30:00,OBJ_1014,CL_08,wind,EE,3.2175,3.4734,0.2559,True,
2026-04-02 04:45:00,OBJ_1001,CL_01,solar,LV,0.0,0.0,0.0,True,
2026-04-02 04:45:00,OBJ_1002,CL_01,wind,LV,7.3584,6.867,0.4914,True,
2026-04-02 04:45:00,OBJ_1004,,hydro,LT,,1.1449,,False,missing_client_id|missing_object_metadata|no_actual
2026-04-02 04:45:00,OBJ_1005,CL_03,bess,,0.669,0.8676,0.1986,True,missing_area
2026-04-02 04:45:00,OBJ_1006,CL_04,solar,LV,0.0,0.0,0.0,False,negative_capacity
2026-04-02 04:45:00,OBJ_1007,CL_02,wind,EE,4.8121,4.6321,0.18,True,
2026-04-02 04:45:00,OBJ_1008,CL_05,consumer,LT,3.6591,3.4059,0.2532,True,
2026-04-02 04:45:00,OBJ_1009,CL_05,solar,LV,0.0,0.0,0.0,True,
2026-04-02 04:45:00,OBJ_1010,CL_06,wind,EE,5.5269,5.8077,0.2808,True,
2026-04-02 04:45:00,OBJ_1011,CL_06,bess,LT,1.1237,0.9374,0.1863,True,
2026-04-02 04:45:00,OBJ_1012,CL_07,consumer,LV,4.5658,4.868,0.3022,True,
2026-04-02 04:45:00,OBJ_1014,CL_08,wind,EE,3.2804,2.7457,0.5347,True,
2026-04-02 05:00:00,OBJ_1001,CL_01,solar,LV,0.0,0.0,0.0,True,
2026-04-02 05:00:00,OBJ_1002,CL_01,wind,LV,7.4337,7.1782,0.2555,True,
2026-04-02 05:00:00,OBJ_1004,,hydro,LT,,0.9396,,False,missing_client_id|missing_object_metadata|no_actual
2026-04-02 05:00:00,OBJ_1005,CL_03,bess,,0.9157,0.8198,0.0959,True,missing_area
2026-04-02 05:00:00,OBJ_1006,CL_04,solar,LV,0.0,0.0,0.0,False,negative_capacity
2026-04-02 05:00:00,OBJ_1007,CL_02,wind,EE,4.223,5.1561,0.9331,True,
2026-04-02 05:00:00,OBJ_1008,CL_05,consumer,LT,3.1418,3.5274,0.3856,True,
2026-04-02 05:00:00,OBJ_1009,CL_05,solar,LV,0.0,0.0,0.0,True,
2026-04-02 05:00:00,OBJ_1010,CL_06,wind,EE,5.6545,7.4024,1.7479,True,
2026-04-02 05:00:00,OBJ_1011,CL_06,bess,LT,1.3342,1.2664,0.0678,True,
2026-04-02 05:00:00,OBJ_1012,CL_07,consumer,LV,5.3131,5.5507,0.2376,True,
2026-04-02 05:00:00,OBJ_1014,CL_08,wind,EE,3.6992,3.187,0.5122,True,
2026-04-02 05:15:00,OBJ_1001,CL_01,solar,LV,0.0,0.0,0.0,True,
2026-04-02 05:15:00,OBJ_1002,CL_01,wind,LV,6.8871,7.4737,0.5866,True,
2026-04-02 05:15:00,OBJ_1004,,hydro,LT,,1.2403,,False,missing_client_id|missing_object_metadata|no_actual
2026-04-02 05:15:00,OBJ_1005,CL_03,bess,,0.8331,0.7436,0.0895,True,missing_area
2026-04-02 05:15:00,OBJ_1006,CL_04,solar,LV,0.0,0.0,0.0,False,negative_capacity
2026-04-02 05:15:00,OBJ_1007,CL_02,wind,EE,4.6141,4.6258,0.0117,True,
2026-04-02 05:15:00,OBJ_1008,CL_05,consumer,LT,4.4515,3.2165,1.235,True,
2026-04-02 05:15:00,OBJ_1009,CL_05,solar,LV,0.0,0.0,0.0,True,
2026-04-02 05:15:00,OBJ_1010,CL_06,wind,EE,5.8402,6.3,0.4598,True,
2026-04-02 05:15:00,OBJ_1011,CL_06,bess,LT,1.257,1.0488,0.2082,True,
2026-04-02 05:15:00,OBJ_1012,CL_07,consumer,LV,5.876,4.6596,1.2164,True,
2026-04-02 05:15:00,OBJ_1014,CL_08,wind,EE,3.1341,3.4744,0.3403,True,
2026-04-02 05:30:00,OBJ_1001,CL_01,solar,LV,0.0,0.0,0.0,True,
2026-04-02 05:30:00,OBJ_1002,CL_01,wind,LV,7.834,7.6058,0.2282,True,
2026-04-02 05:30:00,OBJ_1004,,hydro,LT,,1.2039,,False,missing_client_id|missing_object_metadata|no_actual
2026-04-02 05:30:00,OBJ_1005,CL_03,bess,,0.9253,0.8929,0.0324,True,missing_area
2026-04-02 05:30:00,OBJ_1006,CL_04,solar,LV,0.0,0.0,0.0,False,negative_capacity
2026-04-02 05:30:00,OBJ_1007,CL_02,wind,EE,5.2741,4.5327,0.7414,True,
2026-04-02 05:30:00,OBJ_1008,CL_05,consumer,LT,4.1082,3.9509,0.1573,True,
2026-04-02 05:30:00,OBJ_1009,CL_05,solar,LV,0.0,0.0,0.0,True,
2026-04-02 05:30:00,OBJ_1010,CL_06,wind,EE,6.0716,7.1051,1.0335,True,
2026-04-02 05:30:00,OBJ_1011,CL_06,bess,LT,1.2876,1.0467,0.2409,True,
2026-04-02 05:30:00,OBJ_1012,CL_07,consumer,LV,4.8468,4.1816,0.6652,True,
2026-04-02 05:30:00,OBJ_1014,CL_08,wind,EE,3.1836,3.9538,0.7702,True,
2026-04-02 05:45:00,OBJ_1001,CL_01,solar,LV,0.0,0.0,0.0,True,
2026-04-02 05:45:00,OBJ_1002,CL_01,wind,LV,6.5708,8.1496,1.5788,True,
2026-04-02 05:45:00,OBJ_1004,,hydro,LT,,1.1479,,False,missing_client_id|missing_object_metadata|no_actual
2026-04-02 05:45:00,OBJ_1005,CL_03,bess,,0.6857,0.8481,0.1624,True,missing_area
2026-04-02 05:45:00,OBJ_1006,CL_04,solar,LV,0.0,0.0,0.0,False,negative_capacity
2026-04-02 05:45:00,OBJ_1007,CL_02,wind,EE,4.802,4.3137,0.4883,True,
2026-04-02 05:45:00,OBJ_1008,CL_05,consumer,LT,3.3398,2.8639,0.4759,True,
2026-04-02 05:45:00,OBJ_1009,CL_05,solar,LV,0.0,0.0,0.0,True,
2026-04-02 05:45:00,OBJ_1010,CL_06,wind,EE,5.2982,5.8116,0.5134,True,
2026-04-02 05:45:00,OBJ_1011,CL_06,bess,LT,1.4067,1.3822,0.0245,True,
2026-04-02 05:45:00,OBJ_1012,CL_07,consumer,LV,4.2023,5.4932,1.2909,True,
2026-04-02 05:45:00,OBJ_1014,CL_08,wind,EE,3.5709,3.2014,0.3695,True,
2026-04-02 06:00:00,OBJ_1001,CL_01,solar,LV,0.0,0.0,0.0,True,
2026-04-02 06:00:00,OBJ_1002,CL_01,wind,LV,7.5852,6.2208,1.3644,True,
2026-04-02 06:00:00,OBJ_1004,,hydro,LT,,1.112,,False,missing_client_id|missing_object_metadata|no_actual
2026-04-02 06:00:00,OBJ_1005,CL_03,bess,,0.6151,0.7661,0.151,True,missing_area
2026-04-02 06:00:00,OBJ_1006,CL_04,solar,LV,0.0,0.0,0.0,False,negative_capacity
2026-04-02 06:00:00,OBJ_1007,CL_02,wind,EE,4.904,5.0939,0.1899,True,
2026-04-02 06:00:00,OBJ_1008,CL_05,consumer,LT,3.1966,3.5968,0.4002,True,
2026-04-02 06:00:00,OBJ_1009,CL_05,solar,LV,0.0,0.0,0.0,True,
2026-04-02 06:00:00,OBJ_1010,CL_06,wind,EE,5.1468,5.4048,0.258,True,
2026-04-02 06:00:00,OBJ_1011,CL_06,bess,LT,1.3988,1.4777,0.0789,True,
2026-04-02 06:00:00,OBJ_1012,CL_07,consumer,LV,5.5422,5.8977,0.3555,True,
2026-04-02 06:00:00,OBJ_1014,CL_08,wind,EE,3.4097,2.6559,0.7538,True,
2026-04-02 06:15:00,OBJ_1001,CL_01,solar,LV,0.2207,0.2604,0.0397,True,
2026-04-02 06:15:00,OBJ_1002,CL_01,wind,LV,6.7141,6.4979,0.2162,True,
2026-04-02 06:15:00,OBJ_1004,,hydro,LT,,0.9532,,False,missing_client_id|missing_object_metadata|no_actual
2026-04-02 06:15:00,OBJ_1005,CL_03,bess,,0.7643,0.6394,0.1249,True,missing_area
2026-04-02 06:15:00,OBJ_1006,CL_04,solar,LV,0.2401,0.2166,0.0235,False,negative_capacity
2026-04-02 06:15:00,OBJ_1007,CL_02,wind,EE,4.2155,4.646,0.4305,True,
2026-04-02 06:15:00,OBJ_1008,CL_05,consumer,LT,3.6663,3.8003,0.134,True,
2026-04-02 06:15:00,OBJ_1009,CL_05,solar,LV,0.3003,0.3456,0.0453,True,
2026-04-02 06:15:00,OBJ_1010,CL_06,wind,EE,6.1011,5.935,0.1661,True,
2026-04-02 06:15:00,OBJ_1011,CL_06,bess,LT,1.1694,1.2431,0.0737,True,
2026-04-02 06:15:00,OBJ_1012,CL_07,consumer,LV,5.068,5.3882,0.3202,True,
2026-04-02 06:15:00,OBJ_1014,CL_08,wind,EE,2.9625,3.0451,0.0826,True,
2026-04-02 06:30:00,OBJ_1001,CL_01,solar,LV,0.4894,0.4224,0.067,True,
2026-04-02 06:30:00,OBJ_1002,CL_01,wind,LV,6.7753,6.689,0.0863,True,
2026-04-02 06:30:00,OBJ_1004,,hydro,LT,,1.0361,,False,missing_client_id|missing_object_metadata|no_actual
2026-04-02 06:30:00,OBJ_1005,CL_03,bess,,0.934,1.0299,0.0959,True,missing_area
2026-04-02 06:30:00,OBJ_1006,CL_04,solar,LV,0.4561,0.5475,0.0914,False,negative_capacity
2026-04-02 06:30:00,OBJ_1007,CL_02,wind,EE,5.1394,5.3257,0.1863,True,
2026-04-02 06:30:00,OBJ_1008,CL_05,consumer,LT,4.4767,3.032,1.4447,True,
2026-04-02 06:30:00,OBJ_1009,CL_05,solar,LV,0.6175,0.6386,0.0211,True,
2026-04-02 06:30:00,OBJ_1010,CL_06,wind,EE,5.3414,6.6204,1.279,True,
2026-04-02 06:30:00,OBJ_1011,CL_06,bess,LT,1.1291,0.9782,0.1509,True,
2026-04-02 06:30:00,OBJ_1012,CL_07,consumer,LV,5.0549,4.1414,0.9135,True,
2026-04-02 06:30:00,OBJ_1014,CL_08,wind,EE,3.5505,3.1047,0.4458,True,
2026-04-02 06:45:00,OBJ_1001,CL_01,solar,LV,0.7331,0.7032,0.0299,True,
2026-04-02 06:45:00,OBJ_1002,CL_01,wind,LV,7.4242,8.0087,0.5845,True,
2026-04-02 06:45:00,OBJ_1004,,hydro,LT,,1.0174,,False,missing_client_id|missing_object_metadata|no_actual
2026-04-02 06:45:00,OBJ_1005,CL_03,bess,,0.6554,0.9035,0.2481,True,missing_area
2026-04-02 06:45:00,OBJ_1006,CL_04,solar,LV,0.669,0.6626,0.0064,False,negative_capacity
2026-04-02 06:45:00,OBJ_1007,CL_02,wind,EE,4.7411,4.0117,0.7294,True,
2026-04-02 06:45:00,OBJ_1008,CL_05,consumer,LT,4.3112,3.8942,0.417,True,
2026-04-02 06:45:00,OBJ_1009,CL_05,solar,LV,0.9379,1.0857,0.1478,True,
2026-04-02 06:45:00,OBJ_1010,CL_06,wind,EE,5.0497,6.172,1.1223,True,
2026-04-02 06:45:00,OBJ_1011,CL_06,bess,LT,1.4075,1.5759,0.1684,True,
2026-04-02 06:45:00,OBJ_1012,CL_07,consumer,LV,5.7023,5.1925,0.5098,True,
2026-04-02 06:45:00,OBJ_1014,CL_08,wind,EE,2.9407,2.7206,0.2201,True,
2026-04-02 07:00:00,OBJ_1001,CL_01,solar,LV,0.9658,0.9439,0.0219,True,
2026-04-02 07:00:00,OBJ_1002,CL_01,wind,LV,5.7873,5.425,0.3623,True,
2026-04-02 07:00:00,OBJ_1004,,hydro,LT,,1.1775,,False,missing_client_id|missing_object_metadata|no_actual
2026-04-02 07:00:00,OBJ_1005,CL_03,bess,,0.9621,0.7256,0.2365,True,missing_area
2026-04-02 07:00:00,OBJ_1006,CL_04,solar,LV,0.8733,1.0048,0.1315,False,negative_capacity
2026-04-02 07:00:00,OBJ_1007,CL_02,wind,EE,4.0524,4.353,0.3006,True,
2026-04-02 07:00:00,OBJ_1008,CL_05,consumer,LT,13.2589,9.5178,3.7411,True,
2026-04-02 07:00:00,OBJ_1009,CL_05,solar,LV,1.1793,1.1781,0.0012,True,
2026-04-02 07:00:00,OBJ_1010,CL_06,wind,EE,5.0856,4.8376,0.248,True,
2026-04-02 07:00:00,OBJ_1011,CL_06,bess,LT,1.1098,1.4458,0.336,True,
2026-04-02 07:00:00,OBJ_1012,CL_07,consumer,LV,12.16,14.9496,2.7896,True,
2026-04-02 07:00:00,OBJ_1014,CL_08,wind,EE,2.4746,2.6706,0.196,True,
2026-04-02 07:15:00,OBJ_1001,CL_01,solar,LV,1.1527,1.1413,0.0114,True,
2026-04-02 07:15:00,OBJ_1002,CL_01,wind,LV,5.7219,6.0484,0.3265,True,
2026-04-02 07:15:00,OBJ_1004,,hydro,LT,,1.1773,,False,missing_client_id|missing_object_metadata|no_actual
2026-04-02 07:15:00,OBJ_1005,CL_03,bess,,0.9978,0.6617,0.3361,True,missing_area
2026-04-02 07:15:00,OBJ_1006,CL_04,solar,LV,1.129,1.0992,0.0298,False,negative_capacity
2026-04-02 07:15:00,OBJ_1007,CL_02,wind,EE,3.5699,3.6927,0.1228,True,
2026-04-02 07:15:00,OBJ_1008,CL_05,consumer,LT,13.1887,14.4875,1.2988,True,
2026-04-02 07:15:00,OBJ_1009,CL_05,solar,LV,1.6209,1.5305,0.0904,True,
2026-04-02 07:15:00,OBJ_1010,CL_06,wind,EE,5.3786,5.1369,0.2417,True,
2026-04-02 07:15:00,OBJ_1011,CL_06,bess,LT,1.3748,1.2115,0.1633,True,
2026-04-02 07:15:00,OBJ_1012,CL_07,consumer,LV,12.8256,17.432,4.6064,True,
2026-04-02 07:15:00,OBJ_1014,CL_08,wind,EE,2.6639,3.2302,0.5663,True,
2026-04-02 07:30:00,OBJ_1001,CL_01,solar,LV,1.4483,1.4109,0.0374,True,
2026-04-02 07:30:00,OBJ_1002,CL_01,wind,LV,6.5358,6.2052,0.3306,True,
2026-04-02 07:30:00,OBJ_1004,,hydro,LT,,1.0036,,False,missing_client_id|missing_object_metadata|no_actual
2026-04-02 07:30:00,OBJ_1005,CL_03,bess,,0.6555,0.6659,0.0104,True,missing_area
2026-04-02 07:30:00,OBJ_1006,CL_04,solar,LV,1.4206,1.289,0.1316,False,negative_capacity
2026-04-02 07:30:00,OBJ_1007,CL_02,wind,EE,4.0655,4.4514,0.3859,True,
2026-04-02 07:30:00,OBJ_1008,CL_05,consumer,LT,9.0236,10.537,1.5134,True,
2026-04-02 07:30:00,OBJ_1009,CL_05,solar,LV,1.708,1.7476,0.0396,True,
2026-04-02 07:30:00,OBJ_1010,CL_06,wind,EE,4.7979,4.478,0.3199,True,
2026-04-02 07:30:00,OBJ_1011,CL_06,bess,LT,1.401,1.3289,0.0721,True,
2026-04-02 07:30:00,OBJ_1012,CL_07,consumer,LV,15.2928,12.5469,2.7459,True,
2026-04-02 07:30:00,OBJ_1014,CL_08,wind,EE,3.0208,3.0993,0.0785,True,
2026-04-02 07:45:00,OBJ_1001,CL_01,solar,LV,1.6001,1.5664,0.0337,True,
2026-04-02 07:45:00,OBJ_1002,CL_01,wind,LV,5.5016,6.158,0.6564,True,
2026-04-02 07:45:00,OBJ_1004,,hydro,LT,,1.3187,,False,missing_client_id|missing_object_metadata|no_actual
2026-04-02 07:45:00,OBJ_1005,CL_03,bess,,0.7152,0.912,0.1968,True,missing_area
2026-04-02 07:45:00,OBJ_1006,CL_04,solar,LV,1.5416,1.6198,0.0782,False,negative_capacity
2026-04-02 07:45:00,OBJ_1007,CL_02,wind,EE,3.5929,3.9775,0.3846,True,
2026-04-02 07:45:00,OBJ_1008,CL_05,consumer,LT,10.8892,9.3537,1.5355,True,
2026-04-02 07:45:00,OBJ_1009,CL_05,solar,LV,2.2251,1.92,0.3051,True,
2026-04-02 07:45:00,OBJ_1010,CL_06,wind,EE,5.0944,4.189,0.9054,True,
2026-04-02 07:45:00,OBJ_1011,CL_06,bess,LT,0.9665,1.0941,0.1276,True,
2026-04-02 07:45:00,OBJ_1012,CL_07,consumer,LV,17.4309,14.3534,3.0775,True,
2026-04-02 07:45:00,OBJ_1014,CL_08,wind,EE,2.9151,2.5726,0.3425,True,
2026-04-02 08:00:00,OBJ_1001,CL_01,solar,LV,1.6644,1.6531,0.0113,True,
2026-04-02 08:00:00,OBJ_1002,CL_01,wind,LV,5.3587,4.289,1.0697,True,
2026-04-02 08:00:00,OBJ_1004,,hydro,LT,,1.0882,,False,missing_client_id|missing_object_metadata|no_actual
2026-04-02 08:00:00,OBJ_1005,CL_03,bess,,0.6968,0.8114,0.1146,True,missing_area
2026-04-02 08:00:00,OBJ_1006,CL_04,solar,LV,1.7017,1.7735,0.0718,False,negative_capacity
2026-04-02 08:00:00,OBJ_1007,CL_02,wind,EE,3.4849,3.7064,0.2215,True,
2026-04-02 08:00:00,OBJ_1008,CL_05,consumer,LT,11.7666,9.2913,2.4753,True,
2026-04-02 08:00:00,OBJ_1009,CL_05,solar,LV,2.3067,2.238,0.0687,True,
2026-04-02 08:00:00,OBJ_1010,CL_06,wind,EE,4.3401,4.2556,0.0845,True,
2026-04-02 08:00:00,OBJ_1011,CL_06,bess,LT,1.2986,1.1011,0.1975,True,
2026-04-02 08:00:00,OBJ_1012,CL_07,consumer,LV,12.5137,14.4523,1.9386,True,
2026-04-02 08:00:00,OBJ_1014,CL_08,wind,EE,2.7769,2.7123,0.0646,True,
2026-04-02 08:15:00,OBJ_1001,CL_01,solar,LV,1.8723,1.84,0.0323,True,
2026-04-02 08:15:00,OBJ_1002,CL_01,wind,LV,5.375,6.09,0.715,True,
2026-04-02 08:15:00,OBJ_1004,,hydro,LT,,1.2952,,False,missing_client_id|missing_object_metadata|no_actual
2026-04-02 08:15:00,OBJ_1005,CL_03,bess,,0.8029,0.8531,0.0502,True,missing_area
2026-04-02 08:15:00,OBJ_1006,CL_04,solar,LV,2.1729,1.8416,0.3313,False,negative_capacity
2026-04-02 08:15:00,OBJ_1007,CL_02,wind,EE,3.6119,3.3418,0.2701,True,
2026-04-02 08:15:00,OBJ_1008,CL_05,consumer,LT,10.757,9.7242,1.0328,True,
2026-04-02 08:15:00,OBJ_1009,CL_05,solar,LV,2.6716,2.4785,0.1931,True,
2026-04-02 08:15:00,OBJ_1010,CL_06,wind,EE,4.6184,5.4282,0.8098,True,
2026-04-02 08:15:00,OBJ_1011,CL_06,bess,LT,1.4886,1.305,0.1836,True,
2026-04-02 08:15:00,OBJ_1012,CL_07,consumer,LV,13.5219,13.4966,0.0253,True,
2026-04-02 08:15:00,OBJ_1014,CL_08,wind,EE,2.1073,2.2947,0.1874,True,
2026-04-02 08:30:00,OBJ_1001,CL_01,solar,LV,2.3182,2.3238,0.0056,True,
2026-04-02 08:30:00,OBJ_1002,CL_01,wind,LV,5.0987,4.4495,0.6492,True,
2026-04-02 08:30:00,OBJ_1004,,hydro,LT,,1.1965,,False,missing_client_id|missing_object_metadata|no_actual
2026-04-02 08:30:00,OBJ_1005,CL_03,bess,,0.8932,0.7998,0.0934,True,missing_area
2026-04-02 08:30:00,OBJ_1006,CL_04,solar,LV,2.2606,2.4774,0.2168,False,negative_capacity
2026-04-02 08:30:00,OBJ_1007,CL_02,wind,EE,3.8327,3.9557,0.123,True,
2026-04-02 08:30:00,OBJ_1008,CL_05,consumer,LT,12.3083,10.2799,2.0284,True,
2026-04-02 08:30:00,OBJ_1009,CL_05,solar,LV,2.8726,2.7843,0.0883,True,
2026-04-02 08:30:00,OBJ_1010,CL_06,wind,EE,3.8672,4.3499,0.4827,True,
2026-04-02 08:30:00,OBJ_1011,CL_06,bess,LT,1.2276,1.3242,0.0966,True,
2026-04-02 08:30:00,OBJ_1012,CL_07,consumer,LV,16.8811,15.6298,1.2513,True,
2026-04-02 08:30:00,OBJ_1014,CL_08,wind,EE,2.2183,2.5079,0.2896,True,
2026-04-02 08:45:00,OBJ_1001,CL_01,solar,LV,2.5178,2.4486,0.0692,True,
2026-04-02 08:45:00,OBJ_1002,CL_01,wind,LV,5.2813,5.1689,0.1124,True,
2026-04-02 08:45:00,OBJ_1004,,hydro,LT,,1.2039,,False,missing_client_id|missing_object_metadata|no_actual
2026-04-02 08:45:00,OBJ_1005,CL_03,bess,,0.8782,0.8032,0.075,True,missing_area
2026-04-02 08:45:00,OBJ_1006,CL_04,solar,LV,2.4602,2.2088,0.2514,False,negative_capacity
2026-04-02 08:45:00,OBJ_1007,CL_02,wind,EE,3.8734,3.5001,0.3733,True,
2026-04-02 08:45:00,OBJ_1008,CL_05,consumer,LT,9.284,11.2781,1.9941,True,
2026-04-02 08:45:00,OBJ_1009,CL_05,solar,LV,3.3555,3.076,0.2795,True,
2026-04-02 08:45:00,OBJ_1010,CL_06,wind,EE,4.3923,3.8704,0.5219,True,
2026-04-02 08:45:00,OBJ_1011,CL_06,bess,LT,1.0761,1.132,0.0559,True,
2026-04-02 08:45:00,OBJ_1012,CL_07,consumer,LV,12.2628,17.6168,5.354,True,
2026-04-02 08:45:00,OBJ_1014,CL_08,wind,EE,2.2354,2.4373,0.2019,True,
2026-04-02 09:00:00,OBJ_1001,CL_01,solar,LV,2.4025,2.3934,0.0091,True,
2026-04-02 09:00:00,OBJ_1002,CL_01,wind,LV,4.8689,3.6478,1.2211,True,
2026-04-02 09:00:00,OBJ_1004,,hydro,LT,,1.3635,,False,missing_client_id|missing_object_metadata|no_actual
2026-04-02 09:00:00,OBJ_1005,CL_03,bess,,0.8062,0.7795,0.0267,True,missing_area
2026-04-02 09:00:00,OBJ_1006,CL_04,solar,LV,2.8011,2.8886,0.0875,False,negative_capacity
2026-04-02 09:00:00,OBJ_1007,CL_02,wind,EE,2.9238,2.5063,0.4175,True,
2026-04-02 09:00:00,OBJ_1008,CL_05,consumer,LT,10.1399,11.7704,1.6305,True,
2026-04-02 09:00:00,OBJ_1009,CL_05,solar,LV,3.6025,4.0949,0.4924,True,
2026-04-02 09:00:00,OBJ_1010,CL_06,wind,EE,3.2917,3.057,0.2347,True,
2026-04-02 09:00:00,OBJ_1011,CL_06,bess,LT,1.1142,1.3234,0.2092,True,
2026-04-02 09:00:00,OBJ_1012,CL_07,consumer,LV,16.685,17.2076,0.5226,True,
2026-04-02 09:00:00,OBJ_1014,CL_08,wind,EE,2.1932,1.7161,0.4771,True,
2026-04-02 09:15:00,OBJ_1001,CL_01,solar,LV,2.6981,2.8317,0.1336,True,
2026-04-02 09:15:00,OBJ_1002,CL_01,wind,LV,3.8676,5.0574,1.1898,True,
2026-04-02 09:15:00,OBJ_1004,,hydro,LT,,1.0643,,False,missing_client_id|missing_object_metadata|no_actual
2026-04-02 09:15:00,OBJ_1005,CL_03,bess,,0.7472,0.5867,0.1605,True,missing_area
2026-04-02 09:15:00,OBJ_1006,CL_04,solar,LV,2.9489,2.7505,0.1984,False,negative_capacity
2026-04-02 09:15:00,OBJ_1007,CL_02,wind,EE,3.0891,2.4266,0.6625,True,
2026-04-02 09:15:00,OBJ_1008,CL_05,consumer,LT,13.0259,12.838,0.1879,True,
2026-04-02 09:15:00,OBJ_1009,CL_05,solar,LV,3.6302,4.0275,0.3973,True,
2026-04-02 09:15:00,OBJ_1010,CL_06,wind,EE,4.0991,3.9845,0.1146,True,
2026-04-02 09:15:00,OBJ_1011,CL_06,bess,LT,1.1977,1.3962,0.1985,True,
2026-04-02 09:15:00,OBJ_1012,CL_07,consumer,LV,14.9851,16.0862,1.1011,True,
2026-04-02 09:15:00,OBJ_1014,CL_08,wind,EE,2.2264,1.7743,0.4521,True,
2026-04-02 09:30:00,OBJ_1001,CL_01,solar,LV,2.9525,3.2206,0.2681,True,
2026-04-02 09:30:00,OBJ_1002,CL_01,wind,LV,4.7052,4.1578,0.5474,True,
2026-04-02 09:30:00,OBJ_1004,,hydro,LT,,0.9957,,False,missing_client_id|missing_object_metadata|no_actual
2026-04-02 09:30:00,OBJ_1005,CL_03,bess,,0.8908,0.8801,0.0107,True,missing_area
2026-04-02 09:30:00,OBJ_1006,CL_04,solar,LV,2.7424,2.7638,0.0214,False,negative_capacity
2026-04-02 09:30:00,OBJ_1007,CL_02,wind,EE,2.9729,2.8616,0.1113,True,
2026-04-02 09:30:00,OBJ_1008,CL_05,consumer,LT,12.7005,11.8495,0.851,True,
2026-04-02 09:30:00,OBJ_1009,CL_05,solar,LV,3.9534,4.3207,0.3673,True,
2026-04-02 09:30:00,OBJ_1010,CL_06,wind,EE,3.426,3.1377,0.2883,True,
2026-04-02 09:30:00,OBJ_1011,CL_06,bess,LT,0.948,1.1698,0.2218,True,
2026-04-02 09:30:00,OBJ_1012,CL_07,consumer,LV,15.9655,17.5385,1.573,True,
2026-04-02 09:30:00,OBJ_1014,CL_08,wind,EE,1.8759,1.9265,0.0506,True,
2026-04-02 09:45:00,OBJ_1001,CL_01,solar,LV,3.1554,3.1149,0.0405,True,
2026-04-02 09:45:00,OBJ_1002,CL_01,wind,LV,4.241,4.2757,0.0347,True,
2026-04-02 09:45:00,OBJ_1004,,hydro,LT,,1.2368,,False,missing_client_id|missing_object_metadata|no_actual
2026-04-02 09:45:00,OBJ_1005,CL_03,bess,,0.8759,0.8123,0.0636,True,missing_area
2026-04-02 09:45:00,OBJ_1006,CL_04,solar,LV,3.029,2.835,0.194,False,negative_capacity
2026-04-02 09:45:00,OBJ_1007,CL_02,wind,EE,2.5106,2.3168,0.1938,True,
2026-04-02 09:45:00,OBJ_1008,CL_05,consumer,LT,12.9152,13.8446,0.9294,True,
2026-04-02 09:45:00,OBJ_1009,CL_05,solar,LV,4.0394,4.1017,0.0623,True,
2026-04-02 09:45:00,OBJ_1010,CL_06,wind,EE,4.1243,3.6664,0.4579,True,
2026-04-02 09:45:00,OBJ_1011,CL_06,bess,LT,1.0647,1.3335,0.2688,True,
2026-04-02 09:45:00,OBJ_1012,CL_07,consumer,LV,17.8802,12.7597,5.1205,True,
2026-04-02 09:45:00,OBJ_1014,CL_08,wind,EE,2.2398,2.0044,0.2354,True,
2026-04-02 10:00:00,OBJ_1001,CL_01,solar,LV,3.0301,3.2231,0.193,True,
2026-04-02 10:00:00,OBJ_1002,CL_01,wind,LV,3.3768,3.8414,0.4646,True,
2026-04-02 10:00:00,OBJ_1004,,hydro,LT,,1.0669,,False,missing_client_id|missing_object_metadata|no_actual
2026-04-02 10:00:00,OBJ_1005,CL_03,bess,,-0.9453,-0.9191,0.0262,True,missing_area
2026-04-02 10:00:00,OBJ_1006,CL_04,solar,LV,3.4133,3.1464,0.2669,False,negative_capacity
2026-04-02 10:00:00,OBJ_1007,CL_02,wind,EE,2.2771,2.0398,0.2373,True,
2026-04-02 10:00:00,OBJ_1008,CL_05,consumer,LT,13.2876,8.2669,5.0207,True,
2026-04-02 10:00:00,OBJ_1009,CL_05,solar,LV,4.0878,4.0232,0.0646,True,
2026-04-02 10:00:00,OBJ_1010,CL_06,wind,EE,2.7908,2.9556,0.1648,True,
2026-04-02 10:00:00,OBJ_1011,CL_06,bess,LT,-1.6688,-1.1345,0.5343,True,
2026-04-02 10:00:00,OBJ_1012,CL_07,consumer,LV,12.2088,13.0538,0.845,True,
2026-04-02 10:00:00,OBJ_1014,CL_08,wind,EE,1.305,1.7301,0.4251,True,
2026-04-02 10:15:00,OBJ_1001,CL_01,solar,LV,3.5481,3.6479,0.0998,True,
2026-04-02 10:15:00,OBJ_1002,CL_01,wind,LV,3.125,3.616,0.491,True,
2026-04-02 10:15:00,OBJ_1004,,hydro,LT,,1.2298,,False,missing_client_id|missing_object_metadata|no_actual
2026-04-02 10:15:00,OBJ_1005,CL_03,bess,,-0.9531,-1.1304,0.1773,True,missing_area
2026-04-02 10:15:00,OBJ_1006,CL_04,solar,LV,3.4318,3.487,0.0552,False,negative_capacity
2026-04-02 10:15:00,OBJ_1007,CL_02,wind,EE,2.2311,1.8405,0.3906,True,
2026-04-02 10:15:00,OBJ_1008,CL_05,consumer,LT,12.0558,11.5245,0.5313,True,
2026-04-02 10:15:00,OBJ_1009,CL_05,solar,LV,4.8558,3.836,1.0198,True,
2026-04-02 10:15:00,OBJ_1010,CL_06,wind,EE,2.6086,2.4029,0.2057,True,
2026-04-02 10:15:00,OBJ_1011,CL_06,bess,LT,-1.6579,-1.3116,0.3463,True,
2026-04-02 10:15:00,OBJ_1012,CL_07,consumer,LV,15.4435,15.6956,0.2521,True,
2026-04-02 10:15:00,OBJ_1014,CL_08,wind,EE,1.5017,1.5035,0.0018,True,
2026-04-02 10:30:00,OBJ_1001,CL_01,solar,LV,3.4662,3.3932,0.073,True,
2026-04-02 10:30:00,OBJ_1002,CL_01,wind,LV,3.3879,2.9809,0.407,True,
2026-04-02 10:30:00,OBJ_1004,,hydro,LT,,1.0243,,False,missing_client_id|missing_object_metadata|no_actual
2026-04-02 10:30:00,OBJ_1005,CL_03,bess,,-0.8998,-1.2323,0.3325,True,missing_area
2026-04-02 10:30:00,OBJ_1006,CL_04,solar,LV,3.3036,3.9565,0.6529,False,negative_capacity
2026-04-02 10:30:00,OBJ_1007,CL_02,wind,EE,2.3119,2.5987,0.2868,True,
2026-04-02 10:30:00,OBJ_1008,CL_05,consumer,LT,11.2457,8.9792,2.2665,True,
2026-04-02 10:30:00,OBJ_1009,CL_05,solar,LV,4.6132,4.9353,0.3221,True,
2026-04-02 10:30:00,OBJ_1010,CL_06,wind,EE,2.7553,3.2697,0.5144,True,
2026-04-02 10:30:00,OBJ_1011,CL_06,bess,LT,-1.3571,-1.2495,0.1076,True,
2026-04-02 10:30:00,OBJ_1012,CL_07,consumer,LV,13.5617,15.1975,1.6358,True,
2026-04-02 10:30:00,OBJ_1014,CL_08,wind,EE,1.4663,1.5557,0.0894,True,
2026-04-02 10:45:00,OBJ_1001,CL_01,solar,LV,3.9364,3.6261,0.3103,True,
2026-04-02 10:45:00,OBJ_1002,CL_01,wind,LV,3.0501,3.7631,0.713,True,
2026-04-02 10:45:00,OBJ_1004,,hydro,LT,,1.0174,,False,missing_client_id|missing_object_metadata|no_actual
2026-04-02 10:45:00,OBJ_1005,CL_03,bess,,-1.1666,-0.9783,0.1883,True,missing_area
2026-04-02 10:45:00,OBJ_1006,CL_04,solar,LV,3.6379,4.2347,0.5968,False,negative_capacity
2026-04-02 10:45:00,OBJ_1007,CL_02,wind,EE,1.9325,2.1145,0.182,True,
2026-04-02 10:45:00,OBJ_1008,CL_05,consumer,LT,12.8377,11.4075,1.4302,True,
2026-04-02 10:45:00,OBJ_1009,CL_05,solar,LV,4.8197,4.6223,0.1974,True,
2026-04-02 10:45:00,OBJ_1010,CL_06,wind,EE,3.016,2.488,0.528,True,
2026-04-02 10:45:00,OBJ_1011,CL_06,bess,LT,-1.4671,-1.6001,0.133,True,
2026-04-02 10:45:00,OBJ_1012,CL_07,consumer,LV,12.5267,15.921,3.3943,True,
2026-04-02 10:45:00,OBJ_1014,CL_08,wind,EE,1.5666,1.4585,0.1081,True,
2026-04-02 11:00:00,OBJ_1001,CL_01,solar,LV,3.9604,3.6475,0.3129,True,
2026-04-02 11:00:00,OBJ_1002,CL_01,wind,LV,3.9276,3.4184,0.5092,True,
2026-04-02 11:00:00,OBJ_1004,,hydro,LT,,1.2592,,False,missing_client_id|missing_object_metadata|no_actual
2026-04-02 11:00:00,OBJ_1005,CL_03,bess,,-0.939,-1.1321,0.1931,True,missing_area
2026-04-02 11:00:00,OBJ_1006,CL_04,solar,LV,3.4857,4.1835,0.6978,False,negative_capacity
2026-04-02 11:00:00,OBJ_1007,CL_02,wind,EE,2.7939,2.4566,0.3373,True,
2026-04-02 11:00:00,OBJ_1008,CL_05,consumer,LT,13.011,12.89,0.121,True,
2026-04-02 11:00:00,OBJ_1009,CL_05,solar,LV,5.2853,5.2657,0.0196,True,
2026-04-02 11:00:00,OBJ_1010,CL_06,wind,EE,3.6597,2.9912,0.6685,True,
2026-04-02 11:00:00,OBJ_1011,CL_06,bess,LT,-1.7564,-1.522,0.2344,True,
2026-04-02 11:00:00,OBJ_1012,CL_07,consumer,LV,15.8262,15.0201,0.8061,True,
2026-04-02 11:00:00,OBJ_1014,CL_08,wind,EE,2.0572,1.6915,0.3657,True,
2026-04-02 11:15:00,OBJ_1001,CL_01,solar,LV,3.8511,3.6587,0.1924,True,
2026-04-02 11:15:00,OBJ_1002,CL_01,wind,LV,3.693,4.1909,0.4979,True,
2026-04-02 11:15:00,OBJ_1004,,hydro,LT,,0.9475,,False,missing_client_id|missing_object_metadata|no_actual
2026-04-02 11:15:00,OBJ_1005,CL_03,bess,,-0.8804,-0.8023,0.0781,True,missing_area
2026-04-02 11:15:00,OBJ_1006,CL_04,solar,LV,3.6204,3.4372,0.1832,False,negative_capacity
2026-04-02 11:15:00,OBJ_1007,CL_02,wind,EE,2.9897,2.5334,0.4563,True,
2026-04-02 11:15:00,OBJ_1008,CL_05,consumer,LT,9.1183,11.4514,2.3331,True,
2026-04-02 11:15:00,OBJ_1009,CL_05,solar,LV,5.1724,4.7351,0.4373,True,
2026-04-02 11:15:00,OBJ_1010,CL_06,wind,EE,3.3216,3.7901,0.4685,True,
2026-04-02 11:15:00,OBJ_1011,CL_06,bess,LT,-1.6822,-1.5481,0.1341,True,
2026-04-02 11:15:00,OBJ_1012,CL_07,consumer,LV,15.3099,15.0886,0.2213,True,
2026-04-02 11:15:00,OBJ_1014,CL_08,wind,EE,1.9587,1.7067,0.252,True,
2026-04-02 11:30:00,OBJ_1001,CL_01,solar,LV,3.6653,3.7345,0.0692,True,
2026-04-02 11:30:00,OBJ_1002,CL_01,wind,LV,3.9154,3.6617,0.2537,True,
2026-04-02 11:30:00,OBJ_1004,,hydro,LT,,1.1969,,False,missing_client_id|missing_object_metadata|no_actual
2026-04-02 11:30:00,OBJ_1005,CL_03,bess,,-1.1998,-1.0563,0.1435,True,missing_area
2026-04-02 11:30:00,OBJ_1006,CL_04,solar,LV,4.0684,4.0647,0.0037,False,negative_capacity
2026-04-02 11:30:00,OBJ_1007,CL_02,wind,EE,2.7809,2.6068,0.1741,True,
2026-04-02 11:30:00,OBJ_1008,CL_05,consumer,LT,12.4612,9.8113,2.6499,True,
2026-04-02 11:30:00,OBJ_1009,CL_05,solar,LV,5.5132,5.3493,0.1639,True,
2026-04-02 11:30:00,OBJ_1010,CL_06,wind,EE,3.0306,2.9738,0.0568,True,
2026-04-02 11:30:00,OBJ_1011,CL_06,bess,LT,-1.7834,-1.8567,0.0733,True,
2026-04-02 11:30:00,OBJ_1012,CL_07,consumer,LV,15.854,13.1235,2.7305,True,
2026-04-02 11:30:00,OBJ_1014,CL_08,wind,EE,1.8708,2.2014,0.3306,True,
2026-04-02 11:45:00,OBJ_1001,CL_01,solar,LV,4.1166,3.869,0.2476,True,
2026-04-02 11:45:00,OBJ_1002,CL_01,wind,LV,3.957,4.24,0.283,True,
2026-04-02 11:45:00,OBJ_1004,,hydro,LT,,1.0081,,False,missing_client_id|missing_object_metadata|no_actual
2026-04-02 11:45:00,OBJ_1005,CL_03,bess,,-1.1512,-0.939,0.2122,True,missing_area
2026-04-02 11:45:00,OBJ_1006,CL_04,solar,LV,4.1816,3.6156,0.566,False,negative_capacity
2026-04-02 11:45:00,OBJ_1007,CL_02,wind,EE,2.8709,2.5766,0.2943,True,
2026-04-02 11:45:00,OBJ_1008,CL_05,consumer,LT,9.8188,9.2098,0.609,True,
2026-04-02 11:45:00,OBJ_1009,CL_05,solar,LV,5.7363,5.3908,0.3455,True,
2026-04-02 11:45:00,OBJ_1010,CL_06,wind,EE,3.3844,2.9786,0.4058,True,
2026-04-02 11:45:00,OBJ_1011,CL_06,bess,LT,-1.7464,-1.1911,0.5553,True,
2026-04-02 11:45:00,OBJ_1012,CL_07,consumer,LV,12.3325,13.0545,0.722,True,
2026-04-02 11:45:00,OBJ_1014,CL_08,wind,EE,1.6942,2.02,0.3258,True,
2026-04-02 12:00:00,OBJ_1001,CL_01,solar,LV,-0.2,3.8382,4.0382,False,negative_actual_invalid_type
2026-04-02 12:00:00,OBJ_1002,CL_01,wind,LV,4.6689,4.9292,0.2603,True,
2026-04-02 12:00:00,OBJ_1004,,hydro,LT,,1.216,,False,missing_client_id|missing_object_metadata|no_actual
2026-04-02 12:00:00,OBJ_1005,CL_03,bess,,-0.9291,-0.9037,0.0254,True,missing_area
2026-04-02 12:00:00,OBJ_1006,CL_04,solar,LV,4.1959,3.6453,0.5506,False,negative_capacity
2026-04-02 12:00:00,OBJ_1007,CL_02,wind,EE,3.2909,4.1121,0.8212,True,
2026-04-02 12:00:00,OBJ_1008,CL_05,consumer,LT,13.2341,13.3149,0.0808,True,
2026-04-02 12:00:00,OBJ_1009,CL_05,solar,LV,5.7574,5.1333,0.6241,True,
2026-04-02 12:00:00,OBJ_1010,CL_06,wind,EE,4.7283,3.8201,0.9082,True,
2026-04-02 12:00:00,OBJ_1011,CL_06,bess,LT,-1.3504,-1.5507,0.2003,True,
2026-04-02 12:00:00,OBJ_1012,CL_07,consumer,LV,15.8103,17.3915,1.5812,True,
2026-04-02 12:00:00,OBJ_1014,CL_08,wind,EE,2.401,2.1657,0.2353,True,
2026-04-02 12:15:00,OBJ_1001,CL_01,solar,LV,3.8543,4.39,0.5357,True,
2026-04-02 12:15:00,OBJ_1002,CL_01,wind,LV,4.8727,4.1775,0.6952,True,
2026-04-02 12:15:00,OBJ_1004,,hydro,LT,,1.0134,,False,missing_client_id|missing_object_metadata|no_actual
2026-04-02 12:15:00,OBJ_1005,CL_03,bess,,-1.0134,-0.9825,0.0309,True,missing_area
2026-04-02 12:15:00,OBJ_1006,CL_04,solar,LV,4.1054,4.5667,0.4613,False,negative_capacity
2026-04-02 12:15:00,OBJ_1007,CL_02,wind,EE,3.1165,2.9976,0.1189,True,
2026-04-02 12:15:00,OBJ_1008,CL_05,consumer,LT,13.2372,11.1999,2.0373,True,
2026-04-02 12:15:00,OBJ_1009,CL_05,solar,LV,5.1648,6.2246,1.0598,True,
2026-04-02 12:15:00,OBJ_1010,CL_06,wind,EE,4.4981,4.7289,0.2308,True,
2026-04-02 12:15:00,OBJ_1011,CL_06,bess,LT,-1.6324,-1.5725,0.0599,True,
2026-04-02 12:15:00,OBJ_1012,CL_07,consumer,LV,15.6308,16.4373,0.8065,True,
2026-04-02 12:15:00,OBJ_1014,CL_08,wind,EE,2.5983,2.6658,0.0675,True,
2026-04-02 12:30:00,OBJ_1001,CL_01,solar,LV,4.179,3.9907,0.1883,True,
2026-04-02 12:30:00,OBJ_1002,CL_01,wind,LV,5.6434,5.1499,0.4935,True,
2026-04-02 12:30:00,OBJ_1004,,hydro,LT,,1.0573,,False,missing_client_id|missing_object_metadata|no_actual
2026-04-02 12:30:00,OBJ_1005,CL_03,bess,,-0.8113,-1.2244,0.4131,True,missing_area
2026-04-02 12:30:00,OBJ_1006,CL_04,solar,LV,3.8314,4.503,0.6716,False,negative_capacity
2026-04-02 12:30:00,OBJ_1007,CL_02,wind,EE,3.5815,3.6124,0.0309,True,
2026-04-02 12:30:00,OBJ_1008,CL_05,consumer,LT,11.5955,9.5502,2.0453,True,
2026-04-02 12:30:00,OBJ_1009,CL_05,solar,LV,5.6503,5.7377,0.0874,True,
2026-04-02 12:30:00,OBJ_1010,CL_06,wind,EE,4.6312,5.0375,0.4063,True,
2026-04-02 12:30:00,OBJ_1011,CL_06,bess,LT,-1.45,-1.4857,0.0357,True,
2026-04-02 12:30:00,OBJ_1012,CL_07,consumer,LV,15.8339,12.4861,3.3478,True,
2026-04-02 12:30:00,OBJ_1014,CL_08,wind,EE,2.3653,2.073,0.2923,True,
2026-04-02 12:45:00,OBJ_1001,CL_01,solar,LV,4.2417,4.2642,0.0225,True,
2026-04-02 12:45:00,OBJ_1002,CL_01,wind,LV,4.8533,6.4436,1.5903,True,
2026-04-02 12:45:00,OBJ_1004,,hydro,LT,,1.1185,,False,missing_client_id|missing_object_metadata|no_actual
2026-04-02 12:45:00,OBJ_1005,CL_03,bess,,-1.1827,-1.0925,0.0902,True,missing_area
2026-04-02 12:45:00,OBJ_1006,CL_04,solar,LV,4.1445,4.8325,0.688,False,negative_capacity
2026-04-02 12:45:00,OBJ_1007,CL_02,wind,EE,3.7421,3.8971,0.155,True,
2026-04-02 12:45:00,OBJ_1008,CL_05,consumer,LT,12.0825,10.1817,1.9008,True,
2026-04-02 12:45:00,OBJ_1009,CL_05,solar,LV,5.3592,5.5902,0.231,True,
2026-04-02 12:45:00,OBJ_1010,CL_06,wind,EE,3.778,4.4714,0.6934,True,
2026-04-02 12:45:00,OBJ_1011,CL_06,bess,LT,-1.2359,-1.5451,0.3092,True,
2026-04-02 12:45:00,OBJ_1012,CL_07,consumer,LV,14.6376,12.7255,1.9121,True,
2026-04-02 12:45:00,OBJ_1014,CL_08,wind,EE,2.356,2.8794,0.5234,True,
2026-04-02 13:00:00,OBJ_1001,CL_01,solar,LV,3.9627,4.2218,0.2591,True,
2026-04-02 13:00:00,OBJ_1002,CL_01,wind,LV,6.2333,5.5905,0.6428,True,
2026-04-02 13:00:00,OBJ_1004,,hydro,LT,,1.1484,,False,missing_client_id|missing_object_metadata|no_actual
2026-04-02 13:00:00,OBJ_1005,CL_03,bess,,-0.925,-1.093,0.168,True,missing_area
2026-04-02 13:00:00,OBJ_1006,CL_04,solar,LV,4.3099,3.6191,0.6908,False,negative_capacity
2026-04-02 13:00:00,OBJ_1007,CL_02,wind,EE,4.3025,3.9442,0.3583,True,
2026-04-02 13:00:00,OBJ_1008,CL_05,consumer,LT,12.8735,12.1309,0.7426,True,
2026-04-02 13:00:00,OBJ_1009,CL_05,solar,LV,5.9778,6.0858,0.108,True,
2026-04-02 13:00:00,OBJ_1010,CL_06,wind,EE,4.509,4.7928,0.2838,True,
2026-04-02 13:00:00,OBJ_1011,CL_06,bess,LT,-1.4223,-1.6179,0.1956,True,
2026-04-02 13:00:00,OBJ_1012,CL_07,consumer,LV,15.3699,11.8455,3.5244,True,
2026-04-02 13:00:00,OBJ_1014,CL_08,wind,EE,2.6291,2.6548,0.0257,True,
2026-04-02 13:15:00,OBJ_1001,CL_01,solar,LV,4.1334,3.7334,0.4,True,
2026-04-02 13:15:00,OBJ_1002,CL_01,wind,LV,5.6471,5.8972,0.2501,True,
2026-04-02 13:15:00,OBJ_1004,,hydro,LT,,0.9752,,False,missing_client_id|missing_object_metadata|no_actual
2026-04-02 13:15:00,OBJ_1005,CL_03,bess,,-0.8992,-0.9278,0.0286,True,missing_area
2026-04-02 13:15:00,OBJ_1006,CL_04,solar,LV,3.8842,3.8606,0.0236,False,negative_capacity
2026-04-02 13:15:00,OBJ_1007,CL_02,wind,EE,3.7909,4.451,0.6601,True,
2026-04-02 13:15:00,OBJ_1008,CL_05,consumer,LT,10.7287,9.1015,1.6272,True,
2026-04-02 13:15:00,OBJ_1009,CL_05,solar,LV,5.6449,6.1492,0.5043,True,
2026-04-02 13:15:00,OBJ_1010,CL_06,wind,EE,4.6782,4.96,0.2818,True,
2026-04-02 13:15:00,OBJ_1011,CL_06,bess,LT,-1.7192,-1.7827,0.0635,True,
2026-04-02 13:15:00,OBJ_1012,CL_07,consumer,LV,12.9582,16.8471,3.8889,True,
2026-04-02 13:15:00,OBJ_1014,CL_08,wind,EE,2.6357,2.9314,0.2957,True,
2026-04-02 13:30:00,OBJ_1001,CL_01,solar,LV,4.1884,3.7128,0.4756,True,
2026-04-02 13:30:00,OBJ_1002,CL_01,wind,LV,5.7253,5.1843,0.541,True,
2026-04-02 13:30:00,OBJ_1004,,hydro,LT,,1.3387,,False,missing_client_id|missing_object_metadata|no_actual
2026-04-02 13:30:00,OBJ_1005,CL_03,bess,,-1.1052,-0.8949,0.2103,True,missing_area
2026-04-02 13:30:00,OBJ_1006,CL_04,solar,LV,4.1352,4.0378,0.0974,False,negative_capacity
2026-04-02 13:30:00,OBJ_1007,CL_02,wind,EE,4.0496,3.9943,0.0553,True,
2026-04-02 13:30:00,OBJ_1008,CL_05,consumer,LT,11.2444,8.9512,2.2932,True,
2026-04-02 13:30:00,OBJ_1009,CL_05,solar,LV,5.3439,5.7844,0.4405,True,
2026-04-02 13:30:00,OBJ_1010,CL_06,wind,EE,4.3541,5.4762,1.1221,True,
2026-04-02 13:30:00,OBJ_1011,CL_06,bess,LT,-1.7671,-1.4358,0.3313,True,
2026-04-02 13:30:00,OBJ_1012,CL_07,consumer,LV,15.0327,14.9955,0.0372,True,
2026-04-02 13:30:00,OBJ_1014,CL_08,wind,EE,3.1421,2.9471,0.195,True,
2026-04-02 13:45:00,OBJ_1001,CL_01,solar,LV,3.9141,4.4186,0.5045,True,
2026-04-02 13:45:00,OBJ_1002,CL_01,wind,LV,5.7947,6.6389,0.8442,True,
2026-04-02 13:45:00,OBJ_1004,,hydro,LT,,1.1398,,False,missing_client_id|missing_object_metadata|no_actual
2026-04-02 13:45:00,OBJ_1005,CL_03,bess,,-0.8202,-0.9186,0.0984,True,missing_area
2026-04-02 13:45:00,OBJ_1006,CL_04,solar,LV,4.1003,3.8605,0.2398,False,negative_capacity
2026-04-02 13:45:00,OBJ_1007,CL_02,wind,EE,4.4732,4.4948,0.0216,True,
2026-04-02 13:45:00,OBJ_1008,CL_05,consumer,LT,11.9442,13.105,1.1608,True,
2026-04-02 13:45:00,OBJ_1009,CL_05,solar,LV,5.4455,5.1267,0.3188,True,
2026-04-02 13:45:00,OBJ_1010,CL_06,wind,EE,5.0936,6.0987,1.0051,True,
2026-04-02 13:45:00,OBJ_1011,CL_06,bess,LT,-1.7083,-1.4446,0.2637,True,
2026-04-02 13:45:00,OBJ_1012,CL_07,consumer,LV,14.5856,17.3349,2.7493,True,
2026-04-02 13:45:00,OBJ_1014,CL_08,wind,EE,3.0754,3.4393,0.3639,True,
2026-04-02 14:00:00,OBJ_1001,CL_01,solar,LV,4.2079,4.4085,0.2006,True,
2026-04-02 14:00:00,OBJ_1002,CL_01,wind,LV,7.2446,7.1139,0.1307,True,
2026-04-02 14:00:00,OBJ_1004,,hydro,LT,,1.0557,,False,missing_client_id|missing_object_metadata|no_actual
2026-04-02 14:00:00,OBJ_1005,CL_03,bess,,-0.9464,-0.8546,0.0918,True,missing_area
2026-04-02 14:00:00,OBJ_1006,CL_04,solar,LV,3.9927,4.004,0.0113,False,negative_capacity
2026-04-02 14:00:00,OBJ_1007,CL_02,wind,EE,4.5813,4.941,0.3597,True,
2026-04-02 14:00:00,OBJ_1008,CL_05,consumer,LT,9.8759,9.3937,0.4822,True,
2026-04-02 14:00:00,OBJ_1009,CL_05,solar,LV,5.4575,5.3246,0.1329,True,
2026-04-02 14:00:00,OBJ_1010,CL_06,wind,EE,4.9299,6.1793,1.2494,True,
2026-04-02 14:00:00,OBJ_1011,CL_06,bess,LT,-1.5026,-1.3621,0.1405,True,
2026-04-02 14:00:00,OBJ_1012,CL_07,consumer,LV,16.5864,14.725,1.8614,True,
2026-04-02 14:00:00,OBJ_1014,CL_08,wind,EE,2.8933,3.4673,0.574,True,
2026-04-02 14:15:00,OBJ_1001,CL_01,solar,LV,4.3171,4.1598,0.1573,True,
2026-04-02 14:15:00,OBJ_1002,CL_01,wind,LV,7.084,7.2192,0.1352,True,
2026-04-02 14:15:00,OBJ_1004,,hydro,LT,,1.1367,,False,missing_client_id|missing_object_metadata|no_actual
2026-04-02 14:15:00,OBJ_1005,CL_03,bess,,-0.8475,-1.014,0.1665,True,missing_area
2026-04-02 14:15:00,OBJ_1006,CL_04,solar,LV,4.308,3.8723,0.4357,False,negative_capacity
2026-04-02 14:15:00,OBJ_1007,CL_02,wind,EE,4.355,4.2513,0.1037,True,
2026-04-02 14:15:00,OBJ_1008,CL_05,consumer,LT,12.577,10.4901,2.0869,True,
2026-04-02 14:15:00,OBJ_1009,CL_05,solar,LV,5.1939,5.6684,0.4745,True,
2026-04-02 14:15:00,OBJ_1010,CL_06,wind,EE,6.318,6.0647,0.2533,True,
2026-04-02 14:15:00,OBJ_1011,CL_06,bess,LT,-1.653,-1.9058,0.2528,True,
2026-04-02 14:15:00,OBJ_1012,CL_07,consumer,LV,13.1943,11.5566,1.6377,True,
2026-04-02 14:15:00,OBJ_1014,CL_08,wind,EE,3.0957,2.8913,0.2044,True,
2026-04-02 14:30:00,OBJ_1001,CL_01,solar,LV,3.929,3.8602,0.0688,True,
2026-04-02 14:30:00,OBJ_1002,CL_01,wind,LV,5.8615,7.0375,1.176,True,
2026-04-02 14:30:00,OBJ_1004,,hydro,LT,,1.1994,,False,missing_client_id|missing_object_metadata|no_actual
2026-04-02 14:30:00,OBJ_1005,CL_03,bess,,-0.8548,-1.0541,0.1993,True,missing_area
2026-04-02 14:30:00,OBJ_1006,CL_04,solar,LV,3.8225,4.2621,0.4396,False,negative_capacity
2026-04-02 14:30:00,OBJ_1007,CL_02,wind,EE,4.4575,4.6577,0.2002,True,
2026-04-02 14:30:00,OBJ_1008,CL_05,consumer,LT,11.0564,12.6249,1.5685,True,
2026-04-02 14:30:00,OBJ_1009,CL_05,solar,LV,5.3288,5.2611,0.0677,True,
2026-04-02 14:30:00,OBJ_1010,CL_06,wind,EE,5.6388,6.1473,0.5085,True,
2026-04-02 14:30:00,OBJ_1011,CL_06,bess,LT,-1.3968,-1.6642,0.2674,True,
2026-04-02 14:30:00,OBJ_1012,CL_07,consumer,LV,15.6784,17.9535,2.2751,True,
2026-04-02 14:30:00,OBJ_1014,CL_08,wind,EE,2.7899,3.6717,0.8818,True,
2026-04-02 14:45:00,OBJ_1001,CL_01,solar,LV,4.1516,3.6714,0.4802,True,
2026-04-02 14:45:00,OBJ_1002,CL_01,wind,LV,7.1974,6.7709,0.4265,True,
2026-04-02 14:45:00,OBJ_1004,,hydro,LT,,1.1503,,False,missing_client_id|missing_object_metadata|no_actual
2026-04-02 14:45:00,OBJ_1005,CL_03,bess,,-0.9197,-1.2562,0.3365,True,missing_area
2026-04-02 14:45:00,OBJ_1006,CL_04,solar,LV,3.7436,3.5616,0.182,False,negative_capacity
2026-04-02 14:45:00,OBJ_1007,CL_02,wind,EE,4.9124,4.5473,0.3651,True,
2026-04-02 14:45:00,OBJ_1008,CL_05,consumer,LT,11.3955,9.6479,1.7476,True,
2026-04-02 14:45:00,OBJ_1009,CL_05,solar,LV,5.3011,5.4314,0.1303,True,
2026-04-02 14:45:00,OBJ_1010,CL_06,wind,EE,5.2928,5.7818,0.489,True,
2026-04-02 14:45:00,OBJ_1011,CL_06,bess,LT,-1.6894,-1.321,0.3684,True,
2026-04-02 14:45:00,OBJ_1012,CL_07,consumer,LV,14.2101,14.7426,0.5325,True,
2026-04-02 14:45:00,OBJ_1014,CL_08,wind,EE,3.241,2.7251,0.5159,True,
2026-04-02 15:00:00,OBJ_1001,CL_01,solar,LV,4.0421,3.9561,0.086,True,
2026-04-02 15:00:00,OBJ_1002,CL_01,wind,LV,7.3518,7.9044,0.5526,True,
2026-04-02 15:00:00,OBJ_1004,,hydro,LT,,0.9299,,False,missing_client_id|missing_object_metadata|no_actual
2026-04-02 15:00:00,OBJ_1005,CL_03,bess,,0.9187,0.8739,0.0448,True,missing_area
2026-04-02 15:00:00,OBJ_1006,CL_04,solar,LV,3.8873,3.3911,0.4962,False,negative_capacity
2026-04-02 15:00:00,OBJ_1007,CL_02,wind,EE,5.0439,4.6044,0.4395,True,
2026-04-02 15:00:00,OBJ_1008,CL_05,consumer,LT,9.1199,8.8382,0.2817,True,
2026-04-02 15:00:00,OBJ_1009,CL_05,solar,LV,4.9798,4.9535,0.0263,True,
2026-04-02 15:00:00,OBJ_1010,CL_06,wind,EE,6.7819,6.9676,0.1857,True,
2026-04-02 15:00:00,OBJ_1011,CL_06,bess,LT,1.3697,1.3068,0.0629,True,
2026-04-02 15:00:00,OBJ_1012,CL_07,consumer,LV,16.657,12.8008,3.8562,True,
2026-04-02 15:00:00,OBJ_1014,CL_08,wind,EE,3.3639,3.2988,0.0651,True,
2026-04-02 15:15:00,OBJ_1001,CL_01,solar,LV,3.7739,3.7453,0.0286,True,
2026-04-02 15:15:00,OBJ_1002,CL_01,wind,LV,7.3515,8.2662,0.9147,True,
2026-04-02 15:15:00,OBJ_1004,,hydro,LT,,0.9596,,False,missing_client_id|missing_object_metadata|no_actual
2026-04-02 15:15:00,OBJ_1005,CL_03,bess,,0.6682,0.6387,0.0295,True,missing_area
2026-04-02 15:15:00,OBJ_1006,CL_04,solar,LV,3.7193,4.0344,0.3151,False,negative_capacity
2026-04-02 15:15:00,OBJ_1007,CL_02,wind,EE,4.9505,4.8425,0.108,True,
2026-04-02 15:15:00,OBJ_1008,CL_05,consumer,LT,12.7853,11.2722,1.5131,True,
2026-04-02 15:15:00,OBJ_1009,CL_05,solar,LV,4.58,4.9306,0.3506,True,
2026-04-02 15:15:00,OBJ_1010,CL_06,wind,EE,6.2924,6.7616,0.4692,True,
2026-04-02 15:15:00,OBJ_1011,CL_06,bess,LT,0.9189,1.0729,0.154,True,
2026-04-02 15:15:00,OBJ_1012,CL_07,consumer,LV,17.6892,11.2837,6.4055,True,
2026-04-02 15:15:00,OBJ_1014,CL_08,wind,EE,2.9241,4.0217,1.0976,True,
2026-04-02 15:30:00,OBJ_1001,CL_01,solar,LV,3.2495,3.5842,0.3347,True,
2026-04-02 15:30:00,OBJ_1002,CL_01,wind,LV,6.7979,5.9472,0.8507,True,
2026-04-02 15:30:00,OBJ_1004,,hydro,LT,,1.0223,,False,missing_client_id|missing_object_metadata|no_actual
2026-04-02 15:30:00,OBJ_1005,CL_03,bess,,0.6606,0.6598,0.0008,True,missing_area
2026-04-02 15:30:00,OBJ_1006,CL_04,solar,LV,3.6334,3.5092,0.1242,False,negative_capacity
2026-04-02 15:30:00,OBJ_1007,CL_02,wind,EE,4.6642,5.0387,0.3745,True,
2026-04-02 15:30:00,OBJ_1008,CL_05,consumer,LT,12.4874,10.0116,2.4758,True,
2026-04-02 15:30:00,OBJ_1009,CL_05,solar,LV,5.0198,4.6211,0.3987,True,
2026-04-02 15:30:00,OBJ_1010,CL_06,wind,EE,6.6208,5.8392,0.7816,True,
2026-04-02 15:30:00,OBJ_1011,CL_06,bess,LT,1.3415,1.2417,0.0998,True,
2026-04-02 15:30:00,OBJ_1012,CL_07,consumer,LV,12.3737,15.6461,3.2724,True,
2026-04-02 15:30:00,OBJ_1014,CL_08,wind,EE,2.9506,3.7876,0.837,True,
2026-04-02 15:45:00,OBJ_1001,CL_01,solar,LV,3.2337,3.713,0.4793,True,
2026-04-02 15:45:00,OBJ_1002,CL_01,wind,LV,6.8212,6.1938,0.6274,True,
2026-04-02 15:45:00,OBJ_1004,,hydro,LT,,1.0855,,False,missing_client_id|missing_object_metadata|no_actual
2026-04-02 15:45:00,OBJ_1005,CL_03,bess,,0.8649,0.8118,0.0531,True,missing_area
2026-04-02 15:45:00,OBJ_1006,CL_04,solar,LV,3.4088,3.1083,0.3005,False,negative_capacity
2026-04-02 15:45:00,OBJ_1007,CL_02,wind,EE,4.532,4.58,0.048,True,
2026-04-02 15:45:00,OBJ_1008,CL_05,consumer,LT,9.7793,9.7498,0.0295,True,
2026-04-02 15:45:00,OBJ_1009,CL_05,solar,LV,4.8289,4.5692,0.2597,True,
2026-04-02 15:45:00,OBJ_1010,CL_06,wind,EE,5.7139,6.0647,0.3508,True,
2026-04-02 15:45:00,OBJ_1011,CL_06,bess,LT,1.1126,1.2081,0.0955,True,
2026-04-02 15:45:00,OBJ_1012,CL_07,consumer,LV,16.6319,11.2968,5.3351,True,
2026-04-02 15:45:00,OBJ_1014,CL_08,wind,EE,3.4986,2.8067,0.6919,True,
2026-04-02 16:00:00,OBJ_1001,CL_01,solar,LV,3.33,2.8431,0.4869,True,
2026-04-02 16:00:00,OBJ_1002,CL_01,wind,LV,7.7547,8.0223,0.2676,True,
2026-04-02 16:00:00,OBJ_1004,,hydro,LT,,1.1228,,False,missing_client_id|missing_object_metadata|no_actual
2026-04-02 16:00:00,OBJ_1005,CL_03,bess,,0.844,0.8354,0.0086,True,missing_area
2026-04-02 16:00:00,OBJ_1006,CL_04,solar,LV,3.092,3.5081,0.4161,False,negative_capacity
2026-04-02 16:00:00,OBJ_1007,CL_02,wind,EE,4.5444,5.216,0.6716,True,
2026-04-02 16:00:00,OBJ_1008,CL_05,consumer,LT,11.5114,10.5749,0.9365,True,
2026-04-02 16:00:00,OBJ_1009,CL_05,solar,LV,4.1456,4.9071,0.7615,True,
2026-04-02 16:00:00,OBJ_1010,CL_06,wind,EE,6.9515,5.7475,1.204,True,
2026-04-02 16:00:00,OBJ_1011,CL_06,bess,LT,1.0786,1.1687,0.0901,True,
2026-04-02 16:00:00,OBJ_1012,CL_07,consumer,LV,13.734,13.8228,0.0888,True,
2026-04-02 16:00:00,OBJ_1014,CL_08,wind,EE,3.0865,3.3029,0.2164,True,
2026-04-02 16:15:00,OBJ_1001,CL_01,solar,LV,3.2069,2.7761,0.4308,True,
2026-04-02 16:15:00,OBJ_1002,CL_01,wind,LV,6.9647,6.6767,0.288,True,
2026-04-02 16:15:00,OBJ_1004,,hydro,LT,,1.017,,False,missing_client_id|missing_object_metadata|no_actual
2026-04-02 16:15:00,OBJ_1005,CL_03,bess,,0.7395,0.8002,0.0607,True,missing_area
2026-04-02 16:15:00,OBJ_1006,CL_04,solar,LV,3.322,3.2315,0.0905,False,negative_capacity
2026-04-02 16:15:00,OBJ_1007,CL_02,wind,EE,5.3127,5.9432,0.6305,True,
2026-04-02 16:15:00,OBJ_1008,CL_05,consumer,LT,10.2306,9.9559,0.2747,True,
2026-04-02 16:15:00,OBJ_1009,CL_05,solar,LV,3.8846,4.5255,0.6409,True,
2026-04-02 16:15:00,OBJ_1010,CL_06,wind,EE,6.4331,6.9543,0.5212,True,
2026-04-02 16:15:00,OBJ_1011,CL_06,bess,LT,1.1278,1.0512,0.0766,True,
2026-04-02 16:15:00,OBJ_1012,CL_07,consumer,LV,17.881,16.6162,1.2648,True,
2026-04-02 16:15:00,OBJ_1014,CL_08,wind,EE,3.6746,3.0147,0.6599,True,
2026-04-02 16:30:00,OBJ_1001,CL_01,solar,LV,3.1603,2.671,0.4893,True,
2026-04-02 16:30:00,OBJ_1002,CL_01,wind,LV,7.9884,6.5572,1.4312,True,
2026-04-02 16:30:00,OBJ_1004,,hydro,LT,,1.1831,,False,missing_client_id|missing_object_metadata|no_actual
2026-04-02 16:30:00,OBJ_1005,CL_03,bess,,0.7162,0.8359,0.1197,True,missing_area
2026-04-02 16:30:00,OBJ_1006,CL_04,solar,LV,2.842,2.8693,0.0273,False,negative_capacity
2026-04-02 16:30:00,OBJ_1007,CL_02,wind,EE,5.199,4.1324,1.0666,True,
2026-04-02 16:30:00,OBJ_1008,CL_05,consumer,LT,10.5586,9.6847,0.8739,True,
2026-04-02 16:30:00,OBJ_1009,CL_05,solar,LV,3.8878,3.7903,0.0975,True,
2026-04-02 16:30:00,OBJ_1010,CL_06,wind,EE,5.6979,7.0828,1.3849,True,
2026-04-02 16:30:00,OBJ_1011,CL_06,bess,LT,1.1874,1.4319,0.2445,True,
2026-04-02 16:30:00,OBJ_1012,CL_07,consumer,LV,13.2124,15.8955,2.6831,True,
2026-04-02 16:30:00,OBJ_1014,CL_08,wind,EE,3.4053,3.4483,0.043,True,
2026-04-02 16:45:00,OBJ_1001,CL_01,solar,LV,2.9684,2.568,0.4004,True,
2026-04-02 16:45:00,OBJ_1002,CL_01,wind,LV,7.7607,6.1086,1.6521,True,
2026-04-02 16:45:00,OBJ_1004,,hydro,LT,,1.003,,False,missing_client_id|missing_object_metadata|no_actual
2026-04-02 16:45:00,OBJ_1005,CL_03,bess,,0.6549,0.6416,0.0133,True,missing_area
2026-04-02 16:45:00,OBJ_1006,CL_04,solar,LV,2.8257,2.8707,0.045,False,negative_capacity
2026-04-02 16:45:00,OBJ_1007,CL_02,wind,EE,5.0208,4.0965,0.9243,True,
2026-04-02 16:45:00,OBJ_1008,CL_05,consumer,LT,10.0911,9.5948,0.4963,True,
2026-04-02 16:45:00,OBJ_1009,CL_05,solar,LV,3.8001,3.3728,0.4273,True,
2026-04-02 16:45:00,OBJ_1010,CL_06,wind,EE,6.1783,5.6102,0.5681,True,
2026-04-02 16:45:00,OBJ_1011,CL_06,bess,LT,1.2828,1.343,0.0602,True,
2026-04-02 16:45:00,OBJ_1012,CL_07,consumer,LV,12.3149,15.2844,2.9695,True,
2026-04-02 16:45:00,OBJ_1014,CL_08,wind,EE,3.2848,3.5595,0.2747,True,
2026-04-02 17:00:00,OBJ_1001,CL_01,solar,LV,2.6868,2.4576,0.2292,True,
2026-04-02 17:00:00,OBJ_1002,CL_01,wind,LV,6.4061,6.6424,0.2363,True,
2026-04-02 17:00:00,OBJ_1004,,hydro,LT,,1.3003,,False,missing_client_id|missing_object_metadata|no_actual
2026-04-02 17:00:00,OBJ_1005,CL_03,bess,,0.9083,0.6666,0.2417,True,missing_area
2026-04-02 17:00:00,OBJ_1006,CL_04,solar,LV,2.387,2.3578,0.0292,False,negative_capacity
2026-04-02 17:00:00,OBJ_1007,CL_02,wind,EE,4.8903,4.9831,0.0928,True,
2026-04-02 17:00:00,OBJ_1008,CL_05,consumer,LT,13.1809,11.5366,1.6443,True,
2026-04-02 17:00:00,OBJ_1009,CL_05,solar,LV,3.4081,3.9439,0.5358,True,
2026-04-02 17:00:00,OBJ_1010,CL_06,wind,EE,6.7752,6.2411,0.5341,True,
2026-04-02 17:00:00,OBJ_1011,CL_06,bess,LT,1.427,1.1017,0.3253,True,
2026-04-02 17:00:00,OBJ_1012,CL_07,consumer,LV,14.8647,14.0991,0.7656,True,
2026-04-02 17:00:00,OBJ_1014,CL_08,wind,EE,3.0298,2.8035,0.2263,True,
2026-04-02 17:15:00,OBJ_1001,CL_01,solar,LV,2.5899,2.6522,0.0623,True,
2026-04-02 17:15:00,OBJ_1002,CL_01,wind,LV,6.8619,7.9438,1.0819,True,
2026-04-02 17:15:00,OBJ_1004,,hydro,LT,,1.0798,,False,missing_client_id|missing_object_metadata|no_actual
2026-04-02 17:15:00,OBJ_1005,CL_03,bess,,0.8584,0.6247,0.2337,True,missing_area
2026-04-02 17:15:00,OBJ_1006,CL_04,solar,LV,2.5681,2.4052,0.1629,False,negative_capacity
2026-04-02 17:15:00,OBJ_1007,CL_02,wind,EE,4.2555,3.8127,0.4428,True,
2026-04-02 17:15:00,OBJ_1008,CL_05,consumer,LT,11.5836,9.8793,1.7043,True,
2026-04-02 17:15:00,OBJ_1009,CL_05,solar,LV,3.2299,3.5025,0.2726,True,
2026-04-02 17:15:00,OBJ_1010,CL_06,wind,EE,6.4103,6.05,0.3603,True,
2026-04-02 17:15:00,OBJ_1011,CL_06,bess,LT,1.462,1.4792,0.0172,True,
2026-04-02 17:15:00,OBJ_1012,CL_07,consumer,LV,17.4794,12.2598,5.2196,True,
2026-04-02 17:15:00,OBJ_1014,CL_08,wind,EE,3.0067,3.9344,0.9277,True,
2026-04-02 17:30:00,OBJ_1001,CL_01,solar,LV,2.3519,2.3399,0.012,True,
2026-04-02 17:30:00,OBJ_1002,CL_01,wind,LV,6.5616,6.8988,0.3372,True,
2026-04-02 17:30:00,OBJ_1004,,hydro,LT,,1.1152,,False,missing_client_id|missing_object_metadata|no_actual
2026-04-02 17:30:00,OBJ_1005,CL_03,bess,,0.9679,0.7896,0.1783,True,missing_area
2026-04-02 17:30:00,OBJ_1006,CL_04,solar,LV,2.3931,2.2523,0.1408,False,negative_capacity
2026-04-02 17:30:00,OBJ_1007,CL_02,wind,EE,4.6791,4.4055,0.2736,True,
2026-04-02 17:30:00,OBJ_1008,CL_05,consumer,LT,11.2292,12.9742,1.745,True,
2026-04-02 17:30:00,OBJ_1009,CL_05,solar,LV,3.1618,3.0758,0.086,True,
2026-04-02 17:30:00,OBJ_1010,CL_06,wind,EE,6.8219,5.7469,1.075,True,
2026-04-02 17:30:00,OBJ_1011,CL_06,bess,LT,1.4556,1.4686,0.013,True,
2026-04-02 17:30:00,OBJ_1012,CL_07,consumer,LV,17.2605,12.4375,4.823,True,
2026-04-02 17:30:00,OBJ_1014,CL_08,wind,EE,2.8497,3.2087,0.359,True,
2026-04-02 17:45:00,OBJ_1001,CL_01,solar,LV,2.0357,1.9453,0.0904,True,
2026-04-02 17:45:00,OBJ_1002,CL_01,wind,LV,6.42,8.2925,1.8725,True,
2026-04-02 17:45:00,OBJ_1004,,hydro,LT,,1.308,,False,missing_client_id|missing_object_metadata|no_actual
2026-04-02 17:45:00,OBJ_1005,CL_03,bess,,0.9932,0.7755,0.2177,True,missing_area
2026-04-02 17:45:00,OBJ_1006,CL_04,solar,LV,1.9431,2.2486,0.3055,False,negative_capacity
2026-04-02 17:45:00,OBJ_1007,CL_02,wind,EE,5.4946,5.385,0.1096,True,
2026-04-02 17:45:00,OBJ_1008,CL_05,consumer,LT,11.4449,8.7744,2.6705,True,
2026-04-02 17:45:00,OBJ_1009,CL_05,solar,LV,2.682,2.8004,0.1184,True,
2026-04-02 17:45:00,OBJ_1010,CL_06,wind,EE,6.7813,6.0875,0.6938,True,
2026-04-02 17:45:00,OBJ_1011,CL_06,bess,LT,1.4106,1.0014,0.4092,True,
2026-04-02 17:45:00,OBJ_1012,CL_07,consumer,LV,14.8081,12.2209,2.5872,True,
2026-04-02 17:45:00,OBJ_1014,CL_08,wind,EE,3.0235,3.1179,0.0944,True,
2026-04-02 18:00:00,OBJ_1001,CL_01,solar,LV,1.6926,1.6536,0.039,True,
2026-04-02 18:00:00,OBJ_1002,CL_01,wind,LV,6.1767,5.4872,0.6895,True,
2026-04-02 18:00:00,OBJ_1004,,hydro,LT,,1.1844,,False,missing_client_id|missing_object_metadata|no_actual
2026-04-02 18:00:00,OBJ_1005,CL_03,bess,,0.7836,0.7477,0.0359,True,missing_area
2026-04-02 18:00:00,OBJ_1006,CL_04,solar,LV,1.735,1.8102,0.0752,False,negative_capacity
2026-04-02 18:00:00,OBJ_1007,CL_02,wind,EE,4.1486,4.0313,0.1173,True,
2026-04-02 18:00:00,OBJ_1008,CL_05,consumer,LT,12.3148,11.1423,1.1725,True,
2026-04-02 18:00:00,OBJ_1009,CL_05,solar,LV,2.5216,2.2483,0.2733,True,
2026-04-02 18:00:00,OBJ_1010,CL_06,wind,EE,5.8069,5.3983,0.4086,True,
2026-04-02 18:00:00,OBJ_1011,CL_06,bess,LT,1.3544,1.1345,0.2199,True,
2026-04-02 18:00:00,OBJ_1012,CL_07,consumer,LV,13.053,12.0059,1.0471,True,
2026-04-02 18:00:00,OBJ_1014,CL_08,wind,EE,3.4519,2.6705,0.7814,True,
2026-04-02 18:15:00,OBJ_1001,CL_01,solar,LV,1.6955,1.568,0.1275,True,
2026-04-02 18:15:00,OBJ_1002,CL_01,wind,LV,7.4745,6.335,1.1395,True,
2026-04-02 18:15:00,OBJ_1004,,hydro,LT,,1.0751,,False,missing_client_id|missing_object_metadata|no_actual
2026-04-02 18:15:00,OBJ_1005,CL_03,bess,,0.8061,0.5888,0.2173,True,missing_area
2026-04-02 18:15:00,OBJ_1006,CL_04,solar,LV,1.4862,1.3776,0.1086,False,negative_capacity
2026-04-02 18:15:00,OBJ_1007,CL_02,wind,EE,4.7776,5.1479,0.3703,True,
2026-04-02 18:15:00,OBJ_1008,CL_05,consumer,LT,9.8315,10.1392,0.3077,True,
2026-04-02 18:15:00,OBJ_1009,CL_05,solar,LV,2.0001,2.2032,0.2031,True,
2026-04-02 18:15:00,OBJ_1010,CL_06,wind,EE,5.4094,5.9064,0.497,True,
2026-04-02 18:15:00,OBJ_1011,CL_06,bess,LT,1.0488,1.0721,0.0233,True,
2026-04-02 18:15:00,OBJ_1012,CL_07,consumer,LV,13.5647,17.594,4.0293,True,
2026-04-02 18:15:00,OBJ_1014,CL_08,wind,EE,2.8963,2.9462,0.0499,True,
2026-04-02 18:30:00,OBJ_1001,CL_01,solar,LV,1.4314,1.3605,0.0709,True,
2026-04-02 18:30:00,OBJ_1002,CL_01,wind,LV,7.7226,5.496,2.2266,True,
2026-04-02 18:30:00,OBJ_1004,,hydro,LT,,1.1233,,False,missing_client_id|missing_object_metadata|no_actual
2026-04-02 18:30:00,OBJ_1005,CL_03,bess,,0.7208,0.9866,0.2658,True,missing_area
2026-04-02 18:30:00,OBJ_1006,CL_04,solar,LV,1.4245,1.5288,0.1043,False,negative_capacity
2026-04-02 18:30:00,OBJ_1007,CL_02,wind,EE,3.9211,4.4852,0.5641,True,
2026-04-02 18:30:00,OBJ_1008,CL_05,consumer,LT,11.9416,11.262,0.6796,True,
2026-04-02 18:30:00,OBJ_1009,CL_05,solar,LV,1.8903,1.7672,0.1231,True,
2026-04-02 18:30:00,OBJ_1010,CL_06,wind,EE,4.9839,6.663,1.6791,True,
2026-04-02 18:30:00,OBJ_1011,CL_06,bess,LT,0.9709,1.0459,0.075,True,
2026-04-02 18:30:00,OBJ_1012,CL_07,consumer,LV,13.8408,19.207,5.3662,True,
2026-04-02 18:30:00,OBJ_1014,CL_08,wind,EE,3.0484,2.6145,0.4339,True,
2026-04-02 18:45:00,OBJ_1001,CL_01,solar,LV,1.1528,1.0329,0.1199,True,
2026-04-02 18:45:00,OBJ_1002,CL_01,wind,LV,7.6076,7.5233,0.0843,True,
2026-04-02 18:45:00,OBJ_1004,,hydro,LT,,1.2162,,False,missing_client_id|missing_object_metadata|no_actual
2026-04-02 18:45:00,OBJ_1005,CL_03,bess,,0.8814,0.5584,0.323,True,missing_area
2026-04-02 18:45:00,OBJ_1006,CL_04,solar,LV,1.117,1.1363,0.0193,False,negative_capacity
2026-04-02 18:45:00,OBJ_1007,CL_02,wind,EE,4.0591,4.206,0.1469,True,
2026-04-02 18:45:00,OBJ_1008,CL_05,consumer,LT,13.1226,13.08,0.0426,True,
2026-04-02 18:45:00,OBJ_1009,CL_05,solar,LV,1.4854,1.5241,0.0387,True,
2026-04-02 18:45:00,OBJ_1010,CL_06,wind,EE,5.8831,5.419,0.4641,True,
2026-04-02 18:45:00,OBJ_1011,CL_06,bess,LT,1.0315,1.1207,0.0892,True,
2026-04-02 18:45:00,OBJ_1012,CL_07,consumer,LV,12.8014,15.1928,2.3914,True,
2026-04-02 18:45:00,OBJ_1014,CL_08,wind,EE,2.8226,2.8568,0.0342,True,
2026-04-02 19:00:00,OBJ_1001,CL_01,solar,LV,0.9635,0.9594,0.0041,True,
2026-04-02 19:00:00,OBJ_1002,CL_01,wind,LV,6.3761,7.3046,0.9285,True,
2026-04-02 19:00:00,OBJ_1004,,hydro,LT,,1.0328,,False,missing_client_id|missing_object_metadata|no_actual
2026-04-02 19:00:00,OBJ_1005,CL_03,bess,,0.7663,0.7572,0.0091,True,missing_area
2026-04-02 19:00:00,OBJ_1006,CL_04,solar,LV,0.9336,0.9551,0.0215,False,negative_capacity
2026-04-02 19:00:00,OBJ_1007,CL_02,wind,EE,4.0917,3.6444,0.4473,True,
2026-04-02 19:00:00,OBJ_1008,CL_05,consumer,LT,11.4188,10.9785,0.4403,True,
2026-04-02 19:00:00,OBJ_1009,CL_05,solar,LV,1.2679,1.0932,0.1747,True,
2026-04-02 19:00:00,OBJ_1010,CL_06,wind,EE,4.7426,5.4784,0.7358,True,
2026-04-02 19:00:00,OBJ_1011,CL_06,bess,LT,1.0485,1.0904,0.0419,True,
2026-04-02 19:00:00,OBJ_1012,CL_07,consumer,LV,16.5284,13.5902,2.9382,True,
2026-04-02 19:00:00,OBJ_1014,CL_08,wind,EE,3.1391,2.7207,0.4184,True,
2026-04-02 19:15:00,OBJ_1001,CL_01,solar,LV,0.65,0.7602,0.1102,True,
2026-04-02 19:15:00,OBJ_1002,CL_01,wind,LV,6.0949,7.5813,1.4864,True,
2026-04-02 19:15:00,OBJ_1004,,hydro,LT,,0.9487,,False,missing_client_id|missing_object_metadata|no_actual
2026-04-02 19:15:00,OBJ_1005,CL_03,bess,,0.8815,0.725,0.1565,True,missing_area
2026-04-02 19:15:00,OBJ_1006,CL_04,solar,LV,0.6495,0.6572,0.0077,False,negative_capacity
2026-04-02 19:15:00,OBJ_1007,CL_02,wind,EE,4.2017,4.608,0.4063,True,
2026-04-02 19:15:00,OBJ_1008,CL_05,consumer,LT,9.2779,9.6092,0.3313,True,
2026-04-02 19:15:00,OBJ_1009,CL_05,solar,LV,0.9368,0.9796,0.0428,True,
2026-04-02 19:15:00,OBJ_1010,CL_06,wind,EE,5.1657,5.2239,0.0582,True,
2026-04-02 19:15:00,OBJ_1011,CL_06,bess,LT,1.2436,1.3956,0.152,True,
2026-04-02 19:15:00,OBJ_1012,CL_07,consumer,LV,12.8991,16.2425,3.3434,True,
2026-04-02 19:15:00,OBJ_1014,CL_08,wind,EE,2.6974,2.9583,0.2609,True,
2026-04-02 19:30:00,OBJ_1001,CL_01,solar,LV,0.4676,0.4819,0.0143,True,
2026-04-02 19:30:00,OBJ_1002,CL_01,wind,LV,5.5105,5.885,0.3745,True,
2026-04-02 19:30:00,OBJ_1004,,hydro,LT,,1.2582,,False,missing_client_id|missing_object_metadata|no_actual
2026-04-02 19:30:00,OBJ_1005,CL_03,bess,,0.6822,0.6632,0.019,True,missing_area
2026-04-02 19:30:00,OBJ_1006,CL_04,solar,LV,0.4723,0.4153,0.057,False,negative_capacity
2026-04-02 19:30:00,OBJ_1007,CL_02,wind,EE,3.6438,3.8415,0.1977,True,
2026-04-02 19:30:00,OBJ_1008,CL_05,consumer,LT,11.2967,11.757,0.4603,True,
2026-04-02 19:30:00,OBJ_1009,CL_05,solar,LV,0.6525,0.5588,0.0937,True,
2026-04-02 19:30:00,OBJ_1010,CL_06,wind,EE,5.089,5.27,0.181,True,
2026-04-02 19:30:00,OBJ_1011,CL_06,bess,LT,1.2079,0.8625,0.3454,True,
2026-04-02 19:30:00,OBJ_1012,CL_07,consumer,LV,14.7408,18.2577,3.5169,True,
2026-04-02 19:30:00,OBJ_1014,CL_08,wind,EE,2.4782,3.1478,0.6696,True,
2026-04-02 19:45:00,OBJ_1001,CL_01,solar,LV,0.232,0.2242,0.0078,True,
2026-04-02 19:45:00,OBJ_1002,CL_01,wind,LV,6.7318,6.5115,0.2203,True,
2026-04-02 19:45:00,OBJ_1004,,hydro,LT,,1.1163,,False,missing_client_id|missing_object_metadata|no_actual
2026-04-02 19:45:00,OBJ_1005,CL_03,bess,,0.8893,0.9268,0.0375,True,missing_area
2026-04-02 19:45:00,OBJ_1006,CL_04,solar,LV,0.2295,0.2344,0.0049,False,negative_capacity
2026-04-02 19:45:00,OBJ_1007,CL_02,wind,EE,4.4991,3.9665,0.5326,True,
2026-04-02 19:45:00,OBJ_1008,CL_05,consumer,LT,12.3561,10.5214,1.8347,True,
2026-04-02 19:45:00,OBJ_1009,CL_05,solar,LV,0.3151,0.3577,0.0426,True,
2026-04-02 19:45:00,OBJ_1010,CL_06,wind,EE,4.4875,5.8889,1.4014,True,
2026-04-02 19:45:00,OBJ_1011,CL_06,bess,LT,1.1067,0.9911,0.1156,True,
2026-04-02 19:45:00,OBJ_1012,CL_07,consumer,LV,12.3826,18.3061,5.9235,True,
2026-04-02 19:45:00,OBJ_1014,CL_08,wind,EE,3.2371,2.59,0.6471,True,
2026-04-02 20:00:00,OBJ_1001,CL_01,solar,LV,0.0,0.0,0.0,True,
2026-04-02 20:00:00,OBJ_1002,CL_01,wind,LV,4.6783,5.4557,0.7774,True,
2026-04-02 20:00:00,OBJ_1004,,hydro,LT,,1.1199,,False,missing_client_id|missing_object_metadata|no_actual
2026-04-02 20:00:00,OBJ_1005,CL_03,bess,,0.9735,0.7348,0.2387,True,missing_area
2026-04-02 20:00:00,OBJ_1006,CL_04,solar,LV,0.0,0.0,0.0,False,negative_capacity
2026-04-02 20:00:00,OBJ_1007,CL_02,wind,EE,3.4642,3.163,0.3012,True,
2026-04-02 20:00:00,OBJ_1008,CL_05,consumer,LT,12.4604,12.1329,0.3275,True,
2026-04-02 20:00:00,OBJ_1009,CL_05,solar,LV,0.0,0.0,0.0,True,
2026-04-02 20:00:00,OBJ_1010,CL_06,wind,EE,5.0537,4.2323,0.8214,True,
2026-04-02 20:00:00,OBJ_1011,CL_06,bess,LT,1.2875,1.4655,0.178,True,
2026-04-02 20:00:00,OBJ_1012,CL_07,consumer,LV,14.5222,15.8201,1.2979,True,
2026-04-02 20:00:00,OBJ_1014,CL_08,wind,EE,2.7897,2.3727,0.417,True,
2026-04-02 20:15:00,OBJ_1001,CL_01,solar,LV,0.0,0.0,0.0,True,
2026-04-02 20:15:00,OBJ_1002,CL_01,wind,LV,5.8987,5.2661,0.6326,True,
2026-04-02 20:15:00,OBJ_1004,,hydro,LT,,1.2134,,False,missing_client_id|missing_object_metadata|no_actual
2026-04-02 20:15:00,OBJ_1005,CL_03,bess,,0.9627,1.0325,0.0698,True,missing_area
2026-04-02 20:15:00,OBJ_1006,CL_04,solar,LV,0.0,0.0,0.0,False,negative_capacity
2026-04-02 20:15:00,OBJ_1007,CL_02,wind,EE,3.7425,3.2848,0.4577,True,
2026-04-02 20:15:00,OBJ_1008,CL_05,consumer,LT,11.9781,11.6655,0.3126,True,
2026-04-02 20:15:00,OBJ_1009,CL_05,solar,LV,0.0,0.0,0.0,True,
2026-04-02 20:15:00,OBJ_1010,CL_06,wind,EE,4.6411,3.7383,0.9028,True,
2026-04-02 20:15:00,OBJ_1011,CL_06,bess,LT,1.1087,1.3745,0.2658,True,
2026-04-02 20:15:00,OBJ_1012,CL_07,consumer,LV,13.0708,16.5683,3.4975,True,
2026-04-02 20:15:00,OBJ_1014,CL_08,wind,EE,2.4714,2.4955,0.0241,True,
2026-04-02 20:30:00,OBJ_1001,CL_01,solar,LV,0.0,0.0,0.0,True,
2026-04-02 20:30:00,OBJ_1002,CL_01,wind,LV,5.6826,5.8944,0.2118,True,
2026-04-02 20:30:00,OBJ_1004,,hydro,LT,,1.0986,,False,missing_client_id|missing_object_metadata|no_actual
2026-04-02 20:30:00,OBJ_1005,CL_03,bess,,0.6891,0.8165,0.1274,True,missing_area
2026-04-02 20:30:00,OBJ_1006,CL_04,solar,LV,0.0,0.0,0.0,False,negative_capacity
2026-04-02 20:30:00,OBJ_1007,CL_02,wind,EE,3.0718,4.0689,0.9971,True,
2026-04-02 20:30:00,OBJ_1008,CL_05,consumer,LT,10.3426,9.9452,0.3974,True,
2026-04-02 20:30:00,OBJ_1009,CL_05,solar,LV,0.0,0.0,0.0,True,
2026-04-02 20:30:00,OBJ_1010,CL_06,wind,EE,4.5025,4.9539,0.4514,True,
2026-04-02 20:30:00,OBJ_1011,CL_06,bess,LT,1.2192,0.9321,0.2871,True,
2026-04-02 20:30:00,OBJ_1012,CL_07,consumer,LV,16.9402,13.8996,3.0406,True,
2026-04-02 20:30:00,OBJ_1014,CL_08,wind,EE,2.2689,1.9623,0.3066,True,
2026-04-02 20:45:00,OBJ_1001,CL_01,solar,LV,0.0,0.0,0.0,True,
2026-04-02 20:45:00,OBJ_1002,CL_01,wind,LV,4.9933,5.7452,0.7519,True,
2026-04-02 20:45:00,OBJ_1004,,hydro,LT,,1.0711,,False,missing_client_id|missing_object_metadata|no_actual
2026-04-02 20:45:00,OBJ_1005,CL_03,bess,,0.975,0.7434,0.2316,True,missing_area
2026-04-02 20:45:00,OBJ_1006,CL_04,solar,LV,0.0,0.0,0.0,False,negative_capacity
2026-04-02 20:45:00,OBJ_1007,CL_02,wind,EE,3.1634,3.3879,0.2245,True,
2026-04-02 20:45:00,OBJ_1008,CL_05,consumer,LT,12.6427,11.3233,1.3194,True,
2026-04-02 20:45:00,OBJ_1009,CL_05,solar,LV,0.0,0.0,0.0,True,
2026-04-02 20:45:00,OBJ_1010,CL_06,wind,EE,4.784,3.5633,1.2207,True,
2026-04-02 20:45:00,OBJ_1011,CL_06,bess,LT,1.4303,1.277,0.1533,True,
2026-04-02 20:45:00,OBJ_1012,CL_07,consumer,LV,12.0939,15.6707,3.5768,True,
2026-04-02 20:45:00,OBJ_1014,CL_08,wind,EE,2.24,2.1144,0.1256,True,
2026-04-02 21:00:00,OBJ_1001,CL_01,solar,LV,0.0,0.0,0.0,True,
2026-04-02 21:00:00,OBJ_1002,CL_01,wind,LV,3.7551,3.9616,0.2065,True,
2026-04-02 21:00:00,OBJ_1004,,hydro,LT,,1.0293,,False,missing_client_id|missing_object_metadata|no_actual
2026-04-02 21:00:00,OBJ_1005,CL_03,bess,,0.8391,0.9133,0.0742,True,missing_area
2026-04-02 21:00:00,OBJ_1006,CL_04,solar,LV,0.0,0.0,0.0,False,negative_capacity
2026-04-02 21:00:00,OBJ_1007,CL_02,wind,EE,2.5159,2.5037,0.0122,True,
2026-04-02 21:00:00,OBJ_1008,CL_05,consumer,LT,12.3324,10.9256,1.4068,True,
2026-04-02 21:00:00,OBJ_1009,CL_05,solar,LV,0.0,0.0,0.0,True,
2026-04-02 21:00:00,OBJ_1010,CL_06,wind,EE,3.3363,3.7306,0.3943,True,
2026-04-02 21:00:00,OBJ_1011,CL_06,bess,LT,1.0304,1.4029,0.3725,True,
2026-04-02 21:00:00,OBJ_1012,CL_07,consumer,LV,17.1824,13.8175,3.3649,True,
2026-04-02 21:00:00,OBJ_1014,CL_08,wind,EE,1.7341,1.7921,0.058,True,
2026-04-02 21:15:00,OBJ_1001,CL_01,solar,LV,0.0,0.0,0.0,True,
2026-04-02 21:15:00,OBJ_1002,CL_01,wind,LV,4.0716,4.855,0.7834,True,
2026-04-02 21:15:00,OBJ_1004,,hydro,LT,,1.1148,,False,missing_client_id|missing_object_metadata|no_actual
2026-04-02 21:15:00,OBJ_1005,CL_03,bess,,0.9263,0.7528,0.1735,True,missing_area
2026-04-02 21:15:00,OBJ_1006,CL_04,solar,LV,0.0,0.0,0.0,False,negative_capacity
2026-04-02 21:15:00,OBJ_1007,CL_02,wind,EE,2.7389,2.9166,0.1777,True,
2026-04-02 21:15:00,OBJ_1008,CL_05,consumer,LT,11.6906,11.9379,0.2473,True,
2026-04-02 21:15:00,OBJ_1009,CL_05,solar,LV,0.0,0.0,0.0,True,
2026-04-02 21:15:00,OBJ_1010,CL_06,wind,EE,3.4254,3.6977,0.2723,True,
2026-04-02 21:15:00,OBJ_1011,CL_06,bess,LT,1.0811,1.399,0.3179,True,
2026-04-02 21:15:00,OBJ_1012,CL_07,consumer,LV,12.8596,18.1516,5.292,True,
2026-04-02 21:15:00,OBJ_1014,CL_08,wind,EE,2.0766,2.0529,0.0237,True,
2026-04-02 21:30:00,OBJ_1001,CL_01,solar,LV,0.0,0.0,0.0,True,
2026-04-02 21:30:00,OBJ_1002,CL_01,wind,LV,4.0855,4.5142,0.4287,True,
2026-04-02 21:30:00,OBJ_1004,,hydro,LT,,1.1823,,False,missing_client_id|missing_object_metadata|no_actual
2026-04-02 21:30:00,OBJ_1005,CL_03,bess,,0.6244,0.8888,0.2644,True,missing_area
2026-04-02 21:30:00,OBJ_1006,CL_04,solar,LV,0.0,0.0,0.0,False,negative_capacity
2026-04-02 21:30:00,OBJ_1007,CL_02,wind,EE,3.2017,2.9152,0.2865,True,
2026-04-02 21:30:00,OBJ_1008,CL_05,consumer,LT,13.1021,11.9923,1.1098,True,
2026-04-02 21:30:00,OBJ_1009,CL_05,solar,LV,0.0,0.0,0.0,True,
2026-04-02 21:30:00,OBJ_1010,CL_06,wind,EE,3.5353,3.5147,0.0206,True,
2026-04-02 21:30:00,OBJ_1011,CL_06,bess,LT,1.1974,1.5361,0.3387,True,
2026-04-02 21:30:00,OBJ_1012,CL_07,consumer,LV,17.8337,13.5946,4.2391,True,
2026-04-02 21:30:00,OBJ_1014,CL_08,wind,EE,2.2362,2.4447,0.2085,True,
2026-04-02 21:45:00,OBJ_1001,CL_01,solar,LV,0.0,0.0,0.0,True,
2026-04-02 21:45:00,OBJ_1002,CL_01,wind,LV,4.6862,3.9478,0.7384,True,
2026-04-02 21:45:00,OBJ_1004,,hydro,LT,,1.2265,,False,missing_client_id|missing_object_metadata|no_actual
2026-04-02 21:45:00,OBJ_1005,CL_03,bess,,0.7275,0.7571,0.0296,True,missing_area
2026-04-02 21:45:00,OBJ_1006,CL_04,solar,LV,0.0,0.0,0.0,False,negative_capacity
2026-04-02 21:45:00,OBJ_1007,CL_02,wind,EE,2.5988,2.4138,0.185,True,
2026-04-02 21:45:00,OBJ_1008,CL_05,consumer,LT,10.6941,10.2142,0.4799,True,
2026-04-02 21:45:00,OBJ_1009,CL_05,solar,LV,0.0,0.0,0.0,True,
2026-04-02 21:45:00,OBJ_1010,CL_06,wind,EE,3.5831,3.2906,0.2925,True,
2026-04-02 21:45:00,OBJ_1011,CL_06,bess,LT,1.4096,1.2355,0.1741,True,
2026-04-02 21:45:00,OBJ_1012,CL_07,consumer,LV,13.8044,16.2359,2.4315,True,
2026-04-02 21:45:00,OBJ_1014,CL_08,wind,EE,2.1035,1.5842,0.5193,True,
2026-04-02 22:00:00,OBJ_1001,CL_01,solar,LV,0.0,0.0,0.0,True,
2026-04-02 22:00:00,OBJ_1002,CL_01,wind,LV,3.6341,2.6134,1.0207,True,
2026-04-02 22:00:00,OBJ_1004,,hydro,LT,,1.2142,,False,missing_client_id|missing_object_metadata|no_actual
2026-04-02 22:00:00,OBJ_1005,CL_03,bess,,0.825,0.6351,0.1899,True,missing_area
2026-04-02 22:00:00,OBJ_1006,CL_04,solar,LV,0.0,0.0,0.0,False,negative_capacity
2026-04-02 22:00:00,OBJ_1007,CL_02,wind,EE,2.2015,2.1429,0.0586,True,
2026-04-02 22:00:00,OBJ_1008,CL_05,consumer,LT,3.2011,4.6392,1.4381,True,
2026-04-02 22:00:00,OBJ_1009,CL_05,solar,LV,0.0,0.0,0.0,True,
2026-04-02 22:00:00,OBJ_1010,CL_06,wind,EE,2.4781,2.6439,0.1658,True,
2026-04-02 22:00:00,OBJ_1011,CL_06,bess,LT,1.288,1.166,0.122,True,
2026-04-02 22:00:00,OBJ_1012,CL_07,consumer,LV,5.8445,6.2094,0.3649,True,
2026-04-02 22:00:00,OBJ_1014,CL_08,wind,EE,1.6369,1.658,0.0211,True,
2026-04-02 22:15:00,OBJ_1001,CL_01,solar,LV,0.0,0.0,0.0,True,
2026-04-02 22:15:00,OBJ_1002,CL_01,wind,LV,3.4576,3.0045,0.4531,True,
2026-04-02 22:15:00,OBJ_1004,,hydro,LT,,1.1301,,False,missing_client_id|missing_object_metadata|no_actual
2026-04-02 22:15:00,OBJ_1005,CL_03,bess,,0.6762,0.7278,0.0516,True,missing_area
2026-04-02 22:15:00,OBJ_1006,CL_04,solar,LV,0.0,0.0,0.0,False,negative_capacity
2026-04-02 22:15:00,OBJ_1007,CL_02,wind,EE,2.2736,2.2655,0.0081,True,
2026-04-02 22:15:00,OBJ_1008,CL_05,consumer,LT,3.9044,4.1492,0.2448,True,
2026-04-02 22:15:00,OBJ_1009,CL_05,solar,LV,0.0,0.0,0.0,True,
2026-04-02 22:15:00,OBJ_1010,CL_06,wind,EE,2.4664,2.3394,0.127,True,
2026-04-02 22:15:00,OBJ_1011,CL_06,bess,LT,1.357,1.1576,0.1994,True,
2026-04-02 22:15:00,OBJ_1012,CL_07,consumer,LV,5.4486,5.1475,0.3011,True,
2026-04-02 22:15:00,OBJ_1014,CL_08,wind,EE,1.5142,1.6269,0.1127,True,
2026-04-02 22:30:00,OBJ_1001,CL_01,solar,LV,0.0,0.0,0.0,True,
2026-04-02 22:30:00,OBJ_1002,CL_01,wind,LV,3.5921,3.8127,0.2206,True,
2026-04-02 22:30:00,OBJ_1004,,hydro,LT,,1.1928,,False,missing_client_id|missing_object_metadata|no_actual
2026-04-02 22:30:00,OBJ_1005,CL_03,bess,,0.7332,0.6033,0.1299,True,missing_area
2026-04-02 22:30:00,OBJ_1006,CL_04,solar,LV,0.0,0.0,0.0,False,negative_capacity
2026-04-02 22:30:00,OBJ_1007,CL_02,wind,EE,1.8661,1.7814,0.0847,True,
2026-04-02 22:30:00,OBJ_1008,CL_05,consumer,LT,4.4057,4.0811,0.3246,True,
2026-04-02 22:30:00,OBJ_1009,CL_05,solar,LV,0.0,0.0,0.0,True,
2026-04-02 22:30:00,OBJ_1010,CL_06,wind,EE,2.4115,2.3659,0.0456,True,
2026-04-02 22:30:00,OBJ_1011,CL_06,bess,LT,1.4997,1.4011,0.0986,True,
2026-04-02 22:30:00,OBJ_1012,CL_07,consumer,LV,4.9578,5.5697,0.6119,True,
2026-04-02 22:30:00,OBJ_1014,CL_08,wind,EE,1.3797,1.2846,0.0951,True,
2026-04-02 22:45:00,OBJ_1001,CL_01,solar,LV,0.0,0.0,0.0,True,
2026-04-02 22:45:00,OBJ_1002,CL_01,wind,LV,2.9748,3.5935,0.6187,True,
2026-04-02 22:45:00,OBJ_1004,,hydro,LT,,1.0834,,False,missing_client_id|missing_object_metadata|no_actual
2026-04-02 22:45:00,OBJ_1005,CL_03,bess,,0.9661,0.6809,0.2852,True,missing_area
2026-04-02 22:45:00,OBJ_1006,CL_04,solar,LV,0.0,0.0,0.0,False,negative_capacity
2026-04-02 22:45:00,OBJ_1007,CL_02,wind,EE,2.3366,1.9362,0.4004,True,
2026-04-02 22:45:00,OBJ_1008,CL_05,consumer,LT,3.571,3.9257,0.3547,True,
2026-04-02 22:45:00,OBJ_1009,CL_05,solar,LV,0.0,0.0,0.0,True,
2026-04-02 22:45:00,OBJ_1010,CL_06,wind,EE,2.5987,2.7531,0.1544,True,
2026-04-02 22:45:00,OBJ_1011,CL_06,bess,LT,1.0569,1.2859,0.229,True,
2026-04-02 22:45:00,OBJ_1012,CL_07,consumer,LV,5.0256,5.0905,0.0649,True,
2026-04-02 22:45:00,OBJ_1014,CL_08,wind,EE,1.488,1.4482,0.0398,True,
2026-04-02 23:00:00,OBJ_1001,CL_01,solar,LV,0.0,0.0,0.0,True,
2026-04-02 23:00:00,OBJ_1002,CL_01,wind,LV,4.7105,4.4226,0.2879,True,
2026-04-02 23:00:00,OBJ_1004,,hydro,LT,,1.1852,,False,missing_client_id|missing_object_metadata|no_actual
2026-04-02 23:00:00,OBJ_1005,CL_03,bess,,0.7878,0.5968,0.191,True,missing_area
2026-04-02 23:00:00,OBJ_1006,CL_04,solar,LV,0.0,0.0,0.0,False,negative_capacity
2026-04-02 23:00:00,OBJ_1007,CL_02,wind,EE,3.0875,2.5609,0.5266,True,
2026-04-02 23:00:00,OBJ_1008,CL_05,consumer,LT,3.5561,4.1479,0.5918,True,
2026-04-02 23:00:00,OBJ_1009,CL_05,solar,LV,0.0,0.0,0.0,True,
2026-04-02 23:00:00,OBJ_1010,CL_06,wind,EE,3.5125,3.5351,0.0226,True,
2026-04-02 23:00:00,OBJ_1011,CL_06,bess,LT,1.0328,1.3946,0.3618,True,
2026-04-02 23:00:00,OBJ_1012,CL_07,consumer,LV,4.2918,4.3385,0.0467,True,
2026-04-02 23:00:00,OBJ_1014,CL_08,wind,EE,1.7682,1.5107,0.2575,True,
2026-04-02 23:15:00,OBJ_1001,CL_01,solar,LV,0.0,0.0,0.0,True,
2026-04-02 23:15:00,OBJ_1002,CL_01,wind,LV,4.2346,4.0014,0.2332,True,
2026-04-02 23:15:00,OBJ_1004,,hydro,LT,,1.2512,,False,missing_client_id|missing_object_metadata|no_actual
2026-04-02 23:15:00,OBJ_1005,CL_03,bess,,0.767,1.0515,0.2845,True,missing_area
2026-04-02 23:15:00,OBJ_1006,CL_04,solar,LV,0.0,0.0,0.0,False,negative_capacity
2026-04-02 23:15:00,OBJ_1007,CL_02,wind,EE,2.6265,2.9754,0.3489,True,
2026-04-02 23:15:00,OBJ_1008,CL_05,consumer,LT,3.5698,3.3877,0.1821,True,
2026-04-02 23:15:00,OBJ_1009,CL_05,solar,LV,0.0,0.0,0.0,True,
2026-04-02 23:15:00,OBJ_1010,CL_06,wind,EE,3.4502,4.0589,0.6087,True,
2026-04-02 23:15:00,OBJ_1011,CL_06,bess,LT,1.2928,1.3993,0.1065,True,
2026-04-02 23:15:00,OBJ_1012,CL_07,consumer,LV,5.3697,4.4828,0.8869,True,
2026-04-02 23:15:00,OBJ_1014,CL_08,wind,EE,1.7664,1.8976,0.1312,True,
2026-04-02 23:30:00,OBJ_1001,CL_01,solar,LV,0.0,0.0,0.0,True,
2026-04-02 23:30:00,OBJ_1002,CL_01,wind,LV,4.693,3.5602,1.1328,True,
2026-04-02 23:30:00,OBJ_1004,,hydro,LT,,1.1466,,False,missing_client_id|missing_object_metadata|no_actual
2026-04-02 23:30:00,OBJ_1005,CL_03,bess,,0.8567,0.8332,0.0235,True,missing_area
2026-04-02 23:30:00,OBJ_1006,CL_04,solar,LV,0.0,0.0,0.0,False,negative_capacity
2026-04-02 23:30:00,OBJ_1007,CL_02,wind,EE,2.499,3.2964,0.7974,True,
2026-04-02 23:30:00,OBJ_1008,CL_05,consumer,LT,4.1925,3.634,0.5585,True,
2026-04-02 23:30:00,OBJ_1009,CL_05,solar,LV,0.0,0.0,0.0,True,
2026-04-02 23:30:00,OBJ_1010,CL_06,wind,EE,3.6681,3.8841,0.216,True,
2026-04-02 23:30:00,OBJ_1011,CL_06,bess,LT,1.193,0.8727,0.3203,True,
2026-04-02 23:30:00,OBJ_1012,CL_07,consumer,LV,5.8338,5.1385,0.6953,True,
2026-04-02 23:30:00,OBJ_1014,CL_08,wind,EE,1.9208,1.9847,0.0639,True,
2026-04-02 23:45:00,OBJ_1001,CL_01,solar,LV,0.0,0.0,0.0,True,
2026-04-02 23:45:00,OBJ_1002,CL_01,wind,LV,3.6189,4.2782,0.6593,True,
2026-04-02 23:45:00,OBJ_1004,,hydro,LT,,1.1773,,False,missing_client_id|missing_object_metadata|no_actual
2026-04-02 23:45:00,OBJ_1005,CL_03,bess,,0.6135,0.9199,0.3064,True,missing_area
2026-04-02 23:45:00,OBJ_1006,CL_04,solar,LV,0.0,0.0,0.0,False,negative_capacity
2026-04-02 23:45:00,OBJ_1007,CL_02,wind,EE,3.1118,2.5668,0.545,True,
2026-04-02 23:45:00,OBJ_1008,CL_05,consumer,LT,4.0023,3.6832,0.3191,True,
2026-04-02 23:45:00,OBJ_1009,CL_05,solar,LV,0.0,0.0,0.0,True,
2026-04-02 23:45:00,OBJ_1010,CL_06,wind,EE,3.3645,3.1459,0.2186,True,
2026-04-02 23:45:00,OBJ_1011,CL_06,bess,LT,1.4055,1.5822,0.1767,True,
2026-04-02 23:45:00,OBJ_1012,CL_07,consumer,LV,4.4629,5.3285,0.8656,True,
2026-04-02 23:45:00,OBJ_1014,CL_08,wind,EE,2.0103,1.9199,0.0904,True,
2026-04-03 00:00:00,OBJ_1001,CL_01,solar,LV,0.0,0.0,0.0,True,
2026-04-03 00:00:00,OBJ_1002,CL_01,wind,LV,5.172,5.7337,0.5617,True,
2026-04-03 00:00:00,OBJ_1004,,hydro,LT,,1.2112,,False,missing_client_id|missing_object_metadata|no_actual
2026-04-03 00:00:00,OBJ_1005,CL_03,bess,,0.7493,0.9913,0.242,True,missing_area
2026-04-03 00:00:00,OBJ_1006,CL_04,solar,LV,0.0,0.0,0.0,False,negative_capacity
2026-04-03 00:00:00,OBJ_1007,CL_02,wind,EE,3.6064,3.8111,0.2047,True,
2026-04-03 00:00:00,OBJ_1008,CL_05,consumer,LT,3.9248,4.2117,0.2869,True,
2026-04-03 00:00:00,OBJ_1009,CL_05,solar,LV,0.0,0.0,0.0,True,
2026-04-03 00:00:00,OBJ_1010,CL_06,wind,EE,4.2881,4.394,0.1059,True,
2026-04-03 00:00:00,OBJ_1011,CL_06,bess,LT,0.904,1.2961,0.3921,True,
2026-04-03 00:00:00,OBJ_1012,CL_07,consumer,LV,5.1033,5.8819,0.7786,True,
2026-04-03 00:00:00,OBJ_1014,CL_08,wind,EE,2.0366,2.5264,0.4898,True,
2026-04-03 00:15:00,OBJ_1001,CL_01,solar,LV,0.0,0.0,0.0,True,
2026-04-03 00:15:00,OBJ_1002,CL_01,wind,LV,4.8313,6.2197,1.3884,True,
2026-04-03 00:15:00,OBJ_1004,,hydro,LT,,1.0043,,False,missing_client_id|missing_object_metadata|no_actual
2026-04-03 00:15:00,OBJ_1005,CL_03,bess,,0.991,0.7285,0.2625,True,missing_area
2026-04-03 00:15:00,OBJ_1006,CL_04,solar,LV,0.0,0.0,0.0,False,negative_capacity
2026-04-03 00:15:00,OBJ_1007,CL_02,wind,EE,3.7504,3.0545,0.6959,True,
2026-04-03 00:15:00,OBJ_1008,CL_05,consumer,LT,4.011,4.1956,0.1846,True,
2026-04-03 00:15:00,OBJ_1009,CL_05,solar,LV,0.0,0.0,0.0,True,
2026-04-03 00:15:00,OBJ_1010,CL_06,wind,EE,4.8068,4.8031,0.0037,True,
2026-04-03 00:15:00,OBJ_1011,CL_06,bess,LT,0.9642,1.3928,0.4286,True,
2026-04-03 00:15:00,OBJ_1012,CL_07,consumer,LV,4.1926,3.6382,0.5544,True,
2026-04-03 00:15:00,OBJ_1014,CL_08,wind,EE,2.1292,2.4876,0.3584,True,
2026-04-03 00:30:00,OBJ_1001,CL_01,solar,LV,0.0,0.0,0.0,True,
2026-04-03 00:30:00,OBJ_1002,CL_01,wind,LV,5.2026,4.9041,0.2985,True,
2026-04-03 00:30:00,OBJ_1004,,hydro,LT,,1.117,,False,missing_client_id|missing_object_metadata|no_actual
2026-04-03 00:30:00,OBJ_1005,CL_03,bess,,0.9261,0.895,0.0311,True,missing_area
2026-04-03 00:30:00,OBJ_1006,CL_04,solar,LV,0.0,0.0,0.0,False,negative_capacity
2026-04-03 00:30:00,OBJ_1007,CL_02,wind,EE,3.341,3.5453,0.2043,True,
2026-04-03 00:30:00,OBJ_1008,CL_05,consumer,LT,3.5596,3.5384,0.0212,True,
2026-04-03 00:30:00,OBJ_1009,CL_05,solar,LV,0.0,0.0,0.0,True,
2026-04-03 00:30:00,OBJ_1010,CL_06,wind,EE,4.3829,4.2545,0.1284,True,
2026-04-03 00:30:00,OBJ_1011,CL_06,bess,LT,1.4941,1.2112,0.2829,True,
2026-04-03 00:30:00,OBJ_1012,CL_07,consumer,LV,4.4517,4.9535,0.5018,True,
2026-04-03 00:30:00,OBJ_1014,CL_08,wind,EE,2.4911,2.3799,0.1112,True,
2026-04-03 00:45:00,OBJ_1001,CL_01,solar,LV,0.0,0.0,0.0,True,
2026-04-03 00:45:00,OBJ_1002,CL_01,wind,LV,5.3904,4.7567,0.6337,True,
2026-04-03 00:45:00,OBJ_1004,,hydro,LT,,1.1464,,False,missing_client_id|missing_object_metadata|no_actual
2026-04-03 00:45:00,OBJ_1005,CL_03,bess,,0.9433,0.9474,0.0041,True,missing_area
2026-04-03 00:45:00,OBJ_1006,CL_04,solar,LV,0.0,0.0,0.0,False,negative_capacity
2026-04-03 00:45:00,OBJ_1007,CL_02,wind,EE,3.0426,3.0622,0.0196,True,
2026-04-03 00:45:00,OBJ_1008,CL_05,consumer,LT,3.5689,2.9019,0.667,True,
2026-04-03 00:45:00,OBJ_1009,CL_05,solar,LV,0.0,0.0,0.0,True,
2026-04-03 00:45:00,OBJ_1010,CL_06,wind,EE,3.7573,4.878,1.1207,True,
2026-04-03 00:45:00,OBJ_1011,CL_06,bess,LT,0.9057,0.9289,0.0232,True,
2026-04-03 00:45:00,OBJ_1012,CL_07,consumer,LV,4.3428,4.1321,0.2107,True,
2026-04-03 00:45:00,OBJ_1014,CL_08,wind,EE,2.3665,2.9015,0.535,True,
2026-04-03 01:00:00,OBJ_1001,CL_01,solar,LV,0.0,0.0,0.0,True,
2026-04-03 01:00:00,OBJ_1002,CL_01,wind,LV,6.5404,5.1592,1.3812,True,
2026-04-03 01:00:00,OBJ_1004,,hydro,LT,,1.2556,,False,missing_client_id|missing_object_metadata|no_actual
2026-04-03 01:00:00,OBJ_1005,CL_03,bess,,0.8263,0.716,0.1103,True,missing_area
2026-04-03 01:00:00,OBJ_1006,CL_04,solar,LV,0.0,0.0,0.0,False,negative_capacity
2026-04-03 01:00:00,OBJ_1007,CL_02,wind,EE,3.5664,3.3724,0.194,True,
2026-04-03 01:00:00,OBJ_1008,CL_05,consumer,LT,3.7922,3.6194,0.1728,True,
2026-04-03 01:00:00,OBJ_1009,CL_05,solar,LV,0.0,0.0,0.0,True,
2026-04-03 01:00:00,OBJ_1010,CL_06,wind,EE,4.6252,5.8178,1.1926,True,
2026-04-03 01:00:00,OBJ_1011,CL_06,bess,LT,1.4209,1.1459,0.275,True,
2026-04-03 01:00:00,OBJ_1012,CL_07,consumer,LV,5.7751,4.9422,0.8329,True,
2026-04-03 01:00:00,OBJ_1014,CL_08,wind,EE,2.753,3.4204,0.6674,True,
2026-04-03 01:15:00,OBJ_1001,CL_01,solar,LV,0.0,0.0,0.0,True,
2026-04-03 01:15:00,OBJ_1002,CL_01,wind,LV,5.3133,7.0894,1.7761,True,
2026-04-03 01:15:00,OBJ_1004,,hydro,LT,,1.209,,False,missing_client_id|missing_object_metadata|no_actual
2026-04-03 01:15:00,OBJ_1005,CL_03,bess,,0.9702,0.9006,0.0696,True,missing_area
2026-04-03 01:15:00,OBJ_1006,CL_04,solar,LV,0.0,0.0,0.0,False,negative_capacity
2026-04-03 01:15:00,OBJ_1007,CL_02,wind,EE,4.1058,4.4699,0.3641,True,
2026-04-03 01:15:00,OBJ_1008,CL_05,consumer,LT,3.0494,4.005,0.9556,True,
2026-04-03 01:15:00,OBJ_1009,CL_05,solar,LV,0.0,0.0,0.0,True,
2026-04-03 01:15:00,OBJ_1010,CL_06,wind,EE,4.7736,5.5725,0.7989,True,
2026-04-03 01:15:00,OBJ_1011,CL_06,bess,LT,1.4769,1.1628,0.3141,True,
2026-04-03 01:15:00,OBJ_1012,CL_07,consumer,LV,5.1741,5.6344,0.4603,True,
2026-04-03 01:15:00,OBJ_1014,CL_08,wind,EE,2.9722,2.8932,0.079,True,
2026-04-03 01:30:00,OBJ_1001,CL_01,solar,LV,0.0,0.0,0.0,True,
2026-04-03 01:30:00,OBJ_1002,CL_01,wind,LV,5.8732,5.3869,0.4863,True,
2026-04-03 01:30:00,OBJ_1004,,hydro,LT,,1.0349,,False,missing_client_id|missing_object_metadata|no_actual
2026-04-03 01:30:00,OBJ_1005,CL_03,bess,,0.6308,0.6132,0.0176,True,missing_area
2026-04-03 01:30:00,OBJ_1006,CL_04,solar,LV,0.0,0.0,0.0,False,negative_capacity
2026-04-03 01:30:00,OBJ_1007,CL_02,wind,EE,3.7336,4.1267,0.3931,True,
2026-04-03 01:30:00,OBJ_1008,CL_05,consumer,LT,4.252,4.6546,0.4026,True,
2026-04-03 01:30:00,OBJ_1009,CL_05,solar,LV,0.0,0.0,0.0,True,
2026-04-03 01:30:00,OBJ_1010,CL_06,wind,EE,5.6119,5.8262,0.2143,True,
2026-04-03 01:30:00,OBJ_1011,CL_06,bess,LT,1.099,1.3269,0.2279,True,
2026-04-03 01:30:00,OBJ_1012,CL_07,consumer,LV,5.5112,5.4145,0.0967,True,
2026-04-03 01:30:00,OBJ_1014,CL_08,wind,EE,2.4872,2.5812,0.094,True,
2026-04-03 01:45:00,OBJ_1001,CL_01,solar,LV,0.0,0.0,0.0,True,
2026-04-03 01:45:00,OBJ_1002,CL_01,wind,LV,6.4364,5.1734,1.263,True,
2026-04-03 01:45:00,OBJ_1004,,hydro,LT,,1.0982,,False,missing_client_id|missing_object_metadata|no_actual
2026-04-03 01:45:00,OBJ_1005,CL_03,bess,,0.8003,0.7295,0.0708,True,missing_area
2026-04-03 01:45:00,OBJ_1006,CL_04,solar,LV,0.0,0.0,0.0,False,negative_capacity
2026-04-03 01:45:00,OBJ_1007,CL_02,wind,EE,3.5184,4.2504,0.732,True,
2026-04-03 01:45:00,OBJ_1008,CL_05,consumer,LT,3.6556,3.3844,0.2712,True,
2026-04-03 01:45:00,OBJ_1009,CL_05,solar,LV,0.0,0.0,0.0,True,
2026-04-03 01:45:00,OBJ_1010,CL_06,wind,EE,4.8112,4.1716,0.6396,True,
2026-04-03 01:45:00,OBJ_1011,CL_06,bess,LT,1.3614,1.216,0.1454,True,
2026-04-03 01:45:00,OBJ_1012,CL_07,consumer,LV,5.9097,4.702,1.2077,True,
2026-04-03 01:45:00,OBJ_1014,CL_08,wind,EE,2.6906,2.4615,0.2291,True,
2026-04-03 02:00:00,OBJ_1001,CL_01,solar,LV,0.0,0.0,0.0,True,
2026-04-03 02:00:00,OBJ_1002,CL_01,wind,LV,5.8314,6.562,0.7306,True,
2026-04-03 02:00:00,OBJ_1004,,hydro,LT,,0.9584,,False,missing_client_id|missing_object_metadata|no_actual
2026-04-03 02:00:00,OBJ_1005,CL_03,bess,,0.7093,0.6717,0.0376,True,missing_area
2026-04-03 02:00:00,OBJ_1006,CL_04,solar,LV,0.0,0.0,0.0,False,negative_capacity
2026-04-03 02:00:00,OBJ_1007,CL_02,wind,EE,4.4791,5.4848,1.0057,True,
2026-04-03 02:00:00,OBJ_1008,CL_05,consumer,LT,3.5337,4.1362,0.6025,True,
2026-04-03 02:00:00,OBJ_1009,CL_05,solar,LV,0.0,0.0,0.0,True,
2026-04-03 02:00:00,OBJ_1010,CL_06,wind,EE,5.5046,6.212,0.7074,True,
2026-04-03 02:00:00,OBJ_1011,CL_06,bess,LT,1.3078,1.3581,0.0503,True,
2026-04-03 02:00:00,OBJ_1012,CL_07,consumer,LV,5.3213,5.6508,0.3295,True,
2026-04-03 02:00:00,OBJ_1014,CL_08,wind,EE,2.7222,3.2801,0.5579,True,
2026-04-03 02:15:00,OBJ_1001,CL_01,solar,LV,0.0,0.0,0.0,True,
2026-04-03 02:15:00,OBJ_1002,CL_01,wind,LV,7.3104,6.3866,0.9238,True,
2026-04-03 02:15:00,OBJ_1004,,hydro,LT,,1.1943,,False,missing_client_id|missing_object_metadata|no_actual
2026-04-03 02:15:00,OBJ_1005,CL_03,bess,,0.8852,0.7506,0.1346,True,missing_area
2026-04-03 02:15:00,OBJ_1006,CL_04,solar,LV,0.0,0.0,0.0,False,negative_capacity
2026-04-03 02:15:00,OBJ_1007,CL_02,wind,EE,4.0475,3.9253,0.1222,True,
2026-04-03 02:15:00,OBJ_1008,CL_05,consumer,LT,4.0675,3.794,0.2735,True,
2026-04-03 02:15:00,OBJ_1009,CL_05,solar,LV,0.0,0.0,0.0,True,
2026-04-03 02:15:00,OBJ_1010,CL_06,wind,EE,5.9984,5.7073,0.2911,True,
2026-04-03 02:15:00,OBJ_1011,CL_06,bess,LT,1.09,1.3372,0.2472,True,
2026-04-03 02:15:00,OBJ_1012,CL_07,consumer,LV,4.2131,6.3406,2.1275,True,
2026-04-03 02:15:00,OBJ_1014,CL_08,wind,EE,2.6512,3.1117,0.4605,True,
2026-04-03 02:30:00,OBJ_1001,CL_01,solar,LV,0.0,0.0,0.0,True,
2026-04-03 02:30:00,OBJ_1002,CL_01,wind,LV,6.4671,5.8346,0.6325,True,
2026-04-03 02:30:00,OBJ_1004,,hydro,LT,,1.0909,,False,missing_client_id|missing_object_metadata|no_actual
2026-04-03 02:30:00,OBJ_1005,CL_03,bess,,0.7079,0.7508,0.0429,True,missing_area
2026-04-03 02:30:00,OBJ_1006,CL_04,solar,LV,0.0,0.0,0.0,False,negative_capacity
2026-04-03 02:30:00,OBJ_1007,CL_02,wind,EE,4.09,4.2713,0.1813,True,
2026-04-03 02:30:00,OBJ_1008,CL_05,consumer,LT,3.6733,2.9897,0.6836,True,
2026-04-03 02:30:00,OBJ_1009,CL_05,solar,LV,0.0,0.0,0.0,True,
2026-04-03 02:30:00,OBJ_1010,CL_06,wind,EE,5.4665,5.7075,0.241,True,
2026-04-03 02:30:00,OBJ_1011,CL_06,bess,LT,0.9158,1.021,0.1052,True,
2026-04-03 02:30:00,OBJ_1012,CL_07,consumer,LV,4.7078,4.3982,0.3096,True,
2026-04-03 02:30:00,OBJ_1014,CL_08,wind,EE,2.7287,3.2758,0.5471,True,
2026-04-03 02:45:00,OBJ_1001,CL_01,solar,LV,0.0,0.0,0.0,True,
2026-04-03 02:45:00,OBJ_1002,CL_01,wind,LV,6.3988,7.4871,1.0883,True,
2026-04-03 02:45:00,OBJ_1004,,hydro,LT,,0.9889,,False,missing_client_id|missing_object_metadata|no_actual
2026-04-03 02:45:00,OBJ_1005,CL_03,bess,,0.7541,0.7197,0.0344,True,missing_area
2026-04-03 02:45:00,OBJ_1006,CL_04,solar,LV,0.0,0.0,0.0,False,negative_capacity
2026-04-03 02:45:00,OBJ_1007,CL_02,wind,EE,4.3472,5.1685,0.8213,True,
2026-04-03 02:45:00,OBJ_1008,CL_05,consumer,LT,3.127,3.4272,0.3002,True,
2026-04-03 02:45:00,OBJ_1009,CL_05,solar,LV,0.0,0.0,0.0,True,
2026-04-03 02:45:00,OBJ_1010,CL_06,wind,EE,6.2639,4.8085,1.4554,True,
2026-04-03 02:45:00,OBJ_1011,CL_06,bess,LT,1.4869,1.4231,0.0638,True,
2026-04-03 02:45:00,OBJ_1012,CL_07,consumer,LV,5.1439,5.8812,0.7373,True,
2026-04-03 02:45:00,OBJ_1014,CL_08,wind,EE,2.7962,2.6931,0.1031,True,
2026-04-03 03:00:00,OBJ_1001,CL_01,solar,LV,0.0,0.0,0.0,True,
2026-04-03 03:00:00,OBJ_1002,CL_01,wind,LV,6.4392,6.8914,0.4522,True,
2026-04-03 03:00:00,OBJ_1004,,hydro,LT,,1.0677,,False,missing_client_id|missing_object_metadata|no_actual
2026-04-03 03:00:00,OBJ_1005,CL_03,bess,,0.7205,0.9439,0.2234,True,missing_area
2026-04-03 03:00:00,OBJ_1006,CL_04,solar,LV,0.0,0.0,0.0,False,negative_capacity
2026-04-03 03:00:00,OBJ_1007,CL_02,wind,EE,4.1894,5.0888,0.8994,True,
2026-04-03 03:00:00,OBJ_1008,CL_05,consumer,LT,3.652,3.3238,0.3282,True,
2026-04-03 03:00:00,OBJ_1009,CL_05,solar,LV,0.0,0.0,0.0,True,
2026-04-03 03:00:00,OBJ_1010,CL_06,wind,EE,5.9565,6.9232,0.9667,True,
2026-04-03 03:00:00,OBJ_1011,CL_06,bess,LT,0.9462,1.0656,0.1194,True,
2026-04-03 03:00:00,OBJ_1012,CL_07,consumer,LV,4.5034,5.4228,0.9194,True,
2026-04-03 03:00:00,OBJ_1014,CL_08,wind,EE,3.0526,3.0713,0.0187,True,
2026-04-03 03:15:00,OBJ_1001,CL_01,solar,LV,0.0,0.0,0.0,True,
2026-04-03 03:15:00,OBJ_1002,CL_01,wind,LV,7.3725,6.8432,0.5293,True,
2026-04-03 03:15:00,OBJ_1004,,hydro,LT,,1.3321,,False,missing_client_id|missing_object_metadata|no_actual
2026-04-03 03:15:00,OBJ_1005,CL_03,bess,,0.6782,0.8425,0.1643,True,missing_area
2026-04-03 03:15:00,OBJ_1006,CL_04,solar,LV,0.0,0.0,0.0,False,negative_capacity
2026-04-03 03:15:00,OBJ_1007,CL_02,wind,EE,4.5196,4.8802,0.3606,True,
2026-04-03 03:15:00,OBJ_1008,CL_05,consumer,LT,4.4232,3.6901,0.7331,True,
2026-04-03 03:15:00,OBJ_1009,CL_05,solar,LV,0.0,0.0,0.0,True,
2026-04-03 03:15:00,OBJ_1010,CL_06,wind,EE,6.1889,5.8781,0.3108,True,
2026-04-03 03:15:00,OBJ_1011,CL_06,bess,LT,1.3824,1.116,0.2664,True,
2026-04-03 03:15:00,OBJ_1012,CL_07,consumer,LV,4.6591,6.3553,1.6962,True,
2026-04-03 03:15:00,OBJ_1014,CL_08,wind,EE,3.1355,3.4421,0.3066,True,
2026-04-03 03:30:00,OBJ_1001,CL_01,solar,LV,0.0,0.0,0.0,True,
2026-04-03 03:30:00,OBJ_1002,CL_01,wind,LV,7.9176,6.9718,0.9458,True,
2026-04-03 03:30:00,OBJ_1004,,hydro,LT,,1.2704,,False,missing_client_id|missing_object_metadata|no_actual
2026-04-03 03:30:00,OBJ_1005,CL_03,bess,,0.9897,0.7513,0.2384,True,missing_area
2026-04-03 03:30:00,OBJ_1006,CL_04,solar,LV,0.0,0.0,0.0,False,negative_capacity
2026-04-03 03:30:00,OBJ_1007,CL_02,wind,EE,4.5415,4.6274,0.0859,True,
2026-04-03 03:30:00,OBJ_1008,CL_05,consumer,LT,4.4209,3.3204,1.1005,True,
2026-04-03 03:30:00,OBJ_1009,CL_05,solar,LV,0.0,0.0,0.0,True,
2026-04-03 03:30:00,OBJ_1010,CL_06,wind,EE,5.6658,6.0672,0.4014,True,
2026-04-03 03:30:00,OBJ_1011,CL_06,bess,LT,1.4787,1.0542,0.4245,True,
2026-04-03 03:30:00,OBJ_1012,CL_07,consumer,LV,5.9375,6.1564,0.2189,True,
2026-04-03 03:30:00,OBJ_1014,CL_08,wind,EE,3.0948,3.1403,0.0455,True,
2026-04-03 03:45:00,OBJ_1001,CL_01,solar,LV,0.0,0.0,0.0,True,
2026-04-03 03:45:00,OBJ_1002,CL_01,wind,LV,7.1617,7.7563,0.5946,True,
2026-04-03 03:45:00,OBJ_1004,,hydro,LT,,1.1282,,False,missing_client_id|missing_object_metadata|no_actual
2026-04-03 03:45:00,OBJ_1005,CL_03,bess,,0.8304,0.7957,0.0347,True,missing_area
2026-04-03 03:45:00,OBJ_1006,CL_04,solar,LV,0.0,0.0,0.0,False,negative_capacity
2026-04-03 03:45:00,OBJ_1007,CL_02,wind,EE,4.6172,5.1315,0.5143,True,
2026-04-03 03:45:00,OBJ_1008,CL_05,consumer,LT,4.2247,3.089,1.1357,True,
2026-04-03 03:45:00,OBJ_1009,CL_05,solar,LV,0.0,0.0,0.0,True,
2026-04-03 03:45:00,OBJ_1010,CL_06,wind,EE,5.3233,5.6515,0.3282,True,
2026-04-03 03:45:00,OBJ_1011,CL_06,bess,LT,1.2383,1.1035,0.1348,True,
2026-04-03 03:45:00,OBJ_1012,CL_07,consumer,LV,5.1845,5.7926,0.6081,True,
2026-04-03 03:45:00,OBJ_1014,CL_08,wind,EE,3.3338,3.8138,0.48,True,
2026-04-03 04:00:00,OBJ_1001,CL_01,solar,LV,0.0,0.0,0.0,True,
2026-04-03 04:00:00,OBJ_1002,CL_01,wind,LV,7.454,7.4999,0.0459,True,
2026-04-03 04:00:00,OBJ_1004,,hydro,LT,,1.1418,,False,missing_client_id|missing_object_metadata|no_actual
2026-04-03 04:00:00,OBJ_1005,CL_03,bess,,0.9812,0.7939,0.1873,True,missing_area
2026-04-03 04:00:00,OBJ_1006,CL_04,solar,LV,0.0,0.0,0.0,False,negative_capacity
2026-04-03 04:00:00,OBJ_1007,CL_02,wind,EE,5.1909,4.8114,0.3795,True,
2026-04-03 04:00:00,OBJ_1008,CL_05,consumer,LT,3.6577,2.8958,0.7619,True,
2026-04-03 04:00:00,OBJ_1009,CL_05,solar,LV,0.0,0.0,0.0,True,
2026-04-03 04:00:00,OBJ_1010,CL_06,wind,EE,6.4614,6.5754,0.114,True,
2026-04-03 04:00:00,OBJ_1011,CL_06,bess,LT,1.3914,1.2749,0.1165,True,
2026-04-03 04:00:00,OBJ_1012,CL_07,consumer,LV,5.5913,4.2138,1.3775,True,
2026-04-03 04:00:00,OBJ_1014,CL_08,wind,EE,3.2808,2.8223,0.4585,True,
2026-04-03 04:15:00,OBJ_1001,CL_01,solar,LV,0.0,0.0,0.0,True,
2026-04-03 04:15:00,OBJ_1002,CL_01,wind,LV,7.6288,7.4068,0.222,True,
2026-04-03 04:15:00,OBJ_1004,,hydro,LT,,1.2601,,False,missing_client_id|missing_object_metadata|no_actual
2026-04-03 04:15:00,OBJ_1005,CL_03,bess,,0.6968,0.8326,0.1358,True,missing_area
2026-04-03 04:15:00,OBJ_1006,CL_04,solar,LV,0.0,0.0,0.0,False,negative_capacity
2026-04-03 04:15:00,OBJ_1007,CL_02,wind,EE,5.2005,5.2746,0.0741,True,
2026-04-03 04:15:00,OBJ_1008,CL_05,consumer,LT,4.1836,3.2032,0.9804,True,
2026-04-03 04:15:00,OBJ_1009,CL_05,solar,LV,0.0,0.0,0.0,True,
2026-04-03 04:15:00,OBJ_1010,CL_06,wind,EE,6.9826,6.3292,0.6534,True,
2026-04-03 04:15:00,OBJ_1011,CL_06,bess,LT,1.1875,1.5292,0.3417,True,
2026-04-03 04:15:00,OBJ_1012,CL_07,consumer,LV,4.8016,4.1568,0.6448,True,
2026-04-03 04:15:00,OBJ_1014,CL_08,wind,EE,3.3746,3.0474,0.3272,True,
2026-04-03 04:30:00,OBJ_1001,CL_01,solar,LV,0.0,0.0,0.0,True,
2026-04-03 04:30:00,OBJ_1002,CL_01,wind,LV,7.7514,6.6142,1.1372,True,
2026-04-03 04:30:00,OBJ_1004,,hydro,LT,,1.1413,,False,missing_client_id|missing_object_metadata|no_actual
2026-04-03 04:30:00,OBJ_1005,CL_03,bess,,0.8175,0.8065,0.011,True,missing_area
2026-04-03 04:30:00,OBJ_1006,CL_04,solar,LV,0.0,0.0,0.0,False,negative_capacity
2026-04-03 04:30:00,OBJ_1007,CL_02,wind,EE,4.7026,5.028,0.3254,True,
2026-04-03 04:30:00,OBJ_1008,CL_05,consumer,LT,4.3433,3.4248,0.9185,True,
2026-04-03 04:30:00,OBJ_1009,CL_05,solar,LV,0.0,0.0,0.0,True,
2026-04-03 04:30:00,OBJ_1010,CL_06,wind,EE,6.3658,6.1029,0.2629,True,
2026-04-03 04:30:00,OBJ_1011,CL_06,bess,LT,0.951,1.0934,0.1424,True,
2026-04-03 04:30:00,OBJ_1012,CL_07,consumer,LV,5.5379,4.5996,0.9383,True,
2026-04-03 04:30:00,OBJ_1014,CL_08,wind,EE,3.5199,3.2952,0.2247,True,
2026-04-03 04:45:00,OBJ_1001,CL_01,solar,LV,0.0,0.0,0.0,True,
2026-04-03 04:45:00,OBJ_1002,CL_01,wind,LV,7.6575,8.7326,1.0751,True,
2026-04-03 04:45:00,OBJ_1004,,hydro,LT,,1.0253,,False,missing_client_id|missing_object_metadata|no_actual
2026-04-03 04:45:00,OBJ_1005,CL_03,bess,,0.6177,0.8773,0.2596,True,missing_area
2026-04-03 04:45:00,OBJ_1006,CL_04,solar,LV,0.0,0.0,0.0,False,negative_capacity
2026-04-03 04:45:00,OBJ_1007,CL_02,wind,EE,5.1476,5.2229,0.0753,True,
2026-04-03 04:45:00,OBJ_1008,CL_05,consumer,LT,3.5994,3.4246,0.1748,True,
2026-04-03 04:45:00,OBJ_1009,CL_05,solar,LV,0.0,0.0,0.0,True,
2026-04-03 04:45:00,OBJ_1010,CL_06,wind,EE,6.9389,5.8224,1.1165,True,
2026-04-03 04:45:00,OBJ_1011,CL_06,bess,LT,1.1583,1.1642,0.0059,True,
2026-04-03 04:45:00,OBJ_1012,CL_07,consumer,LV,4.0211,5.9941,1.973,True,
2026-04-03 04:45:00,OBJ_1014,CL_08,wind,EE,3.136,3.7109,0.5749,True,
2026-04-03 05:00:00,OBJ_1001,CL_01,solar,LV,0.0,0.0,0.0,True,
2026-04-03 05:00:00,OBJ_1002,CL_01,wind,LV,7.2702,6.3118,0.9584,True,
2026-04-03 05:00:00,OBJ_1004,,hydro,LT,,1.2219,,False,missing_client_id|missing_object_metadata|no_actual
2026-04-03 05:00:00,OBJ_1005,CL_03,bess,,0.8322,0.8015,0.0307,True,missing_area
2026-04-03 05:00:00,OBJ_1006,CL_04,solar,LV,0.0,0.0,0.0,False,negative_capacity
2026-04-03 05:00:00,OBJ_1007,CL_02,wind,EE,4.7463,5.1816,0.4353,True,
2026-04-03 05:00:00,OBJ_1008,CL_05,consumer,LT,3.5867,4.1074,0.5207,True,
2026-04-03 05:00:00,OBJ_1009,CL_05,solar,LV,0.0,0.0,0.0,True,
2026-04-03 05:00:00,OBJ_1010,CL_06,wind,EE,6.1787,6.0066,0.1721,True,
2026-04-03 05:00:00,OBJ_1011,CL_06,bess,LT,1.2003,1.3977,0.1974,True,
2026-04-03 05:00:00,OBJ_1012,CL_07,consumer,LV,4.6899,4.906,0.2161,True,
2026-04-03 05:00:00,OBJ_1014,CL_08,wind,EE,2.8642,3.8329,0.9687,True,
2026-04-03 05:15:00,OBJ_1001,CL_01,solar,LV,0.0,0.0,0.0,True,
2026-04-03 05:15:00,OBJ_1002,CL_01,wind,LV,7.0578,5.8328,1.225,True,
2026-04-03 05:15:00,OBJ_1004,,hydro,LT,,1.1921,,False,missing_client_id|missing_object_metadata|no_actual
2026-04-03 05:15:00,OBJ_1005,CL_03,bess,,0.9847,0.7468,0.2379,True,missing_area
2026-04-03 05:15:00,OBJ_1006,CL_04,solar,LV,0.0,0.0,0.0,False,negative_capacity
2026-04-03 05:15:00,OBJ_1007,CL_02,wind,EE,5.4279,4.6195,0.8084,True,
2026-04-03 05:15:00,OBJ_1008,CL_05,consumer,LT,3.2125,3.8372,0.6247,True,
2026-04-03 05:15:00,OBJ_1009,CL_05,solar,LV,0.0,0.0,0.0,True,
2026-04-03 05:15:00,OBJ_1010,CL_06,wind,EE,5.9493,6.5613,0.612,True,
2026-04-03 05:15:00,OBJ_1011,CL_06,bess,LT,1.0241,0.8363,0.1878,True,
2026-04-03 05:15:00,OBJ_1012,CL_07,consumer,LV,4.9659,6.2551,1.2892,True,
2026-04-03 05:15:00,OBJ_1014,CL_08,wind,EE,3.2918,3.3913,0.0995,True,
2026-04-03 05:30:00,OBJ_1001,CL_01,solar,LV,0.0,0.0,0.0,True,
2026-04-03 05:30:00,OBJ_1002,CL_01,wind,LV,7.6379,7.0495,0.5884,True,
2026-04-03 05:30:00,OBJ_1004,,hydro,LT,,1.1519,,False,missing_client_id|missing_object_metadata|no_actual
2026-04-03 05:30:00,OBJ_1005,CL_03,bess,,0.7276,1.0044,0.2768,True,missing_area
2026-04-03 05:30:00,OBJ_1006,CL_04,solar,LV,0.0,0.0,0.0,False,negative_capacity
2026-04-03 05:30:00,OBJ_1007,CL_02,wind,EE,5.2482,4.5057,0.7425,True,
2026-04-03 05:30:00,OBJ_1008,CL_05,consumer,LT,3.1726,3.6678,0.4952,True,
2026-04-03 05:30:00,OBJ_1009,CL_05,solar,LV,0.0,0.0,0.0,True,
2026-04-03 05:30:00,OBJ_1010,CL_06,wind,EE,6.2809,5.6825,0.5984,True,
2026-04-03 05:30:00,OBJ_1011,CL_06,bess,LT,1.3063,1.1411,0.1652,True,
2026-04-03 05:30:00,OBJ_1012,CL_07,consumer,LV,4.3287,4.3328,0.0041,True,
2026-04-03 05:30:00,OBJ_1014,CL_08,wind,EE,3.7726,3.2944,0.4782,True,
2026-04-03 05:45:00,OBJ_1001,CL_01,solar,LV,0.0,0.0,0.0,True,
2026-04-03 05:45:00,OBJ_1002,CL_01,wind,LV,6.5588,6.5538,0.005,True,
2026-04-03 05:45:00,OBJ_1004,,hydro,LT,,1.0958,,False,missing_client_id|missing_object_metadata|no_actual
2026-04-03 05:45:00,OBJ_1005,CL_03,bess,,0.6641,0.7652,0.1011,True,missing_area
2026-04-03 05:45:00,OBJ_1006,CL_04,solar,LV,0.0,0.0,0.0,False,negative_capacity
2026-04-03 05:45:00,OBJ_1007,CL_02,wind,EE,5.4524,4.1597,1.2927,True,
2026-04-03 05:45:00,OBJ_1008,CL_05,consumer,LT,3.3478,3.147,0.2008,True,
2026-04-03 05:45:00,OBJ_1009,CL_05,solar,LV,0.0,0.0,0.0,True,
2026-04-03 05:45:00,OBJ_1010,CL_06,wind,EE,5.4829,6.2506,0.7677,True,
2026-04-03 05:45:00,OBJ_1011,CL_06,bess,LT,1.2843,1.4783,0.194,True,
2026-04-03 05:45:00,OBJ_1012,CL_07,consumer,LV,4.8643,5.2673,0.403,True,
2026-04-03 05:45:00,OBJ_1014,CL_08,wind,EE,2.8686,2.7718,0.0968,True,
2026-04-03 06:00:00,OBJ_1001,CL_01,solar,LV,0.0,0.0,0.0,True,
2026-04-03 06:00:00,OBJ_1002,CL_01,wind,LV,6.2447,6.1341,0.1106,True,
2026-04-03 06:00:00,OBJ_1004,,hydro,LT,,1.0312,,False,missing_client_id|missing_object_metadata|no_actual
2026-04-03 06:00:00,OBJ_1005,CL_03,bess,,0.8369,0.8378,0.0009,True,missing_area
2026-04-03 06:00:00,OBJ_1006,CL_04,solar,LV,0.0,0.0,0.0,False,negative_capacity
2026-04-03 06:00:00,OBJ_1007,CL_02,wind,EE,4.8238,5.1318,0.308,True,
2026-04-03 06:00:00,OBJ_1008,CL_05,consumer,LT,3.3087,4.2011,0.8924,True,
2026-04-03 06:00:00,OBJ_1009,CL_05,solar,LV,0.0,0.0,0.0,True,
2026-04-03 06:00:00,OBJ_1010,CL_06,wind,EE,6.199,4.625,1.574,True,
2026-04-03 06:00:00,OBJ_1011,CL_06,bess,LT,0.9375,1.1184,0.1809,True,
2026-04-03 06:00:00,OBJ_1012,CL_07,consumer,LV,4.2035,4.8567,0.6532,True,
2026-04-03 06:00:00,OBJ_1014,CL_08,wind,EE,3.4661,3.014,0.4521,True,
2026-04-03 06:15:00,OBJ_1001,CL_01,solar,LV,0.2215,0.2332,0.0117,True,
2026-04-03 06:15:00,OBJ_1002,CL_01,wind,LV,6.496,6.6523,0.1563,True,
2026-04-03 06:15:00,OBJ_1004,,hydro,LT,,1.1226,,False,missing_client_id|missing_object_metadata|no_actual
2026-04-03 06:15:00,OBJ_1005,CL_03,bess,,0.783,0.7585,0.0245,True,missing_area
2026-04-03 06:15:00,OBJ_1006,CL_04,solar,LV,0.2244,0.2188,0.0056,False,negative_capacity
2026-04-03 06:15:00,OBJ_1007,CL_02,wind,EE,5.0294,5.1166,0.0872,True,
2026-04-03 06:15:00,OBJ_1008,CL_05,consumer,LT,3.7916,3.7718,0.0198,True,
2026-04-03 06:15:00,OBJ_1009,CL_05,solar,LV,0.3182,0.2765,0.0417,True,
2026-04-03 06:15:00,OBJ_1010,CL_06,wind,EE,5.8544,5.5323,0.3221,True,
2026-04-03 06:15:00,OBJ_1011,CL_06,bess,LT,1.2668,1.0264,0.2404,True,
2026-04-03 06:15:00,OBJ_1012,CL_07,consumer,LV,5.174,4.2301,0.9439,True,
2026-04-03 06:15:00,OBJ_1014,CL_08,wind,EE,2.997,3.1427,0.1457,True,
2026-04-03 06:30:00,OBJ_1001,CL_01,solar,LV,0.4922,0.4724,0.0198,True,
2026-04-03 06:30:00,OBJ_1002,CL_01,wind,LV,7.0651,6.6736,0.3915,True,
2026-04-03 06:30:00,OBJ_1004,,hydro,LT,,1.1992,,False,missing_client_id|missing_object_metadata|no_actual
2026-04-03 06:30:00,OBJ_1005,CL_03,bess,,0.9255,1.0138,0.0883,True,missing_area
2026-04-03 06:30:00,OBJ_1006,CL_04,solar,LV,0.4816,0.4715,0.0101,False,negative_capacity
2026-04-03 06:30:00,OBJ_1007,CL_02,wind,EE,4.2935,4.5627,0.2692,True,
2026-04-03 06:30:00,OBJ_1008,CL_05,consumer,LT,3.9217,4.6773,0.7556,True,
2026-04-03 06:30:00,OBJ_1009,CL_05,solar,LV,0.5796,0.5754,0.0042,True,
2026-04-03 06:30:00,OBJ_1010,CL_06,wind,EE,5.1008,7.0359,1.9351,True,
2026-04-03 06:30:00,OBJ_1011,CL_06,bess,LT,0.9707,0.9892,0.0185,True,
2026-04-03 06:30:00,OBJ_1012,CL_07,consumer,LV,4.6108,4.4655,0.1453,True,
2026-04-03 06:30:00,OBJ_1014,CL_08,wind,EE,2.8494,3.5073,0.6579,True,
2026-04-03 06:45:00,OBJ_1001,CL_01,solar,LV,0.7191,0.613,0.1061,True,
2026-04-03 06:45:00,OBJ_1002,CL_01,wind,LV,6.857,7.3252,0.4682,True,
2026-04-03 06:45:00,OBJ_1004,,hydro,LT,,1.1439,,False,missing_client_id|missing_object_metadata|no_actual
2026-04-03 06:45:00,OBJ_1005,CL_03,bess,,0.7673,0.8346,0.0673,True,missing_area
2026-04-03 06:45:00,OBJ_1006,CL_04,solar,LV,0.6563,0.6878,0.0315,False,negative_capacity
2026-04-03 06:45:00,OBJ_1007,CL_02,wind,EE,4.4058,4.0382,0.3676,True,
2026-04-03 06:45:00,OBJ_1008,CL_05,consumer,LT,3.2786,3.1784,0.1002,True,
2026-04-03 06:45:00,OBJ_1009,CL_05,solar,LV,0.9501,0.9452,0.0049,True,
2026-04-03 06:45:00,OBJ_1010,CL_06,wind,EE,6.0114,5.2557,0.7557,True,
2026-04-03 06:45:00,OBJ_1011,CL_06,bess,LT,1.2872,1.3898,0.1026,True,
2026-04-03 06:45:00,OBJ_1012,CL_07,consumer,LV,5.9998,4.6879,1.3119,True,
2026-04-03 06:45:00,OBJ_1014,CL_08,wind,EE,3.1823,3.4607,0.2784,True,
2026-04-03 07:00:00,OBJ_1001,CL_01,solar,LV,0.9247,0.9393,0.0146,True,
2026-04-03 07:00:00,OBJ_1002,CL_01,wind,LV,5.553,5.8156,0.2626,True,
2026-04-03 07:00:00,OBJ_1004,,hydro,LT,,1.0092,,False,missing_client_id|missing_object_metadata|no_actual
2026-04-03 07:00:00,OBJ_1005,CL_03,bess,,0.7258,0.6405,0.0853,True,missing_area
2026-04-03 07:00:00,OBJ_1006,CL_04,solar,LV,0.9189,0.9223,0.0034,False,negative_capacity
2026-04-03 07:00:00,OBJ_1007,CL_02,wind,EE,3.5998,4.3456,0.7458,True,
2026-04-03 07:00:00,OBJ_1008,CL_05,consumer,LT,10.6157,13.2348,2.6191,True,
2026-04-03 07:00:00,OBJ_1009,CL_05,solar,LV,1.1368,1.2396,0.1028,True,
2026-04-03 07:00:00,OBJ_1010,CL_06,wind,EE,4.622,5.8435,1.2215,True,
2026-04-03 07:00:00,OBJ_1011,CL_06,bess,LT,1.3891,1.3434,0.0457,True,
2026-04-03 07:00:00,OBJ_1012,CL_07,consumer,LV,17.783,18.7136,0.9306,True,
2026-04-03 07:00:00,OBJ_1014,CL_08,wind,EE,2.8411,2.9203,0.0792,True,
2026-04-03 07:15:00,OBJ_1001,CL_01,solar,LV,1.1514,1.0799,0.0715,True,
2026-04-03 07:15:00,OBJ_1002,CL_01,wind,LV,6.5157,5.9412,0.5745,True,
2026-04-03 07:15:00,OBJ_1004,,hydro,LT,,1.1581,,False,missing_client_id|missing_object_metadata|no_actual
2026-04-03 07:15:00,OBJ_1005,CL_03,bess,,0.7663,0.6282,0.1381,True,missing_area
2026-04-03 07:15:00,OBJ_1006,CL_04,solar,LV,1.2158,0.9917,0.2241,False,negative_capacity
2026-04-03 07:15:00,OBJ_1007,CL_02,wind,EE,4.1127,4.4146,0.3019,True,
2026-04-03 07:15:00,OBJ_1008,CL_05,consumer,LT,9.372,11.135,1.763,True,
2026-04-03 07:15:00,OBJ_1009,CL_05,solar,LV,1.4196,1.7648,0.3452,True,
2026-04-03 07:15:00,OBJ_1010,CL_06,wind,EE,5.5423,4.9384,0.6039,True,
2026-04-03 07:15:00,OBJ_1011,CL_06,bess,LT,1.0753,0.964,0.1113,True,
2026-04-03 07:15:00,OBJ_1012,CL_07,consumer,LV,13.6491,15.6079,1.9588,True,
2026-04-03 07:15:00,OBJ_1014,CL_08,wind,EE,2.8672,2.9739,0.1067,True,
2026-04-03 07:30:00,OBJ_1001,CL_01,solar,LV,1.3008,1.2358,0.065,True,
2026-04-03 07:30:00,OBJ_1002,CL_01,wind,LV,6.1136,5.7975,0.3161,True,
2026-04-03 07:30:00,OBJ_1004,,hydro,LT,,1.1486,,False,missing_client_id|missing_object_metadata|no_actual
2026-04-03 07:30:00,OBJ_1005,CL_03,bess,,0.897,0.6023,0.2947,True,missing_area
2026-04-03 07:30:00,OBJ_1006,CL_04,solar,LV,1.4341,1.3944,0.0397,False,negative_capacity
2026-04-03 07:30:00,OBJ_1007,CL_02,wind,EE,4.1847,4.9759,0.7912,True,
2026-04-03 07:30:00,OBJ_1008,CL_05,consumer,LT,9.5094,10.7607,1.2513,True,
2026-04-03 07:30:00,OBJ_1009,CL_05,solar,LV,1.7184,2.1079,0.3895,True,
2026-04-03 07:30:00,OBJ_1010,CL_06,wind,EE,5.563,5.7852,0.2222,True,
2026-04-03 07:30:00,OBJ_1011,CL_06,bess,LT,1.394,1.0601,0.3339,True,
2026-04-03 07:30:00,OBJ_1012,CL_07,consumer,LV,14.2012,13.1159,1.0853,True,
2026-04-03 07:30:00,OBJ_1014,CL_08,wind,EE,3.0981,2.9672,0.1309,True,
2026-04-03 07:45:00,OBJ_1001,CL_01,solar,LV,1.4745,1.6604,0.1859,True,
2026-04-03 07:45:00,OBJ_1002,CL_01,wind,LV,6.5763,5.694,0.8823,True,
2026-04-03 07:45:00,OBJ_1004,,hydro,LT,,1.0632,,False,missing_client_id|missing_object_metadata|no_actual
2026-04-03 07:45:00,OBJ_1005,CL_03,bess,,0.8185,0.6185,0.2,True,missing_area
2026-04-03 07:45:00,OBJ_1006,CL_04,solar,LV,1.7194,1.6426,0.0768,False,negative_capacity
2026-04-03 07:45:00,OBJ_1007,CL_02,wind,EE,3.6574,4.4269,0.7695,True,
2026-04-03 07:45:00,OBJ_1008,CL_05,consumer,LT,12.7353,11.2948,1.4405,True,
2026-04-03 07:45:00,OBJ_1009,CL_05,solar,LV,2.2105,2.3176,0.1071,True,
2026-04-03 07:45:00,OBJ_1010,CL_06,wind,EE,4.8595,4.7141,0.1454,True,
2026-04-03 07:45:00,OBJ_1011,CL_06,bess,LT,1.4996,1.4765,0.0231,True,
2026-04-03 07:45:00,OBJ_1012,CL_07,consumer,LV,14.6984,16.4539,1.7555,True,
2026-04-03 07:45:00,OBJ_1014,CL_08,wind,EE,2.7139,3.2496,0.5357,True,
2026-04-03 08:00:00,OBJ_1001,CL_01,solar,LV,1.8988,1.7905,0.1083,True,
2026-04-03 08:00:00,OBJ_1002,CL_01,wind,LV,5.2424,5.0457,0.1967,True,
2026-04-03 08:00:00,OBJ_1004,,hydro,LT,,1.1083,,False,missing_client_id|missing_object_metadata|no_actual
2026-04-03 08:00:00,OBJ_1005,CL_03,bess,,0.9976,0.6544,0.3432,True,missing_area
2026-04-03 08:00:00,OBJ_1006,CL_04,solar,LV,1.8868,1.9362,0.0494,False,negative_capacity
2026-04-03 08:00:00,OBJ_1007,CL_02,wind,EE,3.2895,3.6718,0.3823,True,
2026-04-03 08:00:00,OBJ_1008,CL_05,consumer,LT,12.6482,10.7095,1.9387,True,
2026-04-03 08:00:00,OBJ_1009,CL_05,solar,LV,2.4424,2.51,0.0676,True,
2026-04-03 08:00:00,OBJ_1010,CL_06,wind,EE,4.2563,4.7797,0.5234,True,
2026-04-03 08:00:00,OBJ_1011,CL_06,bess,LT,1.3265,0.9356,0.3909,True,
2026-04-03 08:00:00,OBJ_1012,CL_07,consumer,LV,15.7966,16.2181,0.4215,True,
2026-04-03 08:00:00,OBJ_1014,CL_08,wind,EE,2.212,2.5563,0.3443,True,
2026-04-03 08:15:00,OBJ_1001,CL_01,solar,LV,1.8957,1.8344,0.0613,True,
2026-04-03 08:15:00,OBJ_1002,CL_01,wind,LV,4.888,5.679,0.791,True,
2026-04-03 08:15:00,OBJ_1004,,hydro,LT,,1.036,,False,missing_client_id|missing_object_metadata|no_actual
2026-04-03 08:15:00,OBJ_1005,CL_03,bess,,0.6828,0.7937,0.1109,True,missing_area
2026-04-03 08:15:00,OBJ_1006,CL_04,solar,LV,1.8696,2.1235,0.2539,False,negative_capacity
2026-04-03 08:15:00,OBJ_1007,CL_02,wind,EE,3.4052,3.7715,0.3663,True,
2026-04-03 08:15:00,OBJ_1008,CL_05,consumer,LT,10.2649,10.5471,0.2822,True,
2026-04-03 08:15:00,OBJ_1009,CL_05,solar,LV,2.7015,2.7191,0.0176,True,
2026-04-03 08:15:00,OBJ_1010,CL_06,wind,EE,4.222,3.9231,0.2989,True,
2026-04-03 08:15:00,OBJ_1011,CL_06,bess,LT,1.3224,1.38,0.0576,True,
2026-04-03 08:15:00,OBJ_1012,CL_07,consumer,LV,13.736,19.1119,5.3759,True,
2026-04-03 08:15:00,OBJ_1014,CL_08,wind,EE,2.2828,2.3196,0.0368,True,
2026-04-03 08:30:00,OBJ_1001,CL_01,solar,LV,2.3432,2.0969,0.2463,True,
2026-04-03 08:30:00,OBJ_1002,CL_01,wind,LV,6.0753,4.6342,1.4411,True,
2026-04-03 08:30:00,OBJ_1004,,hydro,LT,,1.0048,,False,missing_client_id|missing_object_metadata|no_actual
2026-04-03 08:30:00,OBJ_1005,CL_03,bess,,0.8717,0.8719,0.0002,True,missing_area
2026-04-03 08:30:00,OBJ_1006,CL_04,solar,LV,2.0692,2.424,0.3548,False,negative_capacity
2026-04-03 08:30:00,OBJ_1007,CL_02,wind,EE,4.0271,3.3645,0.6626,True,
2026-04-03 08:30:00,OBJ_1008,CL_05,consumer,LT,12.5356,12.677,0.1414,True,
2026-04-03 08:30:00,OBJ_1009,CL_05,solar,LV,3.1533,2.5147,0.6386,True,
2026-04-03 08:30:00,OBJ_1010,CL_06,wind,EE,5.0716,4.4726,0.599,True,
2026-04-03 08:30:00,OBJ_1011,CL_06,bess,LT,1.4202,1.0847,0.3355,True,
2026-04-03 08:30:00,OBJ_1012,CL_07,consumer,LV,12.7613,15.2318,2.4705,True,
2026-04-03 08:30:00,OBJ_1014,CL_08,wind,EE,2.7011,2.165,0.5361,True,
2026-04-03 08:45:00,OBJ_1001,CL_01,solar,LV,2.3109,2.5162,0.2053,True,
2026-04-03 08:45:00,OBJ_1002,CL_01,wind,LV,5.6575,5.2842,0.3733,True,
2026-04-03 08:45:00,OBJ_1004,,hydro,LT,,1.0875,,False,missing_client_id|missing_object_metadata|no_actual
2026-04-03 08:45:00,OBJ_1005,CL_03,bess,,0.9314,0.8674,0.064,True,missing_area
2026-04-03 08:45:00,OBJ_1006,CL_04,solar,LV,2.5109,2.0644,0.4465,False,negative_capacity
2026-04-03 08:45:00,OBJ_1007,CL_02,wind,EE,3.7359,3.1816,0.5543,True,
2026-04-03 08:45:00,OBJ_1008,CL_05,consumer,LT,11.2026,10.1537,1.0489,True,
2026-04-03 08:45:00,OBJ_1009,CL_05,solar,LV,3.2519,3.1181,0.1338,True,
2026-04-03 08:45:00,OBJ_1010,CL_06,wind,EE,4.1522,4.1732,0.021,True,
2026-04-03 08:45:00,OBJ_1011,CL_06,bess,LT,1.1485,1.4176,0.2691,True,
2026-04-03 08:45:00,OBJ_1012,CL_07,consumer,LV,14.712,15.121,0.409,True,
2026-04-03 08:45:00,OBJ_1014,CL_08,wind,EE,2.5387,2.374,0.1647,True,
2026-04-03 09:00:00,OBJ_1001,CL_01,solar,LV,2.7553,2.8055,0.0502,True,
2026-04-03 09:00:00,OBJ_1002,CL_01,wind,LV,3.8288,4.2407,0.4119,True,
2026-04-03 09:00:00,OBJ_1004,,hydro,LT,,1.0235,,False,missing_client_id|missing_object_metadata|no_actual
2026-04-03 09:00:00,OBJ_1005,CL_03,bess,,0.8062,0.9496,0.1434,True,missing_area
2026-04-03 09:00:00,OBJ_1006,CL_04,solar,LV,2.5019,2.581,0.0791,False,negative_capacity
2026-04-03 09:00:00,OBJ_1007,CL_02,wind,EE,3.2484,2.4838,0.7646,True,
2026-04-03 09:00:00,OBJ_1008,CL_05,consumer,LT,10.6608,10.6334,0.0274,True,
2026-04-03 09:00:00,OBJ_1009,CL_05,solar,LV,3.713,3.2438,0.4692,True,
2026-04-03 09:00:00,OBJ_1010,CL_06,wind,EE,3.4322,3.209,0.2232,True,
2026-04-03 09:00:00,OBJ_1011,CL_06,bess,LT,0.9015,1.038,0.1365,True,
2026-04-03 09:00:00,OBJ_1012,CL_07,consumer,LV,16.6448,11.7796,4.8652,True,
2026-04-03 09:00:00,OBJ_1014,CL_08,wind,EE,2.1177,1.6781,0.4396,True,
2026-04-03 09:15:00,OBJ_1001,CL_01,solar,LV,2.8775,2.783,0.0945,True,
2026-04-03 09:15:00,OBJ_1002,CL_01,wind,LV,4.281,4.1026,0.1784,True,
2026-04-03 09:15:00,OBJ_1004,,hydro,LT,,1.232,,False,missing_client_id|missing_object_metadata|no_actual
2026-04-03 09:15:00,OBJ_1005,CL_03,bess,,0.8657,0.9191,0.0534,True,missing_area
2026-04-03 09:15:00,OBJ_1006,CL_04,solar,LV,2.7099,2.7374,0.0275,False,negative_capacity
2026-04-03 09:15:00,OBJ_1007,CL_02,wind,EE,2.528,2.7205,0.1925,True,
2026-04-03 09:15:00,OBJ_1008,CL_05,consumer,LT,11.4049,11.0496,0.3553,True,
2026-04-03 09:15:00,OBJ_1009,CL_05,solar,LV,3.529,3.7193,0.1903,True,
2026-04-03 09:15:00,OBJ_1010,CL_06,wind,EE,3.5378,3.6607,0.1229,True,
2026-04-03 09:15:00,OBJ_1011,CL_06,bess,LT,1.0271,0.9786,0.0485,True,
2026-04-03 09:15:00,OBJ_1012,CL_07,consumer,LV,13.6112,14.5434,0.9322,True,
2026-04-03 09:15:00,OBJ_1014,CL_08,wind,EE,2.172,1.7687,0.4033,True,
2026-04-03 09:30:00,OBJ_1001,CL_01,solar,LV,2.8659,3.0483,0.1824,True,
2026-04-03 09:30:00,OBJ_1002,CL_01,wind,LV,4.4289,4.094,0.3349,True,
2026-04-03 09:30:00,OBJ_1004,,hydro,LT,,1.1823,,False,missing_client_id|missing_object_metadata|no_actual
2026-04-03 09:30:00,OBJ_1005,CL_03,bess,,0.8265,0.9637,0.1372,True,missing_area
2026-04-03 09:30:00,OBJ_1006,CL_04,solar,LV,2.9363,3.208,0.2717,False,negative_capacity
2026-04-03 09:30:00,OBJ_1007,CL_02,wind,EE,2.7594,3.4716,0.7122,True,
2026-04-03 09:30:00,OBJ_1008,CL_05,consumer,LT,12.0715,8.8921,3.1794,True,
2026-04-03 09:30:00,OBJ_1009,CL_05,solar,LV,3.6371,4.0774,0.4403,True,
2026-04-03 09:30:00,OBJ_1010,CL_06,wind,EE,3.1973,3.657,0.4597,True,
2026-04-03 09:30:00,OBJ_1011,CL_06,bess,LT,1.3703,0.9853,0.385,True,
2026-04-03 09:30:00,OBJ_1012,CL_07,consumer,LV,14.7575,15.4586,0.7011,True,
2026-04-03 09:30:00,OBJ_1014,CL_08,wind,EE,1.7725,2.1683,0.3958,True,
2026-04-03 09:45:00,OBJ_1001,CL_01,solar,LV,3.2837,2.802,0.4817,True,
2026-04-03 09:45:00,OBJ_1002,CL_01,wind,LV,4.2598,4.7498,0.49,True,
2026-04-03 09:45:00,OBJ_1004,,hydro,LT,,1.0523,,False,missing_client_id|missing_object_metadata|no_actual
2026-04-03 09:45:00,OBJ_1005,CL_03,bess,,0.6003,0.6323,0.032,True,missing_area
2026-04-03 09:45:00,OBJ_1006,CL_04,solar,LV,3.3343,2.9929,0.3414,False,negative_capacity
2026-04-03 09:45:00,OBJ_1007,CL_02,wind,EE,2.6427,3.1945,0.5518,True,
2026-04-03 09:45:00,OBJ_1008,CL_05,consumer,LT,12.0987,8.682,3.4167,True,
2026-04-03 09:45:00,OBJ_1009,CL_05,solar,LV,3.8913,3.9333,0.042,True,
2026-04-03 09:45:00,OBJ_1010,CL_06,wind,EE,3.7651,3.4116,0.3535,True,
2026-04-03 09:45:00,OBJ_1011,CL_06,bess,LT,0.9954,0.8498,0.1456,True,
2026-04-03 09:45:00,OBJ_1012,CL_07,consumer,LV,17.5964,16.4939,1.1025,True,
2026-04-03 09:45:00,OBJ_1014,CL_08,wind,EE,1.8575,1.8556,0.0019,True,
2026-04-03 10:00:00,OBJ_1001,CL_01,solar,LV,3.336,3.0628,0.2732,True,
2026-04-03 10:00:00,OBJ_1002,CL_01,wind,LV,3.0174,3.502,0.4846,True,
2026-04-03 10:00:00,OBJ_1004,,hydro,LT,,1.1409,,False,missing_client_id|missing_object_metadata|no_actual
2026-04-03 10:00:00,OBJ_1005,CL_03,bess,,-0.9487,-1.0063,0.0576,True,missing_area
2026-04-03 10:00:00,OBJ_1006,CL_04,solar,LV,3.4675,3.7559,0.2884,False,negative_capacity
2026-04-03 10:00:00,OBJ_1007,CL_02,wind,EE,1.9591,2.5896,0.6305,True,
2026-04-03 10:00:00,OBJ_1008,CL_05,consumer,LT,10.7835,10.4987,0.2848,True,
2026-04-03 10:00:00,OBJ_1009,CL_05,solar,LV,4.2023,3.8277,0.3746,True,
2026-04-03 10:00:00,OBJ_1010,CL_06,wind,EE,2.8619,2.9172,0.0553,True,
2026-04-03 10:00:00,OBJ_1011,CL_06,bess,LT,-1.3405,-1.5529,0.2124,True,
2026-04-03 10:00:00,OBJ_1012,CL_07,consumer,LV,15.9329,15.7554,0.1775,True,
2026-04-03 10:00:00,OBJ_1014,CL_08,wind,EE,1.5758,1.377,0.1988,True,
2026-04-03 10:15:00,OBJ_1001,CL_01,solar,LV,3.1201,3.3798,0.2597,True,
2026-04-03 10:15:00,OBJ_1002,CL_01,wind,LV,3.2276,3.6225,0.3949,True,
2026-04-03 10:15:00,OBJ_1004,,hydro,LT,,1.0718,,False,missing_client_id|missing_object_metadata|no_actual
2026-04-03 10:15:00,OBJ_1005,CL_03,bess,,-0.8531,-0.9003,0.0472,True,missing_area
2026-04-03 10:15:00,OBJ_1006,CL_04,solar,LV,3.244,3.8652,0.6212,False,negative_capacity
2026-04-03 10:15:00,OBJ_1007,CL_02,wind,EE,2.2775,2.4286,0.1511,True,
2026-04-03 10:15:00,OBJ_1008,CL_05,consumer,LT,9.0418,11.8623,2.8205,True,
2026-04-03 10:15:00,OBJ_1009,CL_05,solar,LV,4.6699,4.9262,0.2563,True,
2026-04-03 10:15:00,OBJ_1010,CL_06,wind,EE,2.9529,2.3932,0.5597,True,
2026-04-03 10:15:00,OBJ_1011,CL_06,bess,LT,-1.7929,-1.4449,0.348,True,
2026-04-03 10:15:00,OBJ_1012,CL_07,consumer,LV,14.5339,14.1642,0.3697,True,
2026-04-03 10:15:00,OBJ_1014,CL_08,wind,EE,1.3327,1.2696,0.0631,True,
2026-04-03 10:30:00,OBJ_1001,CL_01,solar,LV,3.2792,3.1985,0.0807,True,
2026-04-03 10:30:00,OBJ_1002,CL_01,wind,LV,3.1406,2.6262,0.5144,True,
2026-04-03 10:30:00,OBJ_1004,,hydro,LT,,1.1569,,False,missing_client_id|missing_object_metadata|no_actual
2026-04-03 10:30:00,OBJ_1005,CL_03,bess,,-1.0923,-1.1478,0.0555,True,missing_area
2026-04-03 10:30:00,OBJ_1006,CL_04,solar,LV,3.2973,3.3703,0.073,False,negative_capacity
2026-04-03 10:30:00,OBJ_1007,CL_02,wind,EE,2.0506,2.409,0.3584,True,
2026-04-03 10:30:00,OBJ_1008,CL_05,consumer,LT,12.9645,8.9178,4.0467,True,
2026-04-03 10:30:00,OBJ_1009,CL_05,solar,LV,4.4228,4.5875,0.1647,True,
2026-04-03 10:30:00,OBJ_1010,CL_06,wind,EE,2.9191,2.9213,0.0022,True,
2026-04-03 10:30:00,OBJ_1011,CL_06,bess,LT,-1.6519,-1.5533,0.0986,True,
2026-04-03 10:30:00,OBJ_1012,CL_07,consumer,LV,12.7989,14.8012,2.0023,True,
2026-04-03 10:30:00,OBJ_1014,CL_08,wind,EE,1.6989,1.4662,0.2327,True,
2026-04-03 10:45:00,OBJ_1001,CL_01,solar,LV,3.4321,3.7648,0.3327,True,
2026-04-03 10:45:00,OBJ_1002,CL_01,wind,LV,3.2774,3.1332,0.1442,True,
2026-04-03 10:45:00,OBJ_1004,,hydro,LT,,1.0649,,False,missing_client_id|missing_object_metadata|no_actual
2026-04-03 10:45:00,OBJ_1005,CL_03,bess,,-0.8034,-1.006,0.2026,True,missing_area
2026-04-03 10:45:00,OBJ_1006,CL_04,solar,LV,3.7317,3.3724,0.3593,False,negative_capacity
2026-04-03 10:45:00,OBJ_1007,CL_02,wind,EE,2.129,2.1737,0.0447,True,
2026-04-03 10:45:00,OBJ_1008,CL_05,consumer,LT,12.2509,10.5957,1.6552,True,
2026-04-03 10:45:00,OBJ_1009,CL_05,solar,LV,4.9584,5.317,0.3586,True,
2026-04-03 10:45:00,OBJ_1010,CL_06,wind,EE,2.4379,2.5034,0.0655,True,
2026-04-03 10:45:00,OBJ_1011,CL_06,bess,LT,-1.447,-1.4583,0.0113,True,
2026-04-03 10:45:00,OBJ_1012,CL_07,consumer,LV,16.1194,16.345,0.2256,True,
2026-04-03 10:45:00,OBJ_1014,CL_08,wind,EE,1.6423,1.5632,0.0791,True,
2026-04-03 11:00:00,OBJ_1001,CL_01,solar,LV,3.4989,3.7256,0.2267,True,
2026-04-03 11:00:00,OBJ_1002,CL_01,wind,LV,3.6683,4.6785,1.0102,True,
2026-04-03 11:00:00,OBJ_1004,,hydro,LT,,1.1303,,False,missing_client_id|missing_object_metadata|no_actual
2026-04-03 11:00:00,OBJ_1005,CL_03,bess,,-1.101,-0.9582,0.1428,True,missing_area
2026-04-03 11:00:00,OBJ_1006,CL_04,solar,LV,3.8048,3.9471,0.1423,False,negative_capacity
2026-04-03 11:00:00,OBJ_1007,CL_02,wind,EE,2.6692,2.7225,0.0533,True,
2026-04-03 11:00:00,OBJ_1008,CL_05,consumer,LT,13.3346,12.2705,1.0641,True,
2026-04-03 11:00:00,OBJ_1009,CL_05,solar,LV,4.85,4.632,0.218,True,
2026-04-03 11:00:00,OBJ_1010,CL_06,wind,EE,3.0957,2.9377,0.158,True,
2026-04-03 11:00:00,OBJ_1011,CL_06,bess,LT,-1.3662,-1.8106,0.4444,True,
2026-04-03 11:00:00,OBJ_1012,CL_07,consumer,LV,12.5055,19.6214,7.1159,True,
2026-04-03 11:00:00,OBJ_1014,CL_08,wind,EE,1.9269,1.8847,0.0422,True,
2026-04-03 11:15:00,OBJ_1001,CL_01,solar,LV,3.908,3.9084,0.0004,True,
2026-04-03 11:15:00,OBJ_1002,CL_01,wind,LV,4.2683,4.4362,0.1679,True,
2026-04-03 11:15:00,OBJ_1004,,hydro,LT,,1.2357,,False,missing_client_id|missing_object_metadata|no_actual
2026-04-03 11:15:00,OBJ_1005,CL_03,bess,,-1.1116,-1.1033,0.0083,True,missing_area
2026-04-03 11:15:00,OBJ_1006,CL_04,solar,LV,3.9644,3.9324,0.032,False,negative_capacity
2026-04-03 11:15:00,OBJ_1007,CL_02,wind,EE,3.0351,2.6331,0.402,True,
2026-04-03 11:15:00,OBJ_1008,CL_05,consumer,LT,11.9628,11.3735,0.5893,True,
2026-04-03 11:15:00,OBJ_1009,CL_05,solar,LV,4.9626,5.3701,0.4075,True,
2026-04-03 11:15:00,OBJ_1010,CL_06,wind,EE,3.4683,3.345,0.1233,True,
2026-04-03 11:15:00,OBJ_1011,CL_06,bess,LT,-1.5057,-1.297,0.2087,True,
2026-04-03 11:15:00,OBJ_1012,CL_07,consumer,LV,16.4871,17.8721,1.385,True,
2026-04-03 11:15:00,OBJ_1014,CL_08,wind,EE,1.7871,1.707,0.0801,True,
2026-04-03 11:30:00,OBJ_1001,CL_01,solar,LV,3.6451,3.8133,0.1682,True,
2026-04-03 11:30:00,OBJ_1002,CL_01,wind,LV,4.6118,3.4175,1.1943,True,
2026-04-03 11:30:00,OBJ_1004,,hydro,LT,,1.084,,False,missing_client_id|missing_object_metadata|no_actual
2026-04-03 11:30:00,OBJ_1005,CL_03,bess,,-1.1819,-0.9092,0.2727,True,missing_area
2026-04-03 11:30:00,OBJ_1006,CL_04,solar,LV,3.9257,3.6013,0.3244,False,negative_capacity
2026-04-03 11:30:00,OBJ_1007,CL_02,wind,EE,2.4552,2.7649,0.3097,True,
2026-04-03 11:30:00,OBJ_1008,CL_05,consumer,LT,11.2481,9.3027,1.9454,True,
2026-04-03 11:30:00,OBJ_1009,CL_05,solar,LV,5.3183,5.0796,0.2387,True,
2026-04-03 11:30:00,OBJ_1010,CL_06,wind,EE,3.4787,3.9609,0.4822,True,
2026-04-03 11:30:00,OBJ_1011,CL_06,bess,LT,-1.7866,-1.2382,0.5484,True,
2026-04-03 11:30:00,OBJ_1012,CL_07,consumer,LV,17.9213,16.3688,1.5525,True,
2026-04-03 11:30:00,OBJ_1014,CL_08,wind,EE,2.1333,2.1041,0.0292,True,
2026-04-03 11:45:00,OBJ_1001,CL_01,solar,LV,3.7611,3.9284,0.1673,True,
2026-04-03 11:45:00,OBJ_1002,CL_01,wind,LV,4.5679,4.2829,0.285,True,
2026-04-03 11:45:00,OBJ_1004,,hydro,LT,,1.135,,False,missing_client_id|missing_object_metadata|no_actual
2026-04-03 11:45:00,OBJ_1005,CL_03,bess,,-1.0274,-0.8153,0.2121,True,missing_area
2026-04-03 11:45:00,OBJ_1006,CL_04,solar,LV,3.9125,3.3687,0.5438,False,negative_capacity
2026-04-03 11:45:00,OBJ_1007,CL_02,wind,EE,2.905,2.7989,0.1061,True,
2026-04-03 11:45:00,OBJ_1008,CL_05,consumer,LT,12.4323,11.9404,0.4919,True,
2026-04-03 11:45:00,OBJ_1009,CL_05,solar,LV,5.7261,4.7797,0.9464,True,
2026-04-03 11:45:00,OBJ_1010,CL_06,wind,EE,3.7174,3.5093,0.2081,True,
2026-04-03 11:45:00,OBJ_1011,CL_06,bess,LT,-1.21,-1.7959,0.5859,True,
2026-04-03 11:45:00,OBJ_1012,CL_07,consumer,LV,12.4052,18.6417,6.2365,True,
2026-04-03 11:45:00,OBJ_1014,CL_08,wind,EE,1.769,1.7475,0.0215,True,
2026-04-03 12:00:00,OBJ_1001,CL_01,solar,LV,3.7553,4.0996,0.3443,True,
2026-04-03 12:00:00,OBJ_1002,CL_01,wind,LV,4.5151,5.1619,0.6468,True,
2026-04-03 12:00:00,OBJ_1004,,hydro,LT,,1.2226,,False,missing_client_id|missing_object_metadata|no_actual
2026-04-03 12:00:00,OBJ_1005,CL_03,bess,,-1.1157,-1.0081,0.1076,True,missing_area
2026-04-03 12:00:00,OBJ_1006,CL_04,solar,LV,4.0625,4.6935,0.631,False,negative_capacity
2026-04-03 12:00:00,OBJ_1007,CL_02,wind,EE,3.5688,3.6293,0.0605,True,
2026-04-03 12:00:00,OBJ_1008,CL_05,consumer,LT,11.2547,12.8792,1.6245,True,
2026-04-03 12:00:00,OBJ_1009,CL_05,solar,LV,5.3366,5.5305,0.1939,True,
2026-04-03 12:00:00,OBJ_1010,CL_06,wind,EE,4.5511,4.2916,0.2595,True,
2026-04-03 12:00:00,OBJ_1011,CL_06,bess,LT,-1.2495,-1.7978,0.5483,True,
2026-04-03 12:00:00,OBJ_1012,CL_07,consumer,LV,15.2194,14.8463,0.3731,True,
2026-04-03 12:00:00,OBJ_1014,CL_08,wind,EE,2.4451,2.4247,0.0204,True,
2026-04-03 12:15:00,OBJ_1001,CL_01,solar,LV,3.9556,3.9545,0.0011,True,
2026-04-03 12:15:00,OBJ_1002,CL_01,wind,LV,4.8831,5.9684,1.0853,True,
2026-04-03 12:15:00,OBJ_1004,,hydro,LT,,1.1597,,False,missing_client_id|missing_object_metadata|no_actual
2026-04-03 12:15:00,OBJ_1005,CL_03,bess,,-1.0045,-1.0921,0.0876,True,missing_area
2026-04-03 12:15:00,OBJ_1006,CL_04,solar,LV,3.9062,4.1379,0.2317,False,negative_capacity
2026-04-03 12:15:00,OBJ_1007,CL_02,wind,EE,3.7454,3.3389,0.4065,True,
2026-04-03 12:15:00,OBJ_1008,CL_05,consumer,LT,11.4138,10.0587,1.3551,True,
2026-04-03 12:15:00,OBJ_1009,CL_05,solar,LV,5.3746,5.0837,0.2909,True,
2026-04-03 12:15:00,OBJ_1010,CL_06,wind,EE,4.4681,4.5032,0.0351,True,
2026-04-03 12:15:00,OBJ_1011,CL_06,bess,LT,-1.7007,-1.7075,0.0068,True,
2026-04-03 12:15:00,OBJ_1012,CL_07,consumer,LV,16.0863,16.0206,0.0657,True,
2026-04-03 12:15:00,OBJ_1014,CL_08,wind,EE,2.0733,2.2201,0.1468,True,
2026-04-03 12:30:00,OBJ_1001,CL_01,solar,LV,4.2696,3.6155,0.6541,True,
2026-04-03 12:30:00,OBJ_1002,CL_01,wind,LV,5.5028,4.6527,0.8501,True,
2026-04-03 12:30:00,OBJ_1004,,hydro,LT,,1.1583,,False,missing_client_id|missing_object_metadata|no_actual
2026-04-03 12:30:00,OBJ_1005,CL_03,bess,,-1.1386,-0.872,0.2666,True,missing_area
2026-04-03 12:30:00,OBJ_1006,CL_04,solar,LV,3.8398,4.3576,0.5178,False,negative_capacity
2026-04-03 12:30:00,OBJ_1007,CL_02,wind,EE,3.0354,3.3926,0.3572,True,
2026-04-03 12:30:00,OBJ_1008,CL_05,consumer,LT,10.9552,11.1032,0.148,True,
2026-04-03 12:30:00,OBJ_1009,CL_05,solar,LV,5.4734,5.9034,0.43,True,
2026-04-03 12:30:00,OBJ_1010,CL_06,wind,EE,4.4368,4.1149,0.3219,True,
2026-04-03 12:30:00,OBJ_1011,CL_06,bess,LT,-1.3856,-1.3045,0.0811,True,
2026-04-03 12:30:00,OBJ_1012,CL_07,consumer,LV,16.4502,16.3222,0.128,True,
2026-04-03 12:30:00,OBJ_1014,CL_08,wind,EE,2.5294,2.2525,0.2769,True,
2026-04-03 12:45:00,OBJ_1001,CL_01,solar,LV,3.8995,3.7231,0.1764,True,
2026-04-03 12:45:00,OBJ_1002,CL_01,wind,LV,5.4703,5.5596,0.0893,True,
2026-04-03 12:45:00,OBJ_1004,,hydro,LT,,0.9833,,False,missing_client_id|missing_object_metadata|no_actual
2026-04-03 12:45:00,OBJ_1005,CL_03,bess,,-1.0806,-1.0021,0.0785,True,missing_area
2026-04-03 12:45:00,OBJ_1006,CL_04,solar,LV,3.9294,4.8436,0.9142,False,negative_capacity
2026-04-03 12:45:00,OBJ_1007,CL_02,wind,EE,3.888,3.6464,0.2416,True,
2026-04-03 12:45:00,OBJ_1008,CL_05,consumer,LT,11.3535,11.3074,0.0461,True,
2026-04-03 12:45:00,OBJ_1009,CL_05,solar,LV,5.7956,5.8945,0.0989,True,
2026-04-03 12:45:00,OBJ_1010,CL_06,wind,EE,4.5744,4.818,0.2436,True,
2026-04-03 12:45:00,OBJ_1011,CL_06,bess,LT,-1.3002,-1.4844,0.1842,True,
2026-04-03 12:45:00,OBJ_1012,CL_07,consumer,LV,12.7616,14.7611,1.9995,True,
2026-04-03 12:45:00,OBJ_1014,CL_08,wind,EE,2.5567,2.0164,0.5403,True,
2026-04-03 13:00:00,OBJ_1001,CL_01,solar,LV,4.0064,4.4296,0.4232,True,
2026-04-03 13:00:00,OBJ_1002,CL_01,wind,LV,6.7168,5.0647,1.6521,True,
2026-04-03 13:00:00,OBJ_1004,,hydro,LT,,1.2501,,False,missing_client_id|missing_object_metadata|no_actual
2026-04-03 13:00:00,OBJ_1005,CL_03,bess,,-1.1086,-1.0134,0.0952,True,missing_area
2026-04-03 13:00:00,OBJ_1006,CL_04,solar,LV,3.8448,3.8409,0.0039,False,negative_capacity
2026-04-03 13:00:00,OBJ_1007,CL_02,wind,EE,4.3865,4.5917,0.2052,True,
2026-04-03 13:00:00,OBJ_1008,CL_05,consumer,LT,10.2239,13.5435,3.3196,True,
2026-04-03 13:00:00,OBJ_1009,CL_05,solar,LV,5.1575,5.6098,0.4523,True,
2026-04-03 13:00:00,OBJ_1010,CL_06,wind,EE,5.3466,4.4784,0.8682,True,
2026-04-03 13:00:00,OBJ_1011,CL_06,bess,LT,-1.546,-1.7738,0.2278,True,
2026-04-03 13:00:00,OBJ_1012,CL_07,consumer,LV,12.4624,14.8872,2.4248,True,
2026-04-03 13:00:00,OBJ_1014,CL_08,wind,EE,2.7369,2.5846,0.1523,True,
2026-04-03 13:15:00,OBJ_1001,CL_01,solar,LV,4.0617,4.1389,0.0772,True,
2026-04-03 13:15:00,OBJ_1002,CL_01,wind,LV,6.0483,5.9411,0.1072,True,
2026-04-03 13:15:00,OBJ_1004,,hydro,LT,,1.1433,,False,missing_client_id|missing_object_metadata|no_actual
2026-04-03 13:15:00,OBJ_1005,CL_03,bess,,-1.0268,-0.9493,0.0775,True,missing_area
2026-04-03 13:15:00,OBJ_1006,CL_04,solar,LV,4.0668,4.158,0.0912,False,negative_capacity
2026-04-03 13:15:00,OBJ_1007,CL_02,wind,EE,3.7505,4.0068,0.2563,True,
2026-04-03 13:15:00,OBJ_1008,CL_05,consumer,LT,9.4631,12.7791,3.316,True,
2026-04-03 13:15:00,OBJ_1009,CL_05,solar,LV,5.6077,5.601,0.0067,True,
2026-04-03 13:15:00,OBJ_1010,CL_06,wind,EE,5.3616,5.8257,0.4641,True,
2026-04-03 13:15:00,OBJ_1011,CL_06,bess,LT,-1.337,-1.6156,0.2786,True,
2026-04-03 13:15:00,OBJ_1012,CL_07,consumer,LV,15.0529,13.009,2.0439,True,
2026-04-03 13:15:00,OBJ_1014,CL_08,wind,EE,2.4113,2.5331,0.1218,True,
2026-04-03 13:30:00,OBJ_1001,CL_01,solar,LV,4.3798,3.9979,0.3819,True,
2026-04-03 13:30:00,OBJ_1002,CL_01,wind,LV,5.6075,5.9909,0.3834,True,
2026-04-03 13:30:00,OBJ_1004,,hydro,LT,,1.2145,,False,missing_client_id|missing_object_metadata|no_actual
2026-04-03 13:30:00,OBJ_1005,CL_03,bess,,-0.9887,-0.9798,0.0089,True,missing_area
2026-04-03 13:30:00,OBJ_1006,CL_04,solar,LV,4.0578,3.7906,0.2672,False,negative_capacity
2026-04-03 13:30:00,OBJ_1007,CL_02,wind,EE,3.6295,4.2169,0.5874,True,
2026-04-03 13:30:00,OBJ_1008,CL_05,consumer,LT,13.1902,9.3347,3.8555,True,
2026-04-03 13:30:00,OBJ_1009,CL_05,solar,LV,5.8348,5.8939,0.0591,True,
2026-04-03 13:30:00,OBJ_1010,CL_06,wind,EE,5.1169,5.2961,0.1792,True,
2026-04-03 13:30:00,OBJ_1011,CL_06,bess,LT,-1.7484,-1.6138,0.1346,True,
2026-04-03 13:30:00,OBJ_1012,CL_07,consumer,LV,16.444,16.6176,0.1736,True,
2026-04-03 13:30:00,OBJ_1014,CL_08,wind,EE,2.7086,2.5752,0.1334,True,
2026-04-03 13:45:00,OBJ_1001,CL_01,solar,LV,3.9851,4.0473,0.0622,True,
2026-04-03 13:45:00,OBJ_1002,CL_01,wind,LV,5.9042,5.7596,0.1446,True,
2026-04-03 13:45:00,OBJ_1004,,hydro,LT,,1.0993,,False,missing_client_id|missing_object_metadata|no_actual
2026-04-03 13:45:00,OBJ_1005,CL_03,bess,,-1.0881,-1.0082,0.0799,True,missing_area
2026-04-03 13:45:00,OBJ_1006,CL_04,solar,LV,3.9515,3.994,0.0425,False,negative_capacity
2026-04-03 13:45:00,OBJ_1007,CL_02,wind,EE,3.5463,4.2401,0.6938,True,
2026-04-03 13:45:00,OBJ_1008,CL_05,consumer,LT,10.6776,10.8984,0.2208,True,
2026-04-03 13:45:00,OBJ_1009,CL_05,solar,LV,5.4734,5.337,0.1364,True,
2026-04-03 13:45:00,OBJ_1010,CL_06,wind,EE,5.6197,4.6708,0.9489,True,
2026-04-03 13:45:00,OBJ_1011,CL_06,bess,LT,-1.3076,-1.5044,0.1968,True,
2026-04-03 13:45:00,OBJ_1012,CL_07,consumer,LV,16.826,13.7537,3.0723,True,
2026-04-03 13:45:00,OBJ_1014,CL_08,wind,EE,3.1538,2.9628,0.191,True,
2026-04-03 14:00:00,OBJ_1001,CL_01,solar,LV,4.357,4.4509,0.0939,True,
2026-04-03 14:00:00,OBJ_1002,CL_01,wind,LV,5.907,5.666,0.241,True,
2026-04-03 14:00:00,OBJ_1004,,hydro,LT,,1.1501,,False,missing_client_id|missing_object_metadata|no_actual
2026-04-03 14:00:00,OBJ_1005,CL_03,bess,,-0.986,-0.8583,0.1277,True,missing_area
2026-04-03 14:00:00,OBJ_1006,CL_04,solar,LV,3.9149,4.1395,0.2246,False,negative_capacity
2026-04-03 14:00:00,OBJ_1007,CL_02,wind,EE,4.9337,4.6197,0.314,True,
2026-04-03 14:00:00,OBJ_1008,CL_05,consumer,LT,10.4729,12.4107,1.9378,True,
2026-04-03 14:00:00,OBJ_1009,CL_05,solar,LV,5.4574,5.3657,0.0917,True,
2026-04-03 14:00:00,OBJ_1010,CL_06,wind,EE,4.8247,5.0136,0.1889,True,
2026-04-03 14:00:00,OBJ_1011,CL_06,bess,LT,-1.3204,-1.214,0.1064,True,
2026-04-03 14:00:00,OBJ_1012,CL_07,consumer,LV,15.3828,15.4185,0.0357,True,
2026-04-03 14:00:00,OBJ_1014,CL_08,wind,EE,2.9147,3.119,0.2043,True,
2026-04-03 14:15:00,OBJ_1001,CL_01,solar,LV,4.0794,3.9217,0.1577,True,
2026-04-03 14:15:00,OBJ_1002,CL_01,wind,LV,6.6673,6.8258,0.1585,True,
2026-04-03 14:15:00,OBJ_1004,,hydro,LT,,1.1639,,False,missing_client_id|missing_object_metadata|no_actual
2026-04-03 14:15:00,OBJ_1005,CL_03,bess,,-1.0367,-1.1045,0.0678,True,missing_area
2026-04-03 14:15:00,OBJ_1006,CL_04,solar,LV,3.9955,4.0498,0.0543,False,negative_capacity
2026-04-03 14:15:00,OBJ_1007,CL_02,wind,EE,4.841,4.7321,0.1089,True,
2026-04-03 14:15:00,OBJ_1008,CL_05,consumer,LT,9.8794,10.5176,0.6382,True,
2026-04-03 14:15:00,OBJ_1009,CL_05,solar,LV,5.6794,5.0106,0.6688,True,
2026-04-03 14:15:00,OBJ_1010,CL_06,wind,EE,6.0318,5.7576,0.2742,True,
2026-04-03 14:15:00,OBJ_1011,CL_06,bess,LT,-1.3471,-1.4874,0.1403,True,
2026-04-03 14:15:00,OBJ_1012,CL_07,consumer,LV,12.0383,12.7289,0.6906,True,
2026-04-03 14:15:00,OBJ_1014,CL_08,wind,EE,3.0083,2.9166,0.0917,True,
2026-04-03 14:30:00,OBJ_1001,CL_01,solar,LV,3.7588,4.0244,0.2656,True,
2026-04-03 14:30:00,OBJ_1002,CL_01,wind,LV,6.4411,5.7355,0.7056,True,
2026-04-03 14:30:00,OBJ_1004,,hydro,LT,,1.3221,,False,missing_client_id|missing_object_metadata|no_actual
2026-04-03 14:30:00,OBJ_1005,CL_03,bess,,-1.1358,-0.9641,0.1717,True,missing_area
2026-04-03 14:30:00,OBJ_1006,CL_04,solar,LV,4.1692,4.324,0.1548,False,negative_capacity
2026-04-03 14:30:00,OBJ_1007,CL_02,wind,EE,5.0699,4.5864,0.4835,True,
2026-04-03 14:30:00,OBJ_1008,CL_05,consumer,LT,9.0066,9.3618,0.3552,True,
2026-04-03 14:30:00,OBJ_1009,CL_05,solar,LV,5.3722,5.1707,0.2015,True,
2026-04-03 14:30:00,OBJ_1010,CL_06,wind,EE,6.1738,6.4396,0.2658,True,
2026-04-03 14:30:00,OBJ_1011,CL_06,bess,LT,-1.6363,-1.9294,0.2931,True,
2026-04-03 14:30:00,OBJ_1012,CL_07,consumer,LV,12.6237,16.3205,3.6968,True,
2026-04-03 14:30:00,OBJ_1014,CL_08,wind,EE,3.114,3.1462,0.0322,True,
2026-04-03 14:45:00,OBJ_1001,CL_01,solar,LV,3.6824,3.5557,0.1267,True,
2026-04-03 14:45:00,OBJ_1002,CL_01,wind,LV,6.7214,5.6973,1.0241,True,
2026-04-03 14:45:00,OBJ_1004,,hydro,LT,,1.2066,,False,missing_client_id|missing_object_metadata|no_actual
2026-04-03 14:45:00,OBJ_1005,CL_03,bess,,-0.824,-1.0026,0.1786,True,missing_area
2026-04-03 14:45:00,OBJ_1006,CL_04,solar,LV,4.1556,3.6902,0.4654,False,negative_capacity
2026-04-03 14:45:00,OBJ_1007,CL_02,wind,EE,4.7628,4.5556,0.2072,True,
2026-04-03 14:45:00,OBJ_1008,CL_05,consumer,LT,9.4186,14.0201,4.6015,True,
2026-04-03 14:45:00,OBJ_1009,CL_05,solar,LV,5.4778,5.8009,0.3231,True,
2026-04-03 14:45:00,OBJ_1010,CL_06,wind,EE,6.2512,5.8433,0.4079,True,
2026-04-03 14:45:00,OBJ_1011,CL_06,bess,LT,-1.5119,-1.5181,0.0062,True,
2026-04-03 14:45:00,OBJ_1012,CL_07,consumer,LV,16.2051,14.0972,2.1079,True,
2026-04-03 14:45:00,OBJ_1014,CL_08,wind,EE,2.9752,3.4953,0.5201,True,
2026-04-03 15:00:00,OBJ_1001,CL_01,solar,LV,4.0389,3.7222,0.3167,True,
2026-04-03 15:00:00,OBJ_1002,CL_01,wind,LV,6.3286,8.257,1.9284,True,
2026-04-03 15:00:00,OBJ_1004,,hydro,LT,,1.2028,,False,missing_client_id|missing_object_metadata|no_actual
2026-04-03 15:00:00,OBJ_1005,CL_03,bess,,0.6382,0.9775,0.3393,True,missing_area
2026-04-03 15:00:00,OBJ_1006,CL_04,solar,LV,3.5274,3.8658,0.3384,False,negative_capacity
2026-04-03 15:00:00,OBJ_1007,CL_02,wind,EE,5.2243,4.8326,0.3917,True,
2026-04-03 15:00:00,OBJ_1008,CL_05,consumer,LT,9.3367,9.8768,0.5401,True,
2026-04-03 15:00:00,OBJ_1009,CL_05,solar,LV,5.0554,4.5943,0.4611,True,
2026-04-03 15:00:00,OBJ_1010,CL_06,wind,EE,5.8723,6.4622,0.5899,True,
2026-04-03 15:00:00,OBJ_1011,CL_06,bess,LT,1.4785,1.3714,0.1071,True,
2026-04-03 15:00:00,OBJ_1012,CL_07,consumer,LV,13.4206,13.2069,0.2137,True,
2026-04-03 15:00:00,OBJ_1014,CL_08,wind,EE,3.0662,3.8081,0.7419,True,
2026-04-03 15:15:00,OBJ_1001,CL_01,solar,LV,3.5338,3.7146,0.1808,True,
2026-04-03 15:15:00,OBJ_1002,CL_01,wind,LV,7.7972,7.0115,0.7857,True,
2026-04-03 15:15:00,OBJ_1004,,hydro,LT,,1.1783,,False,missing_client_id|missing_object_metadata|no_actual
2026-04-03 15:15:00,OBJ_1005,CL_03,bess,,0.8803,1.0901,0.2098,True,missing_area
2026-04-03 15:15:00,OBJ_1006,CL_04,solar,LV,3.7822,3.7299,0.0523,False,negative_capacity
2026-04-03 15:15:00,OBJ_1007,CL_02,wind,EE,4.5379,4.6294,0.0915,True,
2026-04-03 15:15:00,OBJ_1008,CL_05,consumer,LT,10.2238,9.5927,0.6311,True,
2026-04-03 15:15:00,OBJ_1009,CL_05,solar,LV,4.5225,4.1542,0.3683,True,
2026-04-03 15:15:00,OBJ_1010,CL_06,wind,EE,5.4752,5.6115,0.1363,True,
2026-04-03 15:15:00,OBJ_1011,CL_06,bess,LT,1.368,0.9976,0.3704,True,
2026-04-03 15:15:00,OBJ_1012,CL_07,consumer,LV,15.5082,17.3619,1.8537,True,
2026-04-03 15:15:00,OBJ_1014,CL_08,wind,EE,2.9669,2.744,0.2229,True,
2026-04-03 15:30:00,OBJ_1001,CL_01,solar,LV,3.3327,3.8603,0.5276,True,
2026-04-03 15:30:00,OBJ_1002,CL_01,wind,LV,7.1105,7.6634,0.5529,True,
2026-04-03 15:30:00,OBJ_1004,,hydro,LT,,1.1381,,False,missing_client_id|missing_object_metadata|no_actual
2026-04-03 15:30:00,OBJ_1005,CL_03,bess,,0.7626,0.9283,0.1657,True,missing_area
2026-04-03 15:30:00,OBJ_1006,CL_04,solar,LV,3.545,3.2094,0.3356,False,negative_capacity
2026-04-03 15:30:00,OBJ_1007,CL_02,wind,EE,5.4222,4.8447,0.5775,True,
2026-04-03 15:30:00,OBJ_1008,CL_05,consumer,LT,9.9344,13.1144,3.18,True,
2026-04-03 15:30:00,OBJ_1009,CL_05,solar,LV,4.5532,5.4337,0.8805,True,
2026-04-03 15:30:00,OBJ_1010,CL_06,wind,EE,5.5817,5.5752,0.0065,True,
2026-04-03 15:30:00,OBJ_1011,CL_06,bess,LT,0.9719,1.2462,0.2743,True,
2026-04-03 15:30:00,OBJ_1012,CL_07,consumer,LV,12.9457,11.6231,1.3226,True,
2026-04-03 15:30:00,OBJ_1014,CL_08,wind,EE,3.4658,3.5507,0.0849,True,
2026-04-03 15:45:00,OBJ_1001,CL_01,solar,LV,3.5744,3.5174,0.057,True,
2026-04-03 15:45:00,OBJ_1002,CL_01,wind,LV,7.584,6.9876,0.5964,True,
2026-04-03 15:45:00,OBJ_1004,,hydro,LT,,1.1214,,False,missing_client_id|missing_object_metadata|no_actual
2026-04-03 15:45:00,OBJ_1005,CL_03,bess,,0.6161,1.0464,0.4303,True,missing_area
2026-04-03 15:45:00,OBJ_1006,CL_04,solar,LV,3.5797,3.5671,0.0126,False,negative_capacity
2026-04-03 15:45:00,OBJ_1007,CL_02,wind,EE,4.5512,4.0544,0.4968,True,
2026-04-03 15:45:00,OBJ_1008,CL_05,consumer,LT,9.4105,9.559,0.1485,True,
2026-04-03 15:45:00,OBJ_1009,CL_05,solar,LV,4.3416,4.9555,0.6139,True,
2026-04-03 15:45:00,OBJ_1010,CL_06,wind,EE,5.7368,4.8088,0.928,True,
2026-04-03 15:45:00,OBJ_1011,CL_06,bess,LT,1.2081,1.0136,0.1945,True,
2026-04-03 15:45:00,OBJ_1012,CL_07,consumer,LV,16.0631,18.6992,2.6361,True,
2026-04-03 15:45:00,OBJ_1014,CL_08,wind,EE,3.0654,3.2664,0.201,True,
2026-04-03 16:00:00,OBJ_1001,CL_01,solar,LV,3.5133,3.375,0.1383,True,
2026-04-03 16:00:00,OBJ_1002,CL_01,wind,LV,6.3643,7.1719,0.8076,True,
2026-04-03 16:00:00,OBJ_1004,,hydro,LT,,1.1759,,False,missing_client_id|missing_object_metadata|no_actual
2026-04-03 16:00:00,OBJ_1005,CL_03,bess,,0.7618,1.0356,0.2738,True,missing_area
2026-04-03 16:00:00,OBJ_1006,CL_04,solar,LV,3.2291,3.3293,0.1002,False,negative_capacity
2026-04-03 16:00:00,OBJ_1007,CL_02,wind,EE,5.2465,4.5462,0.7003,True,
2026-04-03 16:00:00,OBJ_1008,CL_05,consumer,LT,10.1243,12.0952,1.9709,True,
2026-04-03 16:00:00,OBJ_1009,CL_05,solar,LV,4.3125,3.9726,0.3399,True,
2026-04-03 16:00:00,OBJ_1010,CL_06,wind,EE,6.6558,5.9,0.7558,True,
2026-04-03 16:00:00,OBJ_1011,CL_06,bess,LT,0.9839,1.16,0.1761,True,
2026-04-03 16:00:00,OBJ_1012,CL_07,consumer,LV,12.0717,17.8394,5.7677,True,
2026-04-03 16:00:00,OBJ_1014,CL_08,wind,EE,3.6861,2.867,0.8191,True,
2026-04-03 16:15:00,OBJ_1001,CL_01,solar,LV,3.3466,3.4856,0.139,True,
2026-04-03 16:15:00,OBJ_1002,CL_01,wind,LV,6.5735,7.7501,1.1766,True,
2026-04-03 16:15:00,OBJ_1004,,hydro,LT,,1.1264,,False,missing_client_id|missing_object_metadata|no_actual
2026-04-03 16:15:00,OBJ_1005,CL_03,bess,,0.9295,0.7217,0.2078,True,missing_area
2026-04-03 16:15:00,OBJ_1006,CL_04,solar,LV,3.0394,2.9018,0.1376,False,negative_capacity
2026-04-03 16:15:00,OBJ_1007,CL_02,wind,EE,5.0816,4.8769,0.2047,True,
2026-04-03 16:15:00,OBJ_1008,CL_05,consumer,LT,11.9011,11.9696,0.0685,True,
2026-04-03 16:15:00,OBJ_1009,CL_05,solar,LV,4.1936,3.9929,0.2007,True,
2026-04-03 16:15:00,OBJ_1010,CL_06,wind,EE,5.702,6.3772,0.6752,True,
2026-04-03 16:15:00,OBJ_1011,CL_06,bess,LT,1.3876,1.0738,0.3138,True,
2026-04-03 16:15:00,OBJ_1012,CL_07,consumer,LV,12.1308,13.497,1.3662,True,
2026-04-03 16:15:00,OBJ_1014,CL_08,wind,EE,2.9491,3.6691,0.72,True,
2026-04-03 16:30:00,OBJ_1001,CL_01,solar,LV,3.1354,3.3238,0.1884,True,
2026-04-03 16:30:00,OBJ_1002,CL_01,wind,LV,7.2301,6.9202,0.3099,True,
2026-04-03 16:30:00,OBJ_1004,,hydro,LT,,1.0577,,False,missing_client_id|missing_object_metadata|no_actual
2026-04-03 16:30:00,OBJ_1005,CL_03,bess,,0.6515,0.9628,0.3113,True,missing_area
2026-04-03 16:30:00,OBJ_1006,CL_04,solar,LV,3.1367,2.9157,0.221,False,negative_capacity
2026-04-03 16:30:00,OBJ_1007,CL_02,wind,EE,5.3602,4.0111,1.3491,True,
2026-04-03 16:30:00,OBJ_1008,CL_05,consumer,LT,10.492,10.5183,0.0263,True,
2026-04-03 16:30:00,OBJ_1009,CL_05,solar,LV,3.6334,3.5451,0.0883,True,
2026-04-03 16:30:00,OBJ_1010,CL_06,wind,EE,6.0558,5.9272,0.1286,True,
2026-04-03 16:30:00,OBJ_1011,CL_06,bess,LT,1.0008,1.2883,0.2875,True,
2026-04-03 16:30:00,OBJ_1012,CL_07,consumer,LV,15.4433,16.7206,1.2773,True,
2026-04-03 16:30:00,OBJ_1014,CL_08,wind,EE,3.6778,3.15,0.5278,True,
2026-04-03 16:45:00,OBJ_1001,CL_01,solar,LV,2.7264,3.0111,0.2847,True,
2026-04-03 16:45:00,OBJ_1002,CL_01,wind,LV,6.3609,7.666,1.3051,True,
2026-04-03 16:45:00,OBJ_1004,,hydro,LT,,1.1291,,False,missing_client_id|missing_object_metadata|no_actual
2026-04-03 16:45:00,OBJ_1005,CL_03,bess,,0.8733,0.8286,0.0447,True,missing_area
2026-04-03 16:45:00,OBJ_1006,CL_04,solar,LV,2.6265,2.5897,0.0368,False,negative_capacity
2026-04-03 16:45:00,OBJ_1007,CL_02,wind,EE,4.4999,5.0441,0.5442,True,
2026-04-03 16:45:00,OBJ_1008,CL_05,consumer,LT,9.8422,10.6859,0.8437,True,
2026-04-03 16:45:00,OBJ_1009,CL_05,solar,LV,3.5662,3.092,0.4742,True,
2026-04-03 16:45:00,OBJ_1010,CL_06,wind,EE,6.7949,6.3577,0.4372,True,
2026-04-03 16:45:00,OBJ_1011,CL_06,bess,LT,0.9208,0.9684,0.0476,True,
2026-04-03 16:45:00,OBJ_1012,CL_07,consumer,LV,15.7151,16.0367,0.3216,True,
2026-04-03 16:45:00,OBJ_1014,CL_08,wind,EE,3.1236,2.8931,0.2305,True,
2026-04-03 17:00:00,OBJ_1001,CL_01,solar,LV,2.509,2.4389,0.0701,True,
2026-04-03 17:00:00,OBJ_1002,CL_01,wind,LV,7.0496,6.9293,0.1203,True,
2026-04-03 17:00:00,OBJ_1004,,hydro,LT,,1.2544,,False,missing_client_id|missing_object_metadata|no_actual
2026-04-03 17:00:00,OBJ_1005,CL_03,bess,,0.8203,0.7725,0.0478,True,missing_area
2026-04-03 17:00:00,OBJ_1006,CL_04,solar,LV,2.4105,2.7299,0.3194,False,negative_capacity
2026-04-03 17:00:00,OBJ_1007,CL_02,wind,EE,4.5176,5.6414,1.1238,True,
2026-04-03 17:00:00,OBJ_1008,CL_05,consumer,LT,9.6176,8.9604,0.6572,True,
2026-04-03 17:00:00,OBJ_1009,CL_05,solar,LV,3.2917,3.5054,0.2137,True,
2026-04-03 17:00:00,OBJ_1010,CL_06,wind,EE,6.6885,5.767,0.9215,True,
2026-04-03 17:00:00,OBJ_1011,CL_06,bess,LT,1.2155,1.5238,0.3083,True,
2026-04-03 17:00:00,OBJ_1012,CL_07,consumer,LV,15.7845,12.5603,3.2242,True,
2026-04-03 17:00:00,OBJ_1014,CL_08,wind,EE,3.6005,2.9688,0.6317,True,
2026-04-03 17:15:00,OBJ_1001,CL_01,solar,LV,2.5239,2.3473,0.1766,True,
2026-04-03 17:15:00,OBJ_1002,CL_01,wind,LV,8.2426,7.9281,0.3145,True,
2026-04-03 17:15:00,OBJ_1004,,hydro,LT,,1.1114,,False,missing_client_id|missing_object_metadata|no_actual
2026-04-03 17:15:00,OBJ_1005,CL_03,bess,,0.9128,0.8483,0.0645,True,missing_area
2026-04-03 17:15:00,OBJ_1006,CL_04,solar,LV,2.3537,2.3308,0.0229,False,negative_capacity
2026-04-03 17:15:00,OBJ_1007,CL_02,wind,EE,4.8823,4.6835,0.1988,True,
2026-04-03 17:15:00,OBJ_1008,CL_05,consumer,LT,11.1811,10.7909,0.3902,True,
2026-04-03 17:15:00,OBJ_1009,CL_05,solar,LV,3.4265,3.2499,0.1766,True,
2026-04-03 17:15:00,OBJ_1010,CL_06,wind,EE,6.0303,6.6459,0.6156,True,
2026-04-03 17:15:00,OBJ_1011,CL_06,bess,LT,1.133,1.1447,0.0117,True,
2026-04-03 17:15:00,OBJ_1012,CL_07,consumer,LV,13.0789,13.6179,0.539,True,
2026-04-03 17:15:00,OBJ_1014,CL_08,wind,EE,3.1429,3.8273,0.6844,True,
2026-04-03 17:30:00,OBJ_1001,CL_01,solar,LV,2.1137,2.3835,0.2698,True,
2026-04-03 17:30:00,OBJ_1002,CL_01,wind,LV,8.0491,8.5911,0.542,True,
2026-04-03 17:30:00,OBJ_1004,,hydro,LT,,1.2525,,False,missing_client_id|missing_object_metadata|no_actual
2026-04-03 17:30:00,OBJ_1005,CL_03,bess,,0.9114,0.622,0.2894,True,missing_area
2026-04-03 17:30:00,OBJ_1006,CL_04,solar,LV,2.0561,2.2126,0.1565,False,negative_capacity
2026-04-03 17:30:00,OBJ_1007,CL_02,wind,EE,5.498,4.2218,1.2762,True,
2026-04-03 17:30:00,OBJ_1008,CL_05,consumer,LT,11.3824,11.9621,0.5797,True,
2026-04-03 17:30:00,OBJ_1009,CL_05,solar,LV,3.0805,3.0105,0.07,True,
2026-04-03 17:30:00,OBJ_1010,CL_06,wind,EE,6.8864,6.7077,0.1787,True,
2026-04-03 17:30:00,OBJ_1011,CL_06,bess,LT,1.4844,1.4816,0.0028,True,
2026-04-03 17:30:00,OBJ_1012,CL_07,consumer,LV,12.6008,13.4135,0.8127,True,
2026-04-03 17:30:00,OBJ_1014,CL_08,wind,EE,3.4629,3.2198,0.2431,True,
2026-04-03 17:45:00,OBJ_1001,CL_01,solar,LV,1.9372,2.0392,0.102,True,
2026-04-03 17:45:00,OBJ_1002,CL_01,wind,LV,7.8849,7.4164,0.4685,True,
2026-04-03 17:45:00,OBJ_1004,,hydro,LT,,1.1024,,False,missing_client_id|missing_object_metadata|no_actual
2026-04-03 17:45:00,OBJ_1005,CL_03,bess,,0.9669,0.9009,0.066,True,missing_area
2026-04-03 17:45:00,OBJ_1006,CL_04,solar,LV,1.8685,2.0158,0.1473,False,negative_capacity
2026-04-03 17:45:00,OBJ_1007,CL_02,wind,EE,5.5047,4.9378,0.5669,True,
2026-04-03 17:45:00,OBJ_1008,CL_05,consumer,LT,9.9874,12.3348,2.3474,True,
2026-04-03 17:45:00,OBJ_1009,CL_05,solar,LV,2.8355,2.4995,0.336,True,
2026-04-03 17:45:00,OBJ_1010,CL_06,wind,EE,6.5382,5.8344,0.7038,True,
2026-04-03 17:45:00,OBJ_1011,CL_06,bess,LT,1.1129,1.2918,0.1789,True,
2026-04-03 17:45:00,OBJ_1012,CL_07,consumer,LV,17.0353,15.0597,1.9756,True,
2026-04-03 17:45:00,OBJ_1014,CL_08,wind,EE,3.6413,3.6607,0.0194,True,
2026-04-03 18:00:00,OBJ_1001,CL_01,solar,LV,1.7112,2.1259,0.4147,True,
2026-04-03 18:00:00,OBJ_1002,CL_01,wind,LV,7.0165,6.6139,0.4026,True,
2026-04-03 18:00:00,OBJ_1004,,hydro,LT,,0.9939,,False,missing_client_id|missing_object_metadata|no_actual
2026-04-03 18:00:00,OBJ_1005,CL_03,bess,,0.9225,0.9563,0.0338,True,missing_area
2026-04-03 18:00:00,OBJ_1006,CL_04,solar,LV,1.8639,1.7625,0.1014,False,negative_capacity
2026-04-03 18:00:00,OBJ_1007,CL_02,wind,EE,5.0963,4.6202,0.4761,True,
2026-04-03 18:00:00,OBJ_1008,CL_05,consumer,LT,9.1269,12.4139,3.287,True,
2026-04-03 18:00:00,OBJ_1009,CL_05,solar,LV,2.4864,2.5491,0.0627,True,
2026-04-03 18:00:00,OBJ_1010,CL_06,wind,EE,6.425,5.2257,1.1993,True,
2026-04-03 18:00:00,OBJ_1011,CL_06,bess,LT,1.2382,1.2295,0.0087,True,
2026-04-03 18:00:00,OBJ_1012,CL_07,consumer,LV,15.3787,17.7693,2.3906,True,
2026-04-03 18:00:00,OBJ_1014,CL_08,wind,EE,2.854,3.3835,0.5295,True,
2026-04-03 18:15:00,OBJ_1001,CL_01,solar,LV,1.719,1.5933,0.1257,True,
2026-04-03 18:15:00,OBJ_1002,CL_01,wind,LV,7.5812,8.0087,0.4275,True,
2026-04-03 18:15:00,OBJ_1004,,hydro,LT,,1.1254,,False,missing_client_id|missing_object_metadata|no_actual
2026-04-03 18:15:00,OBJ_1005,CL_03,bess,,0.7969,0.8906,0.0937,True,missing_area
2026-04-03 18:15:00,OBJ_1006,CL_04,solar,LV,1.5436,1.4796,0.064,False,negative_capacity
2026-04-03 18:15:00,OBJ_1007,CL_02,wind,EE,4.5448,4.3424,0.2024,True,
2026-04-03 18:15:00,OBJ_1008,CL_05,consumer,LT,9.4062,10.5657,1.1595,True,
2026-04-03 18:15:00,OBJ_1009,CL_05,solar,LV,2.0318,2.0978,0.066,True,
2026-04-03 18:15:00,OBJ_1010,CL_06,wind,EE,5.2389,5.4569,0.218,True,
2026-04-03 18:15:00,OBJ_1011,CL_06,bess,LT,1.2159,1.2796,0.0637,True,
2026-04-03 18:15:00,OBJ_1012,CL_07,consumer,LV,12.0041,12.9679,0.9638,True,
2026-04-03 18:15:00,OBJ_1014,CL_08,wind,EE,3.5072,3.4049,0.1023,True,
2026-04-03 18:30:00,OBJ_1001,CL_01,solar,LV,1.3082,1.3434,0.0352,True,
2026-04-03 18:30:00,OBJ_1002,CL_01,wind,LV,6.1142,6.1099,0.0043,True,
2026-04-03 18:30:00,OBJ_1004,,hydro,LT,,1.1257,,False,missing_client_id|missing_object_metadata|no_actual
2026-04-03 18:30:00,OBJ_1005,CL_03,bess,,0.8868,0.7268,0.16,True,missing_area
2026-04-03 18:30:00,OBJ_1006,CL_04,solar,LV,1.4681,1.6227,0.1546,False,negative_capacity
2026-04-03 18:30:00,OBJ_1007,CL_02,wind,EE,5.0055,4.1148,0.8907,True,
2026-04-03 18:30:00,OBJ_1008,CL_05,consumer,LT,10.4561,11.0845,0.6284,True,
2026-04-03 18:30:00,OBJ_1009,CL_05,solar,LV,1.6909,1.7057,0.0148,True,
2026-04-03 18:30:00,OBJ_1010,CL_06,wind,EE,5.8375,5.7227,0.1148,True,
2026-04-03 18:30:00,OBJ_1011,CL_06,bess,LT,1.4503,0.9649,0.4854,True,
2026-04-03 18:30:00,OBJ_1012,CL_07,consumer,LV,16.6462,16.637,0.0092,True,
2026-04-03 18:30:00,OBJ_1014,CL_08,wind,EE,3.4433,2.6867,0.7566,True,
2026-04-03 18:45:00,OBJ_1001,CL_01,solar,LV,1.2197,1.1507,0.069,True,
2026-04-03 18:45:00,OBJ_1002,CL_01,wind,LV,7.7354,6.9094,0.826,True,
2026-04-03 18:45:00,OBJ_1004,,hydro,LT,,1.1669,,False,missing_client_id|missing_object_metadata|no_actual
2026-04-03 18:45:00,OBJ_1005,CL_03,bess,,0.7494,0.9266,0.1772,True,missing_area
2026-04-03 18:45:00,OBJ_1006,CL_04,solar,LV,1.2349,1.0887,0.1462,False,negative_capacity
2026-04-03 18:45:00,OBJ_1007,CL_02,wind,EE,4.4213,5.0179,0.5966,True,
2026-04-03 18:45:00,OBJ_1008,CL_05,consumer,LT,9.4546,10.9317,1.4771,True,
2026-04-03 18:45:00,OBJ_1009,CL_05,solar,LV,1.487,1.7141,0.2271,True,
2026-04-03 18:45:00,OBJ_1010,CL_06,wind,EE,5.1048,6.509,1.4042,True,
2026-04-03 18:45:00,OBJ_1011,CL_06,bess,LT,0.9945,1.3348,0.3403,True,
2026-04-03 18:45:00,OBJ_1012,CL_07,consumer,LV,17.6922,16.1951,1.4971,True,
2026-04-03 18:45:00,OBJ_1014,CL_08,wind,EE,3.3943,2.9553,0.439,True,
2026-04-03 19:00:00,OBJ_1001,CL_01,solar,LV,0.9954,0.9786,0.0168,True,
2026-04-03 19:00:00,OBJ_1002,CL_01,wind,LV,6.4529,5.8463,0.6066,True,
2026-04-03 19:00:00,OBJ_1004,,hydro,LT,,1.1452,,False,missing_client_id|missing_object_metadata|no_actual
2026-04-03 19:00:00,OBJ_1005,CL_03,bess,,0.6697,0.6649,0.0048,True,missing_area
2026-04-03 19:00:00,OBJ_1006,CL_04,solar,LV,0.9966,1.068,0.0714,False,negative_capacity
2026-04-03 19:00:00,OBJ_1007,CL_02,wind,EE,4.3543,4.0886,0.2657,True,
2026-04-03 19:00:00,OBJ_1008,CL_05,consumer,LT,13.1798,11.678,1.5018,True,
2026-04-03 19:00:00,OBJ_1009,CL_05,solar,LV,1.2925,1.1132,0.1793,True,
2026-04-03 19:00:00,OBJ_1010,CL_06,wind,EE,4.7497,4.8228,0.0731,True,
2026-04-03 19:00:00,OBJ_1011,CL_06,bess,LT,1.2534,1.4707,0.2173,True,
2026-04-03 19:00:00,OBJ_1012,CL_07,consumer,LV,13.0521,17.9173,4.8652,True,
2026-04-03 19:00:00,OBJ_1014,CL_08,wind,EE,2.6801,2.5596,0.1205,True,
2026-04-03 19:15:00,OBJ_1001,CL_01,solar,LV,0.7186,0.6696,0.049,True,
2026-04-03 19:15:00,OBJ_1002,CL_01,wind,LV,5.5301,6.2692,0.7391,True,
2026-04-03 19:15:00,OBJ_1004,,hydro,LT,,1.1462,,False,missing_client_id|missing_object_metadata|no_actual
2026-04-03 19:15:00,OBJ_1005,CL_03,bess,,0.8915,0.6795,0.212,True,missing_area
2026-04-03 19:15:00,OBJ_1006,CL_04,solar,LV,0.748,0.7375,0.0105,False,negative_capacity
2026-04-03 19:15:00,OBJ_1007,CL_02,wind,EE,4.655,4.4997,0.1553,True,
2026-04-03 19:15:00,OBJ_1008,CL_05,consumer,LT,10.7622,11.8838,1.1216,True,
2026-04-03 19:15:00,OBJ_1009,CL_05,solar,LV,1.0042,1.0158,0.0116,True,
2026-04-03 19:15:00,OBJ_1010,CL_06,wind,EE,5.8431,4.9096,0.9335,True,
2026-04-03 19:15:00,OBJ_1011,CL_06,bess,LT,0.9194,1.03,0.1106,True,
2026-04-03 19:15:00,OBJ_1012,CL_07,consumer,LV,15.6143,14.5831,1.0312,True,
2026-04-03 19:15:00,OBJ_1014,CL_08,wind,EE,3.1779,2.6669,0.511,True,
2026-04-03 19:30:00,OBJ_1001,CL_01,solar,LV,0.5014,0.4919,0.0095,True,
2026-04-03 19:30:00,OBJ_1002,CL_01,wind,LV,5.6956,7.0411,1.3455,True,
2026-04-03 19:30:00,OBJ_1004,,hydro,LT,,1.023,,False,missing_client_id|missing_object_metadata|no_actual
2026-04-03 19:30:00,OBJ_1005,CL_03,bess,,0.8262,0.634,0.1922,True,missing_area
2026-04-03 19:30:00,OBJ_1006,CL_04,solar,LV,0.4991,0.4579,0.0412,False,negative_capacity
2026-04-03 19:30:00,OBJ_1007,CL_02,wind,EE,3.7024,4.133,0.4306,True,
2026-04-03 19:30:00,OBJ_1008,CL_05,consumer,LT,12.354,11.453,0.901,True,
2026-04-03 19:30:00,OBJ_1009,CL_05,solar,LV,0.595,0.6372,0.0422,True,
2026-04-03 19:30:00,OBJ_1010,CL_06,wind,EE,5.8684,5.4318,0.4366,True,
2026-04-03 19:30:00,OBJ_1011,CL_06,bess,LT,1.0007,1.0347,0.034,True,
2026-04-03 19:30:00,OBJ_1012,CL_07,consumer,LV,17.3119,13.3933,3.9186,True,
2026-04-03 19:30:00,OBJ_1014,CL_08,wind,EE,2.5033,3.0205,0.5172,True,
2026-04-03 19:45:00,OBJ_1001,CL_01,solar,LV,0.2413,0.2363,0.005,True,
2026-04-03 19:45:00,OBJ_1002,CL_01,wind,LV,6.4351,6.4801,0.045,True,
2026-04-03 19:45:00,OBJ_1004,,hydro,LT,,1.1226,,False,missing_client_id|missing_object_metadata|no_actual
2026-04-03 19:45:00,OBJ_1005,CL_03,bess,,0.9547,0.751,0.2037,True,missing_area
2026-04-03 19:45:00,OBJ_1006,CL_04,solar,LV,0.2314,0.2358,0.0044,False,negative_capacity
2026-04-03 19:45:00,OBJ_1007,CL_02,wind,EE,3.8493,4.5152,0.6659,True,
2026-04-03 19:45:00,OBJ_1008,CL_05,consumer,LT,10.1229,9.8364,0.2865,True,
2026-04-03 19:45:00,OBJ_1009,CL_05,solar,LV,0.2894,0.3393,0.0499,True,
2026-04-03 19:45:00,OBJ_1010,CL_06,wind,EE,4.799,5.7916,0.9926,True,
2026-04-03 19:45:00,OBJ_1011,CL_06,bess,LT,0.9648,1.2788,0.314,True,
2026-04-03 19:45:00,OBJ_1012,CL_07,consumer,LV,12.0077,13.7657,1.758,True,
2026-04-03 19:45:00,OBJ_1014,CL_08,wind,EE,2.7442,3.3714,0.6272,True,
2026-04-03 20:00:00,OBJ_1001,CL_01,solar,LV,0.0,0.0,0.0,True,
2026-04-03 20:00:00,OBJ_1002,CL_01,wind,LV,6.0503,5.4779,0.5724,True,
2026-04-03 20:00:00,OBJ_1004,,hydro,LT,,1.14,,False,missing_client_id|missing_object_metadata|no_actual
2026-04-03 20:00:00,OBJ_1005,CL_03,bess,,0.9538,0.781,0.1728,True,missing_area
2026-04-03 20:00:00,OBJ_1006,CL_04,solar,LV,0.0,0.0,0.0,False,negative_capacity
2026-04-03 20:00:00,OBJ_1007,CL_02,wind,EE,3.4336,3.4858,0.0522,True,
2026-04-03 20:00:00,OBJ_1008,CL_05,consumer,LT,11.4571,10.8199,0.6372,True,
2026-04-03 20:00:00,OBJ_1009,CL_05,solar,LV,0.0,0.0,0.0,True,
2026-04-03 20:00:00,OBJ_1010,CL_06,wind,EE,4.42,3.7471,0.6729,True,
2026-04-03 20:00:00,OBJ_1011,CL_06,bess,LT,1.4184,0.8532,0.5652,True,
2026-04-03 20:00:00,OBJ_1012,CL_07,consumer,LV,15.9058,13.8802,2.0256,True,
2026-04-03 20:00:00,OBJ_1014,CL_08,wind,EE,2.5761,2.327,0.2491,True,
2026-04-03 20:15:00,OBJ_1001,CL_01,solar,LV,0.0,0.0,0.0,True,
2026-04-03 20:15:00,OBJ_1002,CL_01,wind,LV,4.6854,4.915,0.2296,True,
2026-04-03 20:15:00,OBJ_1004,,hydro,LT,,1.1727,,False,missing_client_id|missing_object_metadata|no_actual
2026-04-03 20:15:00,OBJ_1005,CL_03,bess,,0.9383,0.9974,0.0591,True,missing_area
2026-04-03 20:15:00,OBJ_1006,CL_04,solar,LV,0.0,0.0,0.0,False,negative_capacity
2026-04-03 20:15:00,OBJ_1007,CL_02,wind,EE,3.3726,3.2951,0.0775,True,
2026-04-03 20:15:00,OBJ_1008,CL_05,consumer,LT,13.2825,9.3783,3.9042,True,
2026-04-03 20:15:00,OBJ_1009,CL_05,solar,LV,0.0,0.0,0.0,True,
2026-04-03 20:15:00,OBJ_1010,CL_06,wind,EE,4.027,5.2183,1.1913,True,
2026-04-03 20:15:00,OBJ_1011,CL_06,bess,LT,1.1253,1.3875,0.2622,True,
2026-04-03 20:15:00,OBJ_1012,CL_07,consumer,LV,16.3919,13.1756,3.2163,True,
2026-04-03 20:15:00,OBJ_1014,CL_08,wind,EE,2.4782,2.4215,0.0567,True,
2026-04-03 20:30:00,OBJ_1001,CL_01,solar,LV,0.0,0.0,0.0,True,
2026-04-03 20:30:00,OBJ_1002,CL_01,wind,LV,4.715,5.316,0.601,True,
2026-04-03 20:30:00,OBJ_1004,,hydro,LT,,1.2267,,False,missing_client_id|missing_object_metadata|no_actual
2026-04-03 20:30:00,OBJ_1005,CL_03,bess,,0.8376,0.9388,0.1012,True,missing_area
2026-04-03 20:30:00,OBJ_1006,CL_04,solar,LV,0.0,0.0,0.0,False,negative_capacity
2026-04-03 20:30:00,OBJ_1007,CL_02,wind,EE,3.5393,3.6616,0.1223,True,
2026-04-03 20:30:00,OBJ_1008,CL_05,consumer,LT,9.1395,12.8159,3.6764,True,
2026-04-03 20:30:00,OBJ_1009,CL_05,solar,LV,0.0,0.0,0.0,True,
2026-04-03 20:30:00,OBJ_1010,CL_06,wind,EE,4.0205,4.7665,0.746,True,
2026-04-03 20:30:00,OBJ_1011,CL_06,bess,LT,1.4339,1.0154,0.4185,True,
2026-04-03 20:30:00,OBJ_1012,CL_07,consumer,LV,12.9426,14.615,1.6724,True,
2026-04-03 20:30:00,OBJ_1014,CL_08,wind,EE,2.1667,2.414,0.2473,True,
2026-04-03 20:45:00,OBJ_1001,CL_01,solar,LV,0.0,0.0,0.0,True,
2026-04-03 20:45:00,OBJ_1002,CL_01,wind,LV,4.8627,5.0888,0.2261,True,
2026-04-03 20:45:00,OBJ_1004,,hydro,LT,,1.1682,,False,missing_client_id|missing_object_metadata|no_actual
2026-04-03 20:45:00,OBJ_1005,CL_03,bess,,0.8789,0.9187,0.0398,True,missing_area
2026-04-03 20:45:00,OBJ_1006,CL_04,solar,LV,0.0,0.0,0.0,False,negative_capacity
2026-04-03 20:45:00,OBJ_1007,CL_02,wind,EE,3.7905,3.6193,0.1712,True,
2026-04-03 20:45:00,OBJ_1008,CL_05,consumer,LT,10.1937,13.2386,3.0449,True,
2026-04-03 20:45:00,OBJ_1009,CL_05,solar,LV,0.0,0.0,0.0,True,
2026-04-03 20:45:00,OBJ_1010,CL_06,wind,EE,4.1126,4.262,0.1494,True,
2026-04-03 20:45:00,OBJ_1011,CL_06,bess,LT,0.9298,1.5534,0.6236,True,
2026-04-03 20:45:00,OBJ_1012,CL_07,consumer,LV,15.4306,14.0099,1.4207,True,
2026-04-03 20:45:00,OBJ_1014,CL_08,wind,EE,2.6828,2.434,0.2488,True,
2026-04-03 21:00:00,OBJ_1001,CL_01,solar,LV,0.0,0.0,0.0,True,
2026-04-03 21:00:00,OBJ_1002,CL_01,wind,LV,4.1602,3.8065,0.3537,True,
2026-04-03 21:00:00,OBJ_1004,,hydro,LT,,1.1748,,False,missing_client_id|missing_object_metadata|no_actual
2026-04-03 21:00:00,OBJ_1005,CL_03,bess,,0.771,0.9272,0.1562,True,missing_area
2026-04-03 21:00:00,OBJ_1006,CL_04,solar,LV,0.0,0.0,0.0,False,negative_capacity
2026-04-03 21:00:00,OBJ_1007,CL_02,wind,EE,3.022,2.7799,0.2421,True,
2026-04-03 21:00:00,OBJ_1008,CL_05,consumer,LT,11.701,9.0057,2.6953,True,
2026-04-03 21:00:00,OBJ_1009,CL_05,solar,LV,0.0,0.0,0.0,True,
2026-04-03 21:00:00,OBJ_1010,CL_06,wind,EE,3.1212,3.7343,0.6131,True,
2026-04-03 21:00:00,OBJ_1011,CL_06,bess,LT,1.0025,0.911,0.0915,True,
2026-04-03 21:00:00,OBJ_1012,CL_07,consumer,LV,13.7509,16.9345,3.1836,True,
2026-04-03 21:00:00,OBJ_1014,CL_08,wind,EE,1.7485,1.7513,0.0028,True,
2026-04-03 21:15:00,OBJ_1001,CL_01,solar,LV,0.0,0.0,0.0,True,
2026-04-03 21:15:00,OBJ_1002,CL_01,wind,LV,4.0952,3.7981,0.2971,True,
2026-04-03 21:15:00,OBJ_1004,,hydro,LT,,1.1174,,False,missing_client_id|missing_object_metadata|no_actual
2026-04-03 21:15:00,OBJ_1005,CL_03,bess,,0.759,0.8318,0.0728,True,missing_area
2026-04-03 21:15:00,OBJ_1006,CL_04,solar,LV,0.0,0.0,0.0,False,negative_capacity
2026-04-03 21:15:00,OBJ_1007,CL_02,wind,EE,3.0212,2.8268,0.1944,True,
2026-04-03 21:15:00,OBJ_1008,CL_05,consumer,LT,9.4101,11.0762,1.6661,True,
2026-04-03 21:15:00,OBJ_1009,CL_05,solar,LV,0.0,0.0,0.0,True,
2026-04-03 21:15:00,OBJ_1010,CL_06,wind,EE,3.2853,3.9684,0.6831,True,
2026-04-03 21:15:00,OBJ_1011,CL_06,bess,LT,1.4313,1.35,0.0813,True,
2026-04-03 21:15:00,OBJ_1012,CL_07,consumer,LV,14.2164,16.8158,2.5994,True,
2026-04-03 21:15:00,OBJ_1014,CL_08,wind,EE,1.9549,1.7081,0.2468,True,
2026-04-03 21:30:00,OBJ_1001,CL_01,solar,LV,0.0,0.0,0.0,True,
2026-04-03 21:30:00,OBJ_1002,CL_01,wind,LV,4.2892,5.1961,0.9069,True,
2026-04-03 21:30:00,OBJ_1004,,hydro,LT,,1.0545,,False,missing_client_id|missing_object_metadata|no_actual
2026-04-03 21:30:00,OBJ_1005,CL_03,bess,,0.6905,1.0627,0.3722,True,missing_area
2026-04-03 21:30:00,OBJ_1006,CL_04,solar,LV,0.0,0.0,0.0,False,negative_capacity
2026-04-03 21:30:00,OBJ_1007,CL_02,wind,EE,2.5266,2.9735,0.4469,True,
2026-04-03 21:30:00,OBJ_1008,CL_05,consumer,LT,12.3851,9.2419,3.1432,True,
2026-04-03 21:30:00,OBJ_1009,CL_05,solar,LV,0.0,0.0,0.0,True,
2026-04-03 21:30:00,OBJ_1010,CL_06,wind,EE,3.183,3.8317,0.6487,True,
2026-04-03 21:30:00,OBJ_1011,CL_06,bess,LT,1.1063,1.2669,0.1606,True,
2026-04-03 21:30:00,OBJ_1012,CL_07,consumer,LV,15.2487,12.6033,2.6454,True,
2026-04-03 21:30:00,OBJ_1014,CL_08,wind,EE,2.2528,1.694,0.5588,True,
2026-04-03 21:45:00,OBJ_1001,CL_01,solar,LV,0.0,0.0,0.0,True,
2026-04-03 21:45:00,OBJ_1002,CL_01,wind,LV,4.3988,4.2704,0.1284,True,
2026-04-03 21:45:00,OBJ_1004,,hydro,LT,,1.0235,,False,missing_client_id|missing_object_metadata|no_actual
2026-04-03 21:45:00,OBJ_1005,CL_03,bess,,0.9363,0.6265,0.3098,True,missing_area
2026-04-03 21:45:00,OBJ_1006,CL_04,solar,LV,0.0,0.0,0.0,False,negative_capacity
2026-04-03 21:45:00,OBJ_1007,CL_02,wind,EE,2.8212,2.9202,0.099,True,
2026-04-03 21:45:00,OBJ_1008,CL_05,consumer,LT,11.4098,11.9276,0.5178,True,
2026-04-03 21:45:00,OBJ_1009,CL_05,solar,LV,0.0,0.0,0.0,True,
2026-04-03 21:45:00,OBJ_1010,CL_06,wind,EE,3.5844,3.7101,0.1257,True,
2026-04-03 21:45:00,OBJ_1011,CL_06,bess,LT,1.429,1.0536,0.3754,True,
2026-04-03 21:45:00,OBJ_1012,CL_07,consumer,LV,14.8576,17.0289,2.1713,True,
2026-04-03 21:45:00,OBJ_1014,CL_08,wind,EE,1.7468,1.8489,0.1021,True,
2026-04-03 22:00:00,OBJ_1001,CL_01,solar,LV,0.0,0.0,0.0,True,
2026-04-03 22:00:00,OBJ_1002,CL_01,wind,LV,3.448,3.3933,0.0547,True,
2026-04-03 22:00:00,OBJ_1004,,hydro,LT,,1.1643,,False,missing_client_id|missing_object_metadata|no_actual
2026-04-03 22:00:00,OBJ_1005,CL_03,bess,,0.8008,0.813,0.0122,True,missing_area
2026-04-03 22:00:00,OBJ_1006,CL_04,solar,LV,0.0,0.0,0.0,False,negative_capacity
2026-04-03 22:00:00,OBJ_1007,CL_02,wind,EE,2.352,2.2767,0.0753,True,
2026-04-03 22:00:00,OBJ_1008,CL_05,consumer,LT,4.0163,4.1641,0.1478,True,
2026-04-03 22:00:00,OBJ_1009,CL_05,solar,LV,0.0,0.0,0.0,True,
2026-04-03 22:00:00,OBJ_1010,CL_06,wind,EE,2.4138,3.0459,0.6321,True,
2026-04-03 22:00:00,OBJ_1011,CL_06,bess,LT,1.3543,1.5171,0.1628,True,
2026-04-03 22:00:00,OBJ_1012,CL_07,consumer,LV,4.3458,4.6089,0.2631,True,
2026-04-03 22:00:00,OBJ_1014,CL_08,wind,EE,1.6953,1.5952,0.1001,True,
2026-04-03 22:15:00,OBJ_1001,CL_01,solar,LV,0.0,0.0,0.0,True,
2026-04-03 22:15:00,OBJ_1002,CL_01,wind,LV,3.5355,2.7599,0.7756,True,
2026-04-03 22:15:00,OBJ_1004,,hydro,LT,,1.2705,,False,missing_client_id|missing_object_metadata|no_actual
2026-04-03 22:15:00,OBJ_1005,CL_03,bess,,0.6505,0.8178,0.1673,True,missing_area
2026-04-03 22:15:00,OBJ_1006,CL_04,solar,LV,0.0,0.0,0.0,False,negative_capacity
2026-04-03 22:15:00,OBJ_1007,CL_02,wind,EE,2.4683,2.5061,0.0378,True,
2026-04-03 22:15:00,OBJ_1008,CL_05,consumer,LT,3.6531,4.565,0.9119,True,
2026-04-03 22:15:00,OBJ_1009,CL_05,solar,LV,0.0,0.0,0.0,True,
2026-04-03 22:15:00,OBJ_1010,CL_06,wind,EE,2.806,2.654,0.152,True,
2026-04-03 22:15:00,OBJ_1011,CL_06,bess,LT,1.4005,1.2647,0.1358,True,
2026-04-03 22:15:00,OBJ_1012,CL_07,consumer,LV,4.5158,3.7228,0.793,True,
2026-04-03 22:15:00,OBJ_1014,CL_08,wind,EE,1.664,1.6876,0.0236,True,
2026-04-03 22:30:00,OBJ_1001,CL_01,solar,LV,0.0,0.0,0.0,True,
2026-04-03 22:30:00,OBJ_1002,CL_01,wind,LV,2.8472,3.2797,0.4325,True,
2026-04-03 22:30:00,OBJ_1004,,hydro,LT,,1.1028,,False,missing_client_id|missing_object_metadata|no_actual
2026-04-03 22:30:00,OBJ_1005,CL_03,bess,,0.7552,0.9329,0.1777,True,missing_area
2026-04-03 22:30:00,OBJ_1006,CL_04,solar,LV,0.0,0.0,0.0,False,negative_capacity
2026-04-03 22:30:00,OBJ_1007,CL_02,wind,EE,2.0585,2.2915,0.233,True,
2026-04-03 22:30:00,OBJ_1008,CL_05,consumer,LT,3.4143,3.7924,0.3781,True,
2026-04-03 22:30:00,OBJ_1009,CL_05,solar,LV,0.0,0.0,0.0,True,
2026-04-03 22:30:00,OBJ_1010,CL_06,wind,EE,2.9965,2.6118,0.3847,True,
2026-04-03 22:30:00,OBJ_1011,CL_06,bess,LT,1.3719,1.1144,0.2575,True,
2026-04-03 22:30:00,OBJ_1012,CL_07,consumer,LV,5.2461,4.9722,0.2739,True,
2026-04-03 22:30:00,OBJ_1014,CL_08,wind,EE,1.4988,1.4412,0.0576,True,
2026-04-03 22:45:00,OBJ_1001,CL_01,solar,LV,0.0,0.0,0.0,True,
2026-04-03 22:45:00,OBJ_1002,CL_01,wind,LV,3.1697,3.1157,0.054,True,
2026-04-03 22:45:00,OBJ_1004,,hydro,LT,,1.137,,False,missing_client_id|missing_object_metadata|no_actual
2026-04-03 22:45:00,OBJ_1005,CL_03,bess,,0.6593,0.8743,0.215,True,missing_area
2026-04-03 22:45:00,OBJ_1006,CL_04,solar,LV,0.0,0.0,0.0,False,negative_capacity
2026-04-03 22:45:00,OBJ_1007,CL_02,wind,EE,2.326,2.3526,0.0266,True,
2026-04-03 22:45:00,OBJ_1008,CL_05,consumer,LT,4.4095,3.1385,1.271,True,
2026-04-03 22:45:00,OBJ_1009,CL_05,solar,LV,0.0,0.0,0.0,True,
2026-04-03 22:45:00,OBJ_1010,CL_06,wind,EE,2.7561,2.9981,0.242,True,
2026-04-03 22:45:00,OBJ_1011,CL_06,bess,LT,0.9606,1.1195,0.1589,True,
2026-04-03 22:45:00,OBJ_1012,CL_07,consumer,LV,4.5722,5.8555,1.2833,True,
2026-04-03 22:45:00,OBJ_1014,CL_08,wind,EE,1.5043,1.6407,0.1364,True,
2026-04-03 23:00:00,OBJ_1001,CL_01,solar,LV,0.0,0.0,0.0,True,
2026-04-03 23:00:00,OBJ_1002,CL_01,wind,LV,4.0356,3.7707,0.2649,True,
2026-04-03 23:00:00,OBJ_1004,,hydro,LT,,1.0458,,False,missing_client_id|missing_object_metadata|no_actual
2026-04-03 23:00:00,OBJ_1005,CL_03,bess,,0.7532,0.6368,0.1164,True,missing_area
2026-04-03 23:00:00,OBJ_1006,CL_04,solar,LV,0.0,0.0,0.0,False,negative_capacity
2026-04-03 23:00:00,OBJ_1007,CL_02,wind,EE,2.8466,2.7961,0.0505,True,
2026-04-03 23:00:00,OBJ_1008,CL_05,consumer,LT,3.0562,3.563,0.5068,True,
2026-04-03 23:00:00,OBJ_1009,CL_05,solar,LV,0.0,0.0,0.0,True,
2026-04-03 23:00:00,OBJ_1010,CL_06,wind,EE,3.0997,2.9438,0.1559,True,
2026-04-03 23:00:00,OBJ_1011,CL_06,bess,LT,1.2652,1.4886,0.2234,True,
2026-04-03 23:00:00,OBJ_1012,CL_07,consumer,LV,5.3873,5.6331,0.2458,True,
2026-04-03 23:00:00,OBJ_1014,CL_08,wind,EE,1.6479,1.8969,0.249,True,
2026-04-03 23:15:00,OBJ_1001,CL_01,solar,LV,0.0,0.0,0.0,True,
2026-04-03 23:15:00,OBJ_1002,CL_01,wind,LV,3.9416,4.3615,0.4199,True,
2026-04-03 23:15:00,OBJ_1004,,hydro,LT,,0.9823,,False,missing_client_id|missing_object_metadata|no_actual
2026-04-03 23:15:00,OBJ_1005,CL_03,bess,,0.695,0.7627,0.0677,True,missing_area
2026-04-03 23:15:00,OBJ_1006,CL_04,solar,LV,0.0,0.0,0.0,False,negative_capacity
2026-04-03 23:15:00,OBJ_1007,CL_02,wind,EE,3.0926,2.9607,0.1319,True,
2026-04-03 23:15:00,OBJ_1008,CL_05,consumer,LT,4.3455,4.5457,0.2002,True,
2026-04-03 23:15:00,OBJ_1009,CL_05,solar,LV,0.0,0.0,0.0,True,
2026-04-03 23:15:00,OBJ_1010,CL_06,wind,EE,3.7638,3.16,0.6038,True,
2026-04-03 23:15:00,OBJ_1011,CL_06,bess,LT,1.0818,1.2035,0.1217,True,
2026-04-03 23:15:00,OBJ_1012,CL_07,consumer,LV,4.5607,4.6235,0.0628,True,
2026-04-03 23:15:00,OBJ_1014,CL_08,wind,EE,1.8934,1.8189,0.0745,True,
2026-04-03 23:30:00,OBJ_1001,CL_01,solar,LV,0.0,0.0,0.0,True,
2026-04-03 23:30:00,OBJ_1002,CL_01,wind,LV,3.6656,3.9903,0.3247,True,
2026-04-03 23:30:00,OBJ_1004,,hydro,LT,,1.1762,,False,missing_client_id|missing_object_metadata|no_actual
2026-04-03 23:30:00,OBJ_1005,CL_03,bess,,0.9476,0.6017,0.3459,True,missing_area
2026-04-03 23:30:00,OBJ_1006,CL_04,solar,LV,0.0,0.0,0.0,False,negative_capacity
2026-04-03 23:30:00,OBJ_1007,CL_02,wind,EE,3.1347,2.6042,0.5305,True,
2026-04-03 23:30:00,OBJ_1008,CL_05,consumer,LT,3.6647,4.4844,0.8197,True,
2026-04-03 23:30:00,OBJ_1009,CL_05,solar,LV,0.0,0.0,0.0,True,
2026-04-03 23:30:00,OBJ_1010,CL_06,wind,EE,3.2235,3.1004,0.1231,True,
2026-04-03 23:30:00,OBJ_1011,CL_06,bess,LT,1.1501,1.3459,0.1958,True,
2026-04-03 23:30:00,OBJ_1012,CL_07,consumer,LV,5.2911,5.4059,0.1148,True,
2026-04-03 23:30:00,OBJ_1014,CL_08,wind,EE,1.7287,1.7897,0.061,True,
2026-04-03 23:45:00,OBJ_1001,CL_01,solar,LV,0.0,0.0,0.0,True,
2026-04-03 23:45:00,OBJ_1002,CL_01,wind,LV,4.5243,3.5765,0.9478,True,
2026-04-03 23:45:00,OBJ_1004,,hydro,LT,,0.9346,,False,missing_client_id|missing_object_metadata|no_actual
2026-04-03 23:45:00,OBJ_1005,CL_03,bess,,0.8964,0.585,0.3114,True,missing_area
2026-04-03 23:45:00,OBJ_1006,CL_04,solar,LV,0.0,0.0,0.0,False,negative_capacity
2026-04-03 23:45:00,OBJ_1007,CL_02,wind,EE,3.0503,2.6613,0.389,True,
2026-04-03 23:45:00,OBJ_1008,CL_05,consumer,LT,4.2315,3.5596,0.6719,True,
2026-04-03 23:45:00,OBJ_1009,CL_05,solar,LV,0.0,0.0,0.0,True,
2026-04-03 23:45:00,OBJ_1010,CL_06,wind,EE,3.1146,3.8373,0.7227,True,
2026-04-03 23:45:00,OBJ_1011,CL_06,bess,LT,1.0867,1.3163,0.2296,True,
2026-04-03 23:45:00,OBJ_1012,CL_07,consumer,LV,5.0136,5.7862,0.7726,True,
2026-04-03 23:45:00,OBJ_1014,CL_08,wind,EE,1.7004,1.8325,0.1321,True,
,OBJ_1002,CL_01,wind,LV,2.8,2.8,0.0,True,
