timestamp,object_id,actual_mwh
2026-04-02 00:45:00,OBJ_1002,5.7876
2026-04-02 00:45:00,OBJ_1006,0.0
2026-04-02 04:00:00,OBJ_1006,0.0
2026-04-01 05:00:00,OBJ_1007,4.211
2026-04-01 20:15:00,OBJ_1014,2.3023
2026-04-02 18:45:00,OBJ_1001,1.1528
2026-04-03 02:45:00,OBJ_1007,4.3472
2026-04-01 17:30:00,OBJ_1001,2.2537
2026-04-01 08:45:00,OBJ_1009,3.2718
2026-04-03 16:45:00,OBJ_1002,6.3609
2026-04-03 07:15:00,OBJ_1010,5.5423
2026-04-03 06:30:00,OBJ_1010,5.1008
2026-04-01 02:45:00,OBJ_1010,6.2214
2026-04-01 10:45:00,OBJ_1005,-1.1619
2026-04-02 08:45:00,OBJ_1011,1.0761
2026-04-01 09:15:00,OBJ_1008,12.0276
2026-04-02 04:00:00,OBJ_1009,0.0
2026-04-01 03:00:00,OBJ_1014,3.07
2026-04-01 10:15:00,OBJ_1007,2.2513
2026-04-01 19:45:00,OBJ_1001,0.2346
2026-04-03 23:45:00,OBJ_1002,4.5243
2026-04-03 23:30:00,OBJ_1010,3.2235
2026-04-01 07:45:00,OBJ_1006,1.5486
2026-04-02 14:15:00,OBJ_1009,5.1939
2026-04-03 01:45:00,OBJ_1011,1.3614
2026-04-01 20:15:00,OBJ_1011,1.2449
2026-04-03 15:15:00,OBJ_1012,15.5082
2026-04-03 10:15:00,OBJ_1011,-1.7929
2026-04-03 02:15:00,OBJ_1010,5.9984
2026-04-02 06:00:00,OBJ_1006,0.0
2026-04-03 17:45:00,OBJ_1006,1.8685
2026-04-01 01:15:00,OBJ_1011,1.3108
2026-04-02 09:30:00,OBJ_1011,0.948
2026-04-03 13:00:00,OBJ_1011,-1.546
2026-04-01 22:00:00,OBJ_1007,2.3665
2026-04-02 12:15:00,OBJ_1014,2.5983
2026-04-01 05:15:00,OBJ_1006,0.0
2026-04-03 09:15:00,OBJ_1002,4.281
2026-04-01 22:45:00,OBJ_1006,0.0
2026-04-02 21:30:00,OBJ_1011,1.1974
2026-04-03 19:15:00,OBJ_1014,3.1779
2026-04-01 06:00:00,OBJ_1014,2.8057
2026-04-03 16:30:00,OBJ_1008,10.492
2026-04-03 02:45:00,OBJ_1006,0.0
2026-04-03 09:45:00,OBJ_1014,1.8575
2026-04-02 06:15:00,OBJ_1007,4.2155
2026-04-02 14:00:00,OBJ_1010,4.9299
2026-04-03 13:15:00,OBJ_1007,3.7505
2026-04-03 01:30:00,OBJ_1005,0.6308
2026-04-02 22:00:00,OBJ_1006,0.0
2026-04-03 08:00:00,OBJ_1009,2.4424
2026-04-01 07:15:00,OBJ_1014,3.1317
2026-04-02 17:00:00,OBJ_1009,3.4081
2026-04-02 00:30:00,OBJ_1002,4.7432
2026-04-03 02:00:00,OBJ_1011,1.3078
2026-04-02 11:45:00,OBJ_1012,12.3325
2026-04-01 02:15:00,OBJ_1011,1.1609
2026-04-02 14:45:00,OBJ_1006,3.7436
2026-04-03 13:30:00,OBJ_1009,5.8348
2026-04-02 16:30:00,OBJ_1010,5.6979
2026-04-03 07:30:00,OBJ_1011,1.394
2026-04-02 02:45:00,OBJ_1012,5.8423
2026-04-02 17:15:00,OBJ_1008,11.5836
2026-04-03 21:30:00,OBJ_1001,0.0
2026-04-02 07:00:00,OBJ_1010,5.0856
2026-04-03 04:00:00,OBJ_1007,5.1909
2026-04-02 22:00:00,OBJ_1008,3.2011
2026-04-02 23:45:00,OBJ_1005,0.6135
2026-04-02 08:15:00,OBJ_1002,5.375
2026-04-02 08:30:00,OBJ_1011,1.2276
2026-04-02 19:00:00,OBJ_1001,0.9635
2026-04-03 06:45:00,OBJ_1011,1.2872
2026-04-03 19:00:00,OBJ_1014,2.6801
2026-04-03 08:45:00,OBJ_1011,1.1485
2026-04-03 00:30:00,OBJ_1008,3.5596
2026-04-03 05:30:00,OBJ_1005,0.7276
2026-04-03 18:45:00,OBJ_1002,7.7354
2026-04-01 10:15:00,OBJ_1009,4.542
2026-04-01 07:30:00,OBJ_1009,1.7505
2026-04-03 04:30:00,OBJ_1001,0.0
2026-04-03 03:00:00,OBJ_1001,0.0
2026-04-02 18:30:00,OBJ_1012,13.8408
2026-04-01 08:00:00,OBJ_1001,1.9347
2026-04-01 11:15:00,OBJ_1010,3.3463
2026-04-03 21:00:00,OBJ_1007,3.022
2026-04-02 17:45:00,OBJ_1006,1.9431
2026-04-01 00:45:00,OBJ_1011,0.9275
2026-04-02 12:15:00,OBJ_1002,4.8727
2026-04-02 21:00:00,OBJ_1005,0.8391
2026-04-02 22:15:00,OBJ_1014,1.5142
2026-04-03 21:45:00,OBJ_1012,14.8576
2026-04-02 06:30:00,OBJ_1011,1.1291
2026-04-01 05:45:00,OBJ_1014,2.9903
2026-04-01 00:00:00,OBJ_1012,4.0596
2026-04-02 08:00:00,OBJ_1014,2.7769
2026-04-03 01:00:00,OBJ_1001,0.0
2026-04-03 06:15:00,OBJ_1007,5.0294
2026-04-01 05:30:00,OBJ_1005,0.6817
2026-04-03 20:45:00,OBJ_1009,0.0
2026-04-01 02:45:00,OBJ_1014,2.6977
2026-04-03 22:00:00,OBJ_1012,4.3458
2026-04-03 21:15:00,OBJ_1007,3.0212
2026-04-02 11:15:00,OBJ_1010,3.3216
2026-04-03 23:45:00,OBJ_1014,1.7004
2026-04-01 17:15:00,OBJ_1014,3.7625
2026-04-02 01:30:00,OBJ_1012,4.618
2026-04-01 01:00:00,OBJ_1007,4.189
2026-04-02 13:00:00,OBJ_1007,4.3025
2026-04-01 16:15:00,OBJ_1006,3.0143
2026-04-01 02:15:00,OBJ_1014,3.488
2026-04-02 22:30:00,OBJ_1011,1.4997
2026-04-01 02:30:00,OBJ_1006,0.0
2026-04-03 16:30:00,OBJ_1014,3.6778
2026-04-01 08:00:00,OBJ_1007,4.0269
2026-04-01 12:15:00,OBJ_1002,5.6347
2026-04-01 03:45:00,OBJ_1011,1.3708
2026-04-02 09:00:00,OBJ_1001,2.4025
2026-04-02 19:00:00,OBJ_1005,0.7663
2026-04-02 00:30:00,OBJ_1009,0.0
2026-04-02 03:30:00,OBJ_1006,0.0
2026-04-02 14:45:00,OBJ_1009,5.3011
2026-04-03 11:30:00,OBJ_1002,4.6118
2026-04-01 00:00:00,OBJ_1010,3.7952
2026-04-03 11:30:00,OBJ_1006,3.9257
2026-04-01 01:45:00,OBJ_1005,0.6987
2026-04-02 13:15:00,OBJ_1006,3.8842
2026-04-03 13:30:00,OBJ_1014,2.7086
2026-04-03 17:30:00,OBJ_1005,0.9114
2026-04-03 05:15:00,OBJ_1012,4.9659
2026-04-03 02:00:00,OBJ_1007,4.4791
2026-04-02 18:15:00,OBJ_1010,5.4094
2026-04-02 00:45:00,OBJ_1008,3.1448
2026-04-02 11:00:00,OBJ_1007,2.7939
2026-04-01 06:45:00,OBJ_1010,5.1238
2026-04-03 11:00:00,OBJ_1007,2.6692
2026-04-02 15:15:00,OBJ_1008,12.7853
2026-04-02 05:45:00,OBJ_1009,0.0
2026-04-01 20:30:00,OBJ_1002,5.5764
2026-04-03 05:00:00,OBJ_1011,1.2003
2026-04-02 08:00:00,OBJ_1010,4.3401
2026-04-01 00:00:00,OBJ_1005,0.71
2026-04-02 01:15:00,OBJ_1014,3.1483
2026-04-03 22:15:00,OBJ_1007,2.4683
2026-04-01 17:00:00,OBJ_1012,14.4795
2026-04-01 08:00:00,OBJ_1002,4.7489
2026-04-02 02:45:00,OBJ_1009,0.0
2026-04-01 09:30:00,OBJ_1006,3.0053
2026-04-01 01:15:00,OBJ_1009,0.0
2026-04-01 08:00:00,OBJ_1010,4.3629
2026-04-02 11:45:00,OBJ_1011,-1.7464
2026-04-03 17:30:00,OBJ_1008,11.3824
2026-04-02 03:00:00,OBJ_1008,3.0313
2026-04-03 04:30:00,OBJ_1010,6.3658
2026-04-01 23:45:00,OBJ_1010,3.472
2026-04-02 16:15:00,OBJ_1012,17.881
2026-04-01 14:15:00,OBJ_1011,-1.3365
2026-04-02 16:15:00,OBJ_1014,3.6746
2026-04-01 03:30:00,OBJ_1005,0.7352
2026-04-02 03:30:00,OBJ_1009,0.0
2026-04-01 14:45:00,OBJ_1005,-0.8206
2026-04-02 16:00:00,OBJ_1007,4.5444
2026-04-03 01:45:00,OBJ_1006,0.0
2026-04-01 00:00:00,OBJ_1014,2.1764
2026-04-02 23:15:00,OBJ_1002,4.2346
2026-04-01 11:45:00,OBJ_1008,11.9256
2026-04-01 08:30:00,OBJ_1002,4.6797
2026-04-02 00:15:00,OBJ_1011,1.4117
2026-04-01 09:45:00,OBJ_1002,3.8455
2026-04-02 13:45:00,OBJ_1012,14.5856
2026-04-03 16:15:00,OBJ_1006,3.0394
2026-04-01 10:15:00,OBJ_1011,-1.3648
2026-04-01 21:00:00,OBJ_1007,3.0801
2026-04-03 13:30:00,OBJ_1012,16.444
2026-04-02 07:00:00,OBJ_1001,0.9658
2026-04-01 11:45:00,OBJ_1001,3.7286
2026-04-03 10:15:00,OBJ_1010,2.9529
2026-04-02 17:00:00,OBJ_1007,4.8903
2026-04-01 16:30:00,OBJ_1008,11.9318
2026-04-02 01:00:00,OBJ_1009,0.0
2026-04-02 00:00:00,OBJ_1011,0.9394
2026-04-02 21:15:00,OBJ_1010,3.4254
2026-04-02 01:15:00,OBJ_1010,5.1475
2026-04-01 02:15:00,OBJ_1006,0.0
2026-04-01 17:45:00,OBJ_1006,1.9395
2026-04-03 05:30:00,OBJ_1001,0.0
2026-04-01 05:00:00,OBJ_1008,3.8763
2026-04-02 09:45:00,OBJ_1011,1.0647
2026-04-02 04:00:00,OBJ_1012,5.0147
2026-04-03 00:45:00,OBJ_1011,0.9057
2026-04-02 07:45:00,OBJ_1006,1.5416
2026-04-03 06:45:00,OBJ_1010,6.0114
2026-04-03 00:45:00,OBJ_1008,3.5689
2026-04-01 07:30:00,OBJ_1006,1.2874
2026-04-02 14:30:00,OBJ_1008,11.0564
2026-04-01 21:30:00,OBJ_1012,16.7441
2026-04-01 19:15:00,OBJ_1002,6.5759
2026-04-01 18:30:00,OBJ_1012,16.9245
2026-04-01 00:30:00,OBJ_9999,0.0
2026-04-03 20:15:00,OBJ_1002,4.6854
2026-04-01 06:00:00,OBJ_1005,0.8447
2026-04-01 02:00:00,OBJ_1014,3.5033
2026-04-03 16:15:00,OBJ_1008,11.9011
2026-04-03 12:15:00,OBJ_1010,4.4681
2026-04-02 17:30:00,OBJ_1007,4.6791
2026-04-03 10:30:00,OBJ_1002,3.1406
2026-04-02 09:00:00,OBJ_1011,1.1142
2026-04-01 00:00:00,1001,0.05
2026-04-03 01:45:00,OBJ_1008,3.6556
2026-04-03 13:45:00,OBJ_1014,3.1538
2026-04-03 09:45:00,OBJ_1011,0.9954
2026-04-02 18:15:00,OBJ_1002,7.4745
2026-04-01 17:15:00,OBJ_1007,4.4126
2026-04-02 17:45:00,OBJ_1008,11.4449
2026-04-02 16:45:00,OBJ_1012,12.3149
2026-04-03 21:45:00,OBJ_1002,4.3988
2026-04-01 23:30:00,OBJ_1001,0.0
2026-04-03 23:00:00,OBJ_1011,1.2652
2026-04-03 17:15:00,OBJ_1008,11.1811
2026-04-01 16:45:00,OBJ_1012,16.8814
2026-04-01 18:00:00,OBJ_1012,13.7913
2026-04-02 19:00:00,OBJ_1002,6.3761
2026-04-01 01:15:00,OBJ_1003,2.2696
2026-04-01 21:15:00,OBJ_1012,14.0323
2026-04-03 23:30:00,OBJ_1009,0.0
2026-04-01 13:45:00,OBJ_1002,6.0331
2026-04-03 01:15:00,OBJ_1010,4.7736
2026-04-02 12:30:00,OBJ_1007,3.5815
2026-04-02 19:45:00,OBJ_1007,4.4991
2026-04-03 12:45:00,OBJ_1001,3.8995
2026-04-02 01:45:00,OBJ_1006,0.0
2026-04-02 19:00:00,OBJ_1008,11.4188
2026-04-01 21:45:00,OBJ_1001,0.0
2026-04-01 17:00:00,OBJ_1011,1.2256
2026-04-02 07:00:00,OBJ_1009,1.1793
2026-04-03 11:00:00,OBJ_1009,4.85
2026-04-02 22:15:00,OBJ_1002,3.4576
2026-04-02 10:00:00,OBJ_1006,3.4133
2026-04-03 16:45:00,OBJ_1009,3.5662
2026-04-03 08:30:00,OBJ_1007,4.0271
2026-04-01 11:15:00,OBJ_1007,2.467
2026-04-01 22:30:00,OBJ_1002,2.8769
2026-04-03 17:00:00,OBJ_1006,2.4105
2026-04-03 15:45:00,OBJ_1012,16.0631
2026-04-03 19:00:00,OBJ_1012,13.0521
2026-04-02 22:15:00,OBJ_1008,3.9044
2026-04-02 13:00:00,OBJ_1010,4.509
2026-04-02 22:30:00,OBJ_1002,3.5921
2026-04-02 23:15:00,OBJ_1011,1.2928
2026-04-01 15:15:00,OBJ_1005,0.7222
2026-04-02 00:45:00,OBJ_1014,2.4083
2026-04-02 13:00:00,OBJ_1001,3.9627
2026-04-01 13:45:00,OBJ_1005,-1.1172
2026-04-01 01:30:00,OBJ_1011,1.2933
2026-04-01 14:45:00,OBJ_1008,12.6995
2026-04-01 03:45:00,OBJ_1006,0.0
2026-04-03 14:30:00,OBJ_1006,4.1692
2026-04-02 09:30:00,OBJ_1001,2.9525
2026-04-03 23:15:00,OBJ_1009,0.0
2026-04-03 11:45:00,OBJ_1011,-1.21
2026-04-02 23:15:00,OBJ_1005,0.767
2026-04-02 15:00:00,OBJ_1011,1.3697
2026-04-02 17:15:00,OBJ_1005,0.8584
2026-04-01 01:45:00,OBJ_1011,1.0316
2026-04-02 03:45:00,OBJ_1009,0.0
2026-04-03 08:30:00,OBJ_1009,3.1533
2026-04-02 00:45:00,OBJ_1005,0.6269
2026-04-01 04:45:00,OBJ_1009,0.0
2026-04-02 21:45:00,OBJ_1008,10.6941
2026-04-01 06:00:00,OBJ_1010,5.37
2026-04-03 02:15:00,OBJ_1011,1.09
2026-04-01 18:45:00,OBJ_1007,5.0386
2026-04-03 15:45:00,OBJ_1005,0.6161
2026-04-03 05:00:00,OBJ_1014,2.8642
2026-04-01 23:00:00,OBJ_1008,3.8469
2026-04-02 04:00:00,OBJ_1014,3.1858
2026-04-01 08:15:00,OBJ_1001,2.0172
2026-04-02 23:45:00,OBJ_1010,3.3645
2026-04-01 22:15:00,OBJ_1002,2.8752
2026-04-03 02:30:00,OBJ_1006,0.0
2026-04-01 05:15:00,OBJ_1014,3.3936
2026-04-01 02:45:00,OBJ_1007,4.2655
2026-04-02 19:30:00,OBJ_1001,0.4676
2026-04-02 05:30:00,OBJ_1002,7.834
2026-04-03 03:15:00,OBJ_1005,0.6782
2026-04-01 06:00:00,OBJ_1001,0.0
2026-04-03 20:00:00,OBJ_1008,11.4571
2026-04-01 03:15:00,OBJ_1001,0.0
2026-04-01 23:15:00,OBJ_1002,3.724
2026-04-02 20:15:00,OBJ_1007,3.7425
2026-04-02 18:00:00,OBJ_1005,0.7836
2026-04-01 10:15:00,OBJ_1005,-0.9037
2026-04-03 18:00:00,OBJ_1006,1.8639
2026-04-02 07:00:00,OBJ_1008,13.2589
2026-04-01 05:30:00,OBJ_1008,3.5937
2026-04-03 22:45:00,OBJ_1008,4.4095
2026-04-02 21:00:00,OBJ_1012,17.1824
2026-04-02 13:45:00,OBJ_1010,5.0936
2026-04-03 05:30:00,OBJ_1006,0.0
2026-04-02 08:15:00,OBJ_1014,2.1073
2026-04-01 07:45:00,OBJ_1007,4.5556
2026-04-03 11:45:00,OBJ_1002,4.5679
2026-04-02 15:00:00,OBJ_1014,3.3639
2026-04-02 08:30:00,OBJ_1006,2.2606
2026-04-02 16:15:00,OBJ_1006,3.322
2026-04-01 05:45:00,OBJ_1005,0.9984
2026-04-01 16:30:00,OBJ_1011,1.2512
2026-04-01 18:30:00,OBJ_1008,12.1735
2026-04-01 07:00:00,OBJ_1009,1.2911
2026-04-01 11:45:00,OBJ_1005,-1.0158
2026-04-01 20:15:00,OBJ_1001,0.0
2026-04-01 17:15:00,OBJ_1001,2.3547
2026-04-03 23:15:00,OBJ_1012,4.5607
2026-04-02 16:30:00,OBJ_1009,3.8878
2026-04-03 23:45:00,OBJ_1012,5.0136
2026-04-02 04:15:00,OBJ_1010,6.1364
2026-04-01 22:45:00,OBJ_1001,0.0
2026-04-01 14:45:00,OBJ_1011,-1.5777
2026-04-01 23:45:00,OBJ_1012,5.9281
2026-04-02 16:45:00,OBJ_1001,2.9684
2026-04-01 21:15:00,OBJ_1006,0.0
2026-04-01 05:15:00,OBJ_1005,0.8701
2026-04-02 23:00:00,OBJ_1007,3.0875
2026-04-02 05:00:00,OBJ_1001,0.0
2026-04-01 21:00:00,OBJ_1009,0.0
2026-04-02 07:30:00,OBJ_1005,0.6555
2026-04-03 14:30:00,OBJ_1011,-1.6363
2026-04-03 11:15:00,OBJ_1009,4.9626
2026-04-01 18:15:00,OBJ_1012,13.1319
2026-04-03 13:00:00,OBJ_1009,5.1575
2026-04-01 11:30:00,OBJ_1014,1.7636
2026-04-03 13:45:00,OBJ_1007,3.5463
2026-04-03 02:00:00,OBJ_1002,5.8314
2026-04-02 07:00:00,OBJ_1011,1.1098
2026-04-02 23:00:00,OBJ_1006,0.0
2026-04-03 18:45:00,OBJ_1012,17.6922
2026-04-01 18:30:00,OBJ_1014,3.5635
2026-04-03 05:15:00,OBJ_1009,0.0
2026-04-01 18:00:00,OBJ_1011,1.0697
2026-04-03 03:45:00,OBJ_1014,3.3338
2026-04-01 02:00:00,OBJ_1011,1.4977
2026-04-02 11:00:00,OBJ_1009,5.2853
2026-04-02 07:45:00,OBJ_1001,1.6001
2026-04-03 20:00:00,OBJ_1009,0.0
2026-04-03 15:15:00,OBJ_1001,3.5338
2026-04-03 10:15:00,OBJ_1001,3.1201
2026-04-01 20:00:00,OBJ_1009,0.0
2026-04-02 04:15:00,OBJ_1009,0.0
2026-04-01 15:00:00,OBJ_1014,3.237
2026-04-01 10:00:00,OBJ_1011,-1.6983
2026-04-02 04:00:00,OBJ_1001,0.0
2026-04-01 22:30:00,OBJ_1008,3.0491
2026-04-02 14:30:00,OBJ_1011,-1.3968
2026-04-01 04:30:00,OBJ_1006,0.0
2026-04-03 13:15:00,OBJ_1001,4.0617
2026-04-03 01:15:00,OBJ_1007,4.1058
2026-04-03 14:00:00,OBJ_1014,2.9147
2026-04-01 11:00:00,OBJ_1010,3.1742
2026-04-01 13:30:00,OBJ_1001,4.0292
2026-04-01 17:45:00,OBJ_1007,5.282
2026-04-02 19:30:00,OBJ_1008,11.2967
2026-04-01 06:30:00,OBJ_1001,0.4922
2026-04-03 14:00:00,OBJ_1006,3.9149
2026-04-01 09:00:00,OBJ_1002,4.4315
2026-04-03 02:45:00,OBJ_1009,0.0
2026-04-02 19:15:00,OBJ_1012,12.8991
2026-04-01 18:45:00,OBJ_1005,0.8009
2026-04-01 09:00:00,OBJ_1011,1.3776
2026-04-03 04:15:00,OBJ_1011,1.1875
2026-04-02 16:45:00,OBJ_1007,5.0208
2026-04-02 08:30:00,OBJ_1012,16.8811
2026-04-03 22:45:00,OBJ_1012,4.5722
2026-04-02 03:15:00,OBJ_1009,0.0
2026-04-02 10:45:00,OBJ_1002,3.0501
2026-04-02 16:00:00,OBJ_1002,7.7547
2026-04-01 19:00:00,OBJ_1007,3.9358
2026-04-03 08:15:00,OBJ_1005,0.6828
2026-04-02 12:45:00,OBJ_1005,-1.1827
2026-04-01 10:00:00,OBJ_1006,3.4919
2026-04-03 22:30:00,OBJ_1010,2.9965
2026-04-02 14:15:00,OBJ_1006,4.308
2026-04-01 17:15:00,OBJ_1011,1.319
2026-04-01 19:00:00,OBJ_1005,0.7878
2026-04-02 12:15:00,OBJ_1005,-1.0134
2026-04-03 23:30:00,OBJ_1006,0.0
2026-04-03 03:45:00,OBJ_1010,5.3233
2026-04-03 06:30:00,OBJ_1002,7.0651
2026-04-01 05:00:00,OBJ_1011,0.9945
2026-04-01 18:45:00,OBJ_1001,1.1515
2026-04-01 11:30:00,OBJ_1002,4.0957
2026-04-03 18:30:00,OBJ_1002,6.1142
2026-04-01 03:15:00,OBJ_1009,0.0
2026-04-03 15:45:00,OBJ_1007,4.5512
2026-04-02 19:30:00,OBJ_1010,5.089
2026-04-03 21:45:00,OBJ_1008,11.4098
2026-04-03 03:45:00,OBJ_1009,0.0
2026-04-01 01:30:00,OBJ_1012,4.7913
2026-04-01 20:30:00,OBJ_1010,4.5812
2026-04-03 08:45:00,OBJ_1001,2.3109
2026-04-01 07:15:00,OBJ_1009,1.5954
2026-04-02 12:30:00,OBJ_1008,11.5955
2026-04-02 18:15:00,OBJ_1008,9.8315
2026-04-03 17:45:00,OBJ_1008,9.9874
2026-04-02 14:00:00,OBJ_1001,4.2079
2026-04-02 15:45:00,OBJ_1002,6.8212
2026-04-03 21:15:00,OBJ_1012,14.2164
2026-04-01 15:00:00,OBJ_1006,3.5182
2026-04-01 21:00:00,OBJ_1001,0.0
2026-04-01 05:45:00,OBJ_1001,0.0
2026-04-01 22:30:00,OBJ_1014,1.3187
2026-04-01 13:30:00,OBJ_1006,3.9863
2026-04-03 20:45:00,OBJ_1008,10.1937
2026-04-03 07:45:00,OBJ_1001,1.4745
2026-04-01 07:45:00,OBJ_1012,17.8869
2026-04-03 23:45:00,OBJ_1006,0.0
2026-04-01 17:15:00,OBJ_1008,11.4715
2026-04-01 00:45:00,OBJ_1005,0.8208
2026-04-02 07:45:00,OBJ_1014,2.9151
2026-04-03 03:45:00,OBJ_1006,0.0
2026-04-01 02:00:00,OBJ_1005,0.6439
2026-04-02 12:45:00,OBJ_1008,12.0825
2026-04-03 13:45:00,OBJ_1009,5.4734
2026-04-02 02:00:00,OBJ_1014,3.2305
2026-04-01 21:45:00,OBJ_1007,2.9581
2026-04-01 11:15:00,OBJ_1008,11.8002
2026-04-01 20:00:00,OBJ_1011,1.1073
2026-04-03 16:45:00,OBJ_1005,0.8733
2026-04-02 03:00:00,OBJ_1009,0.0
2026-04-02 14:00:00,OBJ_1006,3.9927
2026-04-02 00:00:00,OBJ_1001,0.0
2026-04-03 00:00:00,OBJ_1014,2.0366
2026-04-02 06:15:00,OBJ_1010,6.1011
2026-04-01 12:30:00,OBJ_1006,4.3191
2026-04-03 21:15:00,OBJ_1005,0.759
2026-04-03 20:30:00,OBJ_1010,4.0205
2026-04-02 09:30:00,OBJ_1010,3.426
2026-04-01 23:45:00,OBJ_1011,1.1748
2026-04-02 11:30:00,OBJ_1014,1.8708
2026-04-03 07:15:00,OBJ_1005,0.7663
2026-04-02 20:45:00,OBJ_1001,0.0
2026-04-01 14:15:00,OBJ_1002,6.7063
2026-04-03 21:00:00,OBJ_1010,3.1212
2026-04-02 04:30:00,OBJ_1009,0.0
2026-04-03 11:30:00,OBJ_1011,-1.7866
2026-04-03 04:45:00,OBJ_1010,6.9389
2026-04-03 06:30:00,OBJ_1009,0.5796
2026-04-03 12:00:00,OBJ_1012,15.2194
2026-04-01 19:30:00,OBJ_1002,6.4256
2026-04-03 18:45:00,OBJ_1005,0.7494
2026-04-01 09:15:00,OBJ_1012,13.4691
2026-04-02 15:00:00,OBJ_1001,4.0421
2026-04-03 07:15:00,OBJ_1011,1.0753
2026-04-01 21:15:00,OBJ_1008,12.7111
2026-04-03 18:15:00,OBJ_1014,3.5072
2026-04-02 04:45:00,OBJ_1012,4.5658
2026-04-01 18:00:00,OBJ_1010,6.2183
2026-04-01 18:15:00,OBJ_1011,1.0931
2026-04-03 05:45:00,OBJ_1009,0.0
2026-04-02 14:45:00,OBJ_1011,-1.6894
2026-04-02 09:00:00,OBJ_1007,2.9238
2026-04-03 18:15:00,OBJ_1001,1.719
2026-04-02 01:45:00,OBJ_1008,3.9498
2026-04-01 12:45:00,OBJ_1009,5.9553
2026-04-02 20:00:00,OBJ_1001,0.0
2026-04-01 06:00:00,OBJ_1011,1.298
2026-04-02 23:15:00,OBJ_1010,3.4502
2026-04-03 16:30:00,OBJ_1002,7.2301
2026-04-02 07:15:00,OBJ_1009,1.6209
2026-04-01 21:45:00,OBJ_1009,0.0
2026-04-02 07:30:00,OBJ_1009,1.708
2026-04-01 13:30:00,OBJ_1009,5.1445
2026-04-01 01:00:00,OBJ_1014,2.8897
2026-04-03 13:15:00,OBJ_1011,-1.337
2026-04-02 07:00:00,OBJ_1012,12.16
2026-04-03 09:00:00,OBJ_1014,2.1177
2026-04-02 18:00:00,OBJ_1007,4.1486
2026-04-01 18:45:00,OBJ_1010,5.7388
2026-04-01 15:15:00,OBJ_1012,15.9626
2026-04-02 07:00:00,OBJ_1005,0.9621
2026-04-01 16:15:00,OBJ_1010,6.7119
2026-04-01 23:00:00,OBJ_1001,0.0
2026-04-01 04:00:00,OBJ_1005,0.7694
2026-04-03 03:45:00,OBJ_1002,7.1617
2026-04-01 21:45:00,OBJ_1012,12.1501
2026-04-01 19:15:00,OBJ_1012,16.4806
2026-04-02 14:00:00,OBJ_1011,-1.5026
2026-04-02 12:45:00,OBJ_1009,5.3592
2026-04-02 09:30:00,OBJ_1007,2.9729
2026-04-01 17:15:00,OBJ_1010,5.9196
2026-04-02 18:00:00,OBJ_1014,3.4519
2026-04-01 14:00:00,OBJ_1001,4.22
2026-04-03 13:15:00,OBJ_1010,5.3616
2026-04-01 12:30:00,OBJ_1007,3.7869
2026-04-03 23:30:00,OBJ_1012,5.2911
2026-04-03 22:30:00,OBJ_1008,3.4143
2026-04-01 19:00:00,OBJ_1002,5.5779
2026-04-03 17:45:00,OBJ_1001,1.9372
2026-04-01 16:00:00,OBJ_1006,3.2909
2026-04-02 23:00:00,OBJ_1008,3.5561
2026-04-01 01:45:00,OBJ_1003,1.9652
2026-04-02 04:15:00,OBJ_1005,0.9327
2026-04-02 19:15:00,OBJ_1009,0.9368
2026-04-03 19:45:00,OBJ_1005,0.9547
2026-04-01 19:30:00,OBJ_1007,4.3548
2026-04-01 04:30:00,OBJ_1005,0.9876
2026-04-03 07:00:00,OBJ_1001,0.9247
2026-04-01 21:00:00,OBJ_1012,12.793
2026-04-03 08:15:00,OBJ_1002,4.888
2026-04-02 06:45:00,OBJ_1010,5.0497
2026-04-01 10:15:00,OBJ_1010,2.8056
2026-04-01 10:00:00,OBJ_1001,3.3428
2026-04-03 19:30:00,OBJ_1014,2.5033
2026-04-03 02:00:00,OBJ_1008,3.5337
2026-04-01 22:45:00,OBJ_1014,1.5495
2026-04-03 01:00:00,OBJ_1012,5.7751
2026-04-01 11:45:00,OBJ_1007,2.6423
2026-04-02 03:00:00,OBJ_1011,1.2709
2026-04-01 17:00:00,OBJ_1014,3.0185
2026-04-01 02:15:00,OBJ_1001,0.0
2026-04-01 10:45:00,OBJ_1009,5.0667
2026-04-01 17:00:00,OBJ_1009,3.7343
2026-04-01 18:30:00,OBJ_1010,5.5111
2026-04-01 15:45:00,OBJ_1007,5.3798
2026-04-03 19:45:00,OBJ_1012,12.0077
2026-04-02 07:00:00,OBJ_1006,0.8733
2026-04-01 07:30:00,OBJ_1014,3.076
2026-04-01 17:45:00,OBJ_1012,17.5312
2026-04-03 17:00:00,OBJ_1005,0.8203
2026-04-03 04:30:00,OBJ_1002,7.7514
2026-04-03 10:30:00,OBJ_1008,12.9645
2026-04-02 02:30:00,OBJ_1009,0.0
2026-04-03 00:15:00,OBJ_1009,0.0
2026-04-03 13:00:00,OBJ_1008,10.2239
2026-04-03 12:30:00,OBJ_1011,-1.3856
2026-04-02 07:00:00,OBJ_1007,4.0524
2026-04-02 09:15:00,OBJ_1010,4.0991
2026-04-03 18:30:00,OBJ_1014,3.4433
2026-04-01 19:15:00,OBJ_1008,9.3079
2026-04-02 13:45:00,OBJ_1014,3.0754
2026-04-01 03:00:00,OBJ_1002,8.097
2026-04-01 01:00:00,OBJ_1010,4.6224
2026-04-02 18:45:00,OBJ_1010,5.8831
2026-04-02 02:15:00,OBJ_1012,5.3343
2026-04-01 23:00:00,OBJ_1006,0.0
2026-04-03 13:45:00,OBJ_1010,5.6197
2026-04-03 22:45:00,OBJ_1011,0.9606
2026-04-02 03:30:00,OBJ_1002,7.2005
2026-04-01 06:30:00,OBJ_1007,3.9108
2026-04-02 06:15:00,OBJ_1006,0.2401
2026-04-01 06:15:00,OBJ_1005,0.8213
2026-04-02 19:30:00,OBJ_1005,0.6822
2026-04-02 05:00:00,OBJ_1011,1.3342
2026-04-01 04:45:00,OBJ_1005,0.9136
2026-04-03 22:15:00,OBJ_1011,1.4005
2026-04-01 11:45:00,OBJ_1012,17.6977
2026-04-01 22:15:00,OBJ_1006,0.0
2026-04-01 02:30:00,OBJ_1010,5.8368
2026-04-01 06:15:00,OBJ_1008,4.0764
2026-04-03 16:30:00,OBJ_1007,5.3602
2026-04-01 14:15:00,OBJ_1012,13.0766
2026-04-03 02:30:00,OBJ_1002,6.4671
2026-04-03 12:45:00,OBJ_1009,5.7956
2026-04-03 15:45:00,OBJ_1010,5.7368
2026-04-01 07:15:00,OBJ_1010,4.9103
2026-04-02 02:30:00,OBJ_1001,0.0
2026-04-03 16:45:00,OBJ_1006,2.6265
2026-04-01 06:30:00,OBJ_1010,5.3091
2026-04-02 19:45:00,OBJ_1002,6.7318
2026-04-03 16:30:00,OBJ_1010,6.0558
2026-04-03 14:45:00,OBJ_1007,4.7628
2026-04-02 15:45:00,OBJ_1006,3.4088
2026-04-03 20:15:00,OBJ_1006,0.0
2026-04-02 03:30:00,OBJ_1011,0.9879
2026-04-02 05:45:00,OBJ_1010,5.2982
2026-04-03 11:15:00,OBJ_1002,4.2683
2026-04-01 02:15:00,OBJ_1009,0.0
2026-04-02 23:15:00,OBJ_1001,0.0
2026-04-02 02:00:00,OBJ_1005,0.9107
2026-04-01 15:15:00,OBJ_1001,3.8559
2026-04-03 01:15:00,OBJ_1005,0.9702
2026-04-03 09:00:00,OBJ_1007,3.2484
2026-04-02 13:00:00,OBJ_1012,15.3699
2026-04-03 01:00:00,OBJ_1008,3.7922
2026-04-03 15:15:00,OBJ_1014,2.9669
2026-04-01 12:00:00,OBJ_1009,5.5859
2026-04-02 22:30:00,OBJ_1010,2.4115
2026-04-02 21:15:00,OBJ_1008,11.6906
2026-04-01 22:15:00,OBJ_1007,2.1374
2026-04-02 14:45:00,OBJ_1001,4.1516
2026-04-01 03:00:00,OBJ_1006,0.0
2026-04-02 08:00:00,OBJ_1007,3.4849
2026-04-02 03:00:00,OBJ_1001,0.0
2026-04-02 08:45:00,OBJ_1006,2.4602
2026-04-03 04:30:00,OBJ_1014,3.5199
2026-04-03 06:00:00,OBJ_1014,3.4661
2026-04-01 19:15:00,OBJ_1011,1.4985
2026-04-03 12:00:00,OBJ_1008,11.2547
2026-04-02 01:15:00,OBJ_1006,0.0
2026-04-02 05:00:00,OBJ_1006,0.0
2026-04-01 03:30:00,OBJ_1006,0.0
2026-04-01 20:15:00,OBJ_1002,4.9543
2026-04-03 12:30:00,OBJ_1012,16.4502
2026-04-01 23:30:00,OBJ_1012,4.9525
2026-04-03 08:45:00,OBJ_1006,2.5109
2026-04-02 03:00:00,OBJ_1014,3.6856
2026-04-01 02:00:00,OBJ_1009,0.0
2026-04-01 15:30:00,OBJ_1001,3.3381
2026-04-02 07:45:00,OBJ_1007,3.5929
2026-04-02 18:30:00,OBJ_1002,7.7226
2026-04-02 03:45:00,OBJ_1007,4.7787
2026-04-03 23:15:00,OBJ_1007,3.0926
2026-04-02 12:45:00,OBJ_1007,3.7421
2026-04-01 16:30:00,OBJ_1014,3.3603
2026-04-03 20:45:00,OBJ_1005,0.8789
2026-04-01 07:00:00,OBJ_1002,6.8269
2026-04-02 17:15:00,OBJ_1001,2.5899
2026-04-03 11:15:00,OBJ_1014,1.7871
2026-04-03 13:00:00,OBJ_1005,-1.1086
2026-04-02 12:15:00,OBJ_1010,4.4981
2026-04-01 02:00:00,OBJ_1001,0.0
2026-04-02 09:00:00,OBJ_1012,16.685
2026-04-01 06:15:00,OBJ_1006,0.2248
2026-04-01 00:30:00,OBJ_1014,2.3911
2026-04-03 15:30:00,OBJ_1005,0.7626
2026-04-03 06:30:00,OBJ_1006,0.4816
2026-04-02 06:15:00,OBJ_1011,1.1694
2026-04-02 18:00:00,OBJ_1010,5.8069
2026-04-01 04:15:00,OBJ_1007,4.5892
2026-04-01 09:00:00,OBJ_1005,0.8619
2026-04-03 23:30:00,OBJ_1008,3.6647
2026-04-03 22:00:00,OBJ_1001,0.0
2026-04-03 04:00:00,OBJ_1012,5.5913
2026-04-02 15:15:00,OBJ_1009,4.58
2026-04-03 12:45:00,OBJ_1002,5.4703
2026-04-01 07:45:00,OBJ_1009,2.0478
2026-04-01 00:30:00,OBJ_1012,5.4595
2026-04-01 06:30:00,OBJ_1002,6.0396
2026-04-01 03:15:00,OBJ_1012,4.8762
2026-04-01 22:00:00,OBJ_1006,0.0
2026-04-01 16:00:00,OBJ_1014,3.3622
2026-04-02 19:00:00,OBJ_1011,1.0485
2026-04-01 17:30:00,OBJ_1011,1.1769
2026-04-02 06:30:00,OBJ_1006,0.4561
2026-04-02 17:30:00,OBJ_1001,2.3519
2026-04-03 00:45:00,OBJ_1006,0.0
2026-04-01 12:45:00,OBJ_1010,4.4697
2026-04-02 00:45:00,OBJ_1010,4.6863
2026-04-01 13:00:00,OBJ_1009,5.492
2026-04-03 21:00:00,OBJ_1006,0.0
2026-04-02 18:45:00,OBJ_1012,12.8014
2026-04-03 19:45:00,OBJ_1006,0.2314
2026-04-03 22:30:00,OBJ_1006,0.0
2026-04-02 08:45:00,OBJ_1014,2.2354
2026-04-03 00:15:00,OBJ_1014,2.1292
2026-04-02 10:15:00,OBJ_1010,2.6086
2026-04-01 10:30:00,OBJ_1012,15.2557
2026-04-03 16:15:00,OBJ_1014,2.9491
2026-04-02 06:15:00,OBJ_1002,6.7141
2026-04-01 11:00:00,OBJ_1012,12.1741
2026-04-01 03:00:00,OBJ_1010,5.3481
2026-04-02 06:15:00,OBJ_1012,5.068
2026-04-02 21:45:00,OBJ_1010,3.5831
2026-04-02 12:00:00,OBJ_1014,2.401
2026-04-02 02:00:00,OBJ_1011,1.3044
2026-04-01 07:30:00,OBJ_1011,1.1762
2026-04-01 15:45:00,OBJ_1011,1.445
2026-04-02 04:45:00,OBJ_1010,5.5269
2026-04-01 02:45:00,OBJ_9999,0.0
2026-04-02 09:00:00,OBJ_1010,3.2917
2026-04-02 11:30:00,OBJ_1010,3.0306
2026-04-01 21:00:00,OBJ_1002,4.096
2026-04-03 18:15:00,OBJ_1010,5.2389
2026-04-01 15:30:00,OBJ_1010,6.3372
2026-04-01 19:30:00,OBJ_1006,0.4618
2026-04-02 10:15:00,OBJ_1001,3.5481
2026-04-03 04:15:00,OBJ_1012,4.8016
2026-04-03 00:15:00,OBJ_1007,3.7504
2026-04-03 05:45:00,OBJ_1002,6.5588
2026-04-03 16:45:00,OBJ_1008,9.8422
2026-04-01 18:45:00,OBJ_1008,12.9339
2026-04-01 00:15:00,OBJ_1001,0.1
2026-04-01 05:45:00,OBJ_1010,6.6819
2026-04-03 07:15:00,OBJ_1009,1.4196
2026-04-01 19:45:00,OBJ_1009,0.3172
2026-04-01 14:45:00,OBJ_1009,5.045
2026-04-03 17:00:00,OBJ_1008,9.6176
2026-04-03 10:45:00,OBJ_1007,2.129
2026-04-02 03:15:00,OBJ_1002,7.8868
2026-04-03 04:15:00,OBJ_1002,7.6288
2026-04-02 22:30:00,OBJ_1001,0.0
2026-04-03 14:15:00,OBJ_1012,12.0383
2026-04-03 01:15:00,OBJ_1009,0.0
2026-04-01 21:30:00,OBJ_1007,3.0733
2026-04-03 12:00:00,OBJ_1002,4.5151
2026-04-02 23:15:00,OBJ_1008,3.5698
2026-04-02 06:00:00,OBJ_1008,3.1966
2026-04-03 16:45:00,OBJ_1014,3.1236
2026-04-03 06:30:00,OBJ_1011,0.9707
2026-04-02 08:45:00,OBJ_1009,3.3555
2026-04-02 18:45:00,OBJ_1002,7.6076
2026-04-01 02:45:00,OBJ_1001,0.0
2026-04-02 07:45:00,OBJ_1012,17.4309
2026-04-03 07:00:00,OBJ_1012,17.783
2026-04-03 00:45:00,OBJ_1005,0.9433
2026-04-03 20:00:00,OBJ_1011,1.4184
2026-04-02 06:15:00,OBJ_1008,3.6663
2026-04-02 13:30:00,OBJ_1006,4.1352
2026-04-02 11:15:00,OBJ_1005,-0.8804
2026-04-03 19:30:00,OBJ_1005,0.8262
2026-04-01 14:30:00,OBJ_1012,15.4444
2026-04-02 21:45:00,OBJ_1005,0.7275
2026-04-02 21:00:00,OBJ_1007,2.5159
2026-04-01 13:00:00,OBJ_1007,4.0766
2026-04-03 07:30:00,OBJ_1009,1.7184
2026-04-03 10:30:00,OBJ_1006,3.2973
2026-04-02 13:45:00,OBJ_1001,3.9141
2026-04-02 11:00:00,OBJ_1006,3.4857
2026-04-02 21:00:00,OBJ_1006,0.0
2026-04-02 16:00:00,OBJ_1014,3.0865
2026-04-03 21:30:00,OBJ_1002,4.2892
2026-04-02 10:00:00,OBJ_1010,2.7908
2026-04-01 14:00:00,OBJ_1010,5.0037
2026-04-02 02:15:00,OBJ_1007,3.9956
2026-04-01 06:30:00,OBJ_1011,1.3447
2026-04-02 02:30:00,OBJ_1012,5.494
2026-04-02 15:45:00,OBJ_1005,0.8649
2026-04-02 20:15:00,OBJ_1009,0.0
2026-04-02 12:15:00,OBJ_1008,13.2372
2026-04-03 01:30:00,OBJ_1001,0.0
2026-04-02 11:45:00,OBJ_1001,4.1166
2026-04-01 21:15:00,OBJ_1014,1.7674
2026-04-02 21:45:00,OBJ_1012,13.8044
2026-04-01 01:15:00,OBJ_1007,3.8937
2026-04-02 11:15:00,OBJ_1006,3.6204
2026-04-03 18:45:00,OBJ_1008,9.4546
2026-04-02 10:45:00,OBJ_1001,3.9364
2026-04-01 04:45:00,OBJ_1008,4.436
2026-04-02 15:30:00,OBJ_1012,12.3737
2026-04-03 12:30:00,OBJ_1010,4.4368
2026-04-03 00:00:00,OBJ_1001,0.0
2026-04-03 07:45:00,OBJ_1014,2.7139
2026-04-02 18:45:00,OBJ_1009,1.4854
2026-04-02 08:45:00,OBJ_1005,0.8782
2026-04-03 14:00:00,OBJ_1008,10.4729
2026-04-01 22:45:00,OBJ_1002,3.2904
2026-04-03 09:45:00,OBJ_1007,2.6427
2026-04-02 14:45:00,OBJ_1008,11.3955
2026-04-02 19:00:00,OBJ_1009,1.2679
2026-04-02 23:15:00,OBJ_1009,0.0
2026-04-03 16:15:00,OBJ_1002,6.5735
2026-04-03 07:00:00,OBJ_1010,4.622
2026-04-02 06:00:00,OBJ_1007,4.904
2026-04-01 23:30:00,OBJ_1006,0.0
2026-04-01 07:30:00,OBJ_1001,1.4441
2026-04-03 17:15:00,OBJ_1007,4.8823
2026-04-01 02:00:00,OBJ_1010,5.4241
2026-04-03 08:30:00,OBJ_1006,2.0692
2026-04-02 18:00:00,OBJ_1002,6.1767
2026-04-01 13:15:00,OBJ_1012,13.2727
2026-04-03 16:00:00,OBJ_1006,3.2291
2026-04-01 22:00:00,OBJ_1005,0.6885
2026-04-03 12:45:00,OBJ_1008,11.3535
2026-04-03 00:45:00,OBJ_1014,2.3665
2026-04-01 13:45:00,OBJ_1007,3.7119
2026-04-02 17:00:00,OBJ_1010,6.7752
2026-04-01 19:45:00,OBJ_1002,6.3057
2026-04-02 10:45:00,OBJ_1011,-1.4671
2026-04-01 14:00:00,OBJ_1012,16.5731
2026-04-03 21:00:00,OBJ_1002,4.1602
2026-04-03 06:00:00,OBJ_1011,0.9375
2026-04-03 03:45:00,OBJ_1001,0.0
2026-04-01 04:00:00,OBJ_1009,0.0
2026-04-02 12:15:00,OBJ_1011,-1.6324
2026-04-02 20:15:00,OBJ_1008,11.9781
2026-04-02 10:30:00,OBJ_1005,-0.8998
2026-04-02 01:15:00,OBJ_1008,3.5513
2026-04-01 07:30:00,OBJ_1012,13.8311
2026-04-03 09:45:00,OBJ_1005,0.6003
2026-04-03 20:45:00,OBJ_1002,4.8627
2026-04-01 13:15:00,OBJ_1011,-1.3091
2026-04-03 03:30:00,OBJ_1009,0.0
2026-04-02 09:45:00,OBJ_1014,2.2398
2026-04-01 19:00:00,OBJ_1001,0.9495
2026-04-02 05:00:00,OBJ_1014,3.6992
2026-04-02 16:15:00,OBJ_1001,3.2069
2026-04-01 15:00:00,OBJ_1011,1.2135
2026-04-03 19:00:00,OBJ_1006,0.9966
2026-04-01 03:15:00,OBJ_1011,1.2899
2026-04-01 04:15:00,OBJ_1005,0.7794
2026-04-03 15:00:00,OBJ_1011,1.4785
2026-04-02 14:15:00,OBJ_1014,3.0957
2026-04-01 12:45:00,OBJ_1012,16.2439
2026-04-01 14:30:00,OBJ_1008,9.5683
2026-04-02 13:15:00,OBJ_1012,12.9582
2026-04-01 06:15:00,OBJ_1012,4.9771
2026-04-02 03:15:00,OBJ_1011,1.0998
2026-04-03 00:15:00,OBJ_1001,0.0
2026-04-01 00:00:00,OBJ_1009,0.0
2026-04-02 17:00:00,OBJ_1012,14.8647
2026-04-02 03:45:00,OBJ_1012,5.129
2026-04-02 07:30:00,OBJ_1011,1.401
2026-04-02 03:15:00,OBJ_1010,5.7091
2026-04-03 10:30:00,OBJ_1001,3.2792
2026-04-03 08:00:00,OBJ_1001,1.8988
2026-04-02 23:45:00,OBJ_1011,1.4055
2026-04-03 19:00:00,OBJ_1011,1.2534
2026-04-02 22:15:00,OBJ_1007,2.2736
2026-04-03 12:00:00,OBJ_1007,3.5688
2026-04-01 05:30:00,OBJ_1002,8.1296
2026-04-01 11:15:00,OBJ_1014,1.9754
2026-04-01 21:30:00,OBJ_1011,1.1195
2026-04-01 00:00:00,OBJ_1008,4.015
2026-04-02 21:45:00,OBJ_1002,4.6862
2026-04-01 11:30:00,OBJ_1007,2.5332
2026-04-03 09:15:00,OBJ_1006,2.7099
2026-04-02 14:15:00,OBJ_1005,-0.8475
2026-04-01 00:15:00,OBJ_1002,4.4651
2026-04-03 07:00:00,OBJ_1005,0.7258
2026-04-02 22:00:00,OBJ_1014,1.6369
2026-04-01 14:15:00,OBJ_1014,2.6591
2026-04-01 00:00:00,OBJ_1006,0.0
2026-04-03 14:30:00,OBJ_1007,5.0699
2026-04-01 03:00:00,OBJ_1005,0.6343
2026-04-01 02:30:00,OBJ_1014,3.3193
2026-04-01 04:00:00,OBJ_1012,4.6786
2026-04-01 14:30:00,OBJ_1006,3.9629
2026-04-03 07:30:00,OBJ_1010,5.563
2026-04-01 10:15:00,OBJ_1008,12.4462
2026-04-03 00:00:00,OBJ_1011,0.904
2026-04-03 14:45:00,OBJ_1005,-0.824
2026-04-03 04:15:00,OBJ_1006,0.0
2026-04-02 07:30:00,OBJ_1002,6.5358
2026-04-03 17:30:00,OBJ_1012,12.6008
2026-04-03 22:45:00,OBJ_1005,0.6593
2026-04-01 19:45:00,OBJ_1010,4.7757
2026-04-01 17:45:00,OBJ_1009,2.5731
2026-04-01 19:45:00,OBJ_1014,2.8052
2026-04-03 14:00:00,OBJ_1005,-0.986
2026-04-03 09:30:00,OBJ_1010,3.1973
2026-04-03 18:30:00,OBJ_1010,5.8375
2026-04-03 19:00:00,OBJ_1001,0.9954
2026-04-03 15:00:00,OBJ_1005,0.6382
2026-04-03 14:00:00,OBJ_1007,4.9337
2026-04-02 02:45:00,OBJ_1010,4.8798
2026-04-01 17:45:00,OBJ_1008,13.4111
2026-04-02 00:30:00,OBJ_1011,1.1561
2026-04-01 21:30:00,OBJ_1008,13.4097
2026-04-02 08:15:00,OBJ_1001,1.8723
2026-04-01 08:45:00,OBJ_1005,0.7682
2026-04-03 20:15:00,OBJ_1014,2.4782
2026-04-01 22:15:00,OBJ_1005,0.9549
2026-04-02 01:15:00,OBJ_1007,4.4306
2026-04-03 08:30:00,OBJ_1012,12.7613
2026-04-03 01:30:00,OBJ_1014,2.4872
2026-04-02 10:30:00,OBJ_1012,13.5617
2026-04-02 20:45:00,OBJ_1002,4.9933
2026-04-01 12:00:00,OBJ_1011,-1.3007
2026-04-01 01:45:00,OBJ_1014,2.78
2026-04-02 20:30:00,OBJ_1008,10.3426
2026-04-01 14:45:00,OBJ_1001,3.8085
2026-04-01 10:15:00,OBJ_1012,12.4649
2026-04-02 21:15:00,OBJ_1001,0.0
2026-04-01 02:30:00,OBJ_1009,0.0
2026-04-01 02:00:00,OBJ_1008,3.6332
2026-04-03 00:15:00,OBJ_1005,0.991
2026-04-03 11:45:00,OBJ_1008,12.4323
2026-04-01 16:30:00,OBJ_1012,15.8087
2026-04-02 04:00:00,OBJ_1007,4.2949
2026-04-02 17:00:00,OBJ_1006,2.387
2026-04-03 19:15:00,OBJ_1010,5.8431
2026-04-03 23:15:00,OBJ_1010,3.7638
2026-04-01 16:00:00,OBJ_1007,4.6033
2026-04-01 20:00:00,OBJ_1005,0.6038
2026-04-02 11:15:00,OBJ_1008,9.1183
2026-04-03 08:30:00,OBJ_1010,5.0716
2026-04-03 22:15:00,OBJ_1001,0.0
2026-04-02 18:30:00,OBJ_1010,4.9839
2026-04-01 22:30:00,OBJ_1010,2.6638
2026-04-01 13:30:00,OBJ_1014,2.9234
2026-04-02 03:45:00,OBJ_1014,3.4181
2026-04-02 02:15:00,OBJ_1011,1.192
2026-04-02 22:00:00,OBJ_1010,2.4781
2026-04-02 00:00:00,OBJ_1012,4.55
2026-04-02 15:30:00,OBJ_1006,3.6334
2026-04-01 23:45:00,OBJ_1007,2.4005
2026-04-03 15:30:00,OBJ_1009,4.5532
2026-04-03 00:00:00,OBJ_1005,0.7493
2026-04-01 12:30:00,OBJ_1012,14.0832
2026-04-03 04:15:00,OBJ_1014,3.3746
2026-04-02 01:00:00,OBJ_1001,0.0
2026-04-02 23:00:00,OBJ_1010,3.5125
2026-04-02 03:15:00,OBJ_1001,0.0
2026-04-01 02:30:00,OBJ_1008,4.3058
2026-04-03 16:00:00,OBJ_1009,4.3125
2026-04-02 06:30:00,OBJ_1002,6.7753
2026-04-01 02:00:00,OBJ_1007,4.866
2026-04-01 21:00:00,OBJ_1014,2.0081
2026-04-02 10:00:00,OBJ_1011,-1.6688
2026-04-01 19:15:00,OBJ_1005,0.9038
2026-04-03 16:15:00,OBJ_1012,12.1308
2026-04-03 11:15:00,OBJ_1001,3.908
2026-04-03 18:45:00,OBJ_1006,1.2349
2026-04-01 16:00:00,OBJ_1005,0.8996
2026-04-01 01:15:00,OBJ_1001,0.0
2026-04-01 23:00:00,OBJ_1005,0.9147
2026-04-01 06:45:00,OBJ_1007,4.6166
2026-04-01 09:45:00,OBJ_1006,2.9406
2026-04-02 14:30:00,OBJ_1001,3.929
2026-04-03 11:00:00,OBJ_1012,12.5055
2026-04-01 06:30:00,OBJ_1009,0.6352
2026-04-03 23:15:00,OBJ_1014,1.8934
2026-04-02 00:15:00,OBJ_1002,4.9057
2026-04-02 02:45:00,OBJ_1008,3.1081
2026-04-03 02:30:00,OBJ_1012,4.7078
2026-04-02 12:00:00,OBJ_1001,3.8298
2026-04-01 10:00:00,OBJ_1014,1.6582
2026-04-03 05:45:00,OBJ_1012,4.8643
2026-04-01 04:15:00,OBJ_1010,6.0245
2026-04-03 15:00:00,OBJ_1012,13.4206
2026-04-02 09:45:00,OBJ_1001,3.1554
2026-04-02 03:30:00,OBJ_1010,5.5326
2026-04-02 21:30:00,OBJ_1005,0.6244
2026-04-02 05:30:00,OBJ_1005,0.9253
2026-04-01 12:45:00,OBJ_1014,2.323
2026-04-02 16:30:00,OBJ_1005,0.7162
2026-04-01 21:30:00,OBJ_1010,3.9246
2026-04-02 19:30:00,OBJ_1007,3.6438
2026-04-01 00:15:00,OBJ_9999,0.0
2026-04-03 22:45:00,OBJ_1001,0.0
2026-04-01 05:30:00,OBJ_1012,5.5037
2026-04-01 21:00:00,OBJ_1010,3.8657
2026-04-02 08:30:00,OBJ_1014,2.2183
2026-04-03 11:00:00,OBJ_1011,-1.3662
2026-04-03 03:30:00,OBJ_1005,0.9897
2026-04-02 17:15:00,OBJ_1009,3.2299
2026-04-03 15:15:00,OBJ_1009,4.5225
2026-04-02 01:45:00,OBJ_1010,5.3952
2026-04-03 01:00:00,OBJ_1009,0.0
2026-04-03 23:30:00,OBJ_1007,3.1347
2026-04-02 00:30:00,OBJ_1005,0.7806
2026-04-02 21:15:00,OBJ_1014,2.0766
2026-04-01 02:30:00,OBJ_9999,0.0
2026-04-03 01:00:00,OBJ_1014,2.753
2026-04-02 02:45:00,OBJ_1011,0.9112
2026-04-01 12:15:00,OBJ_1014,2.0799
2026-04-03 10:15:00,OBJ_1012,14.5339
2026-04-01 13:15:00,OBJ_1005,-0.8975
2026-04-01 22:00:00,OBJ_1011,0.9839
2026-04-03 19:30:00,OBJ_1009,0.595
2026-04-01 09:00:00,OBJ_1010,4.0242
2026-04-01 07:15:00,OBJ_1002,6.8338
2026-04-02 07:30:00,OBJ_1010,4.7979
2026-04-03 17:15:00,OBJ_1001,2.5239
2026-04-03 22:15:00,OBJ_1005,0.6505
2026-04-01 17:00:00,OBJ_1007,4.6889
2026-04-02 06:15:00,OBJ_1005,0.7643
2026-04-01 00:45:00,OBJ_1012,4.4558
2026-04-01 18:00:00,OBJ_1005,0.7105
2026-04-02 04:30:00,OBJ_1010,5.3574
2026-04-01 09:45:00,OBJ_1011,1.409
2026-04-01 05:30:00,OBJ_1014,2.9096
2026-04-02 23:15:00,OBJ_1014,1.7664
2026-04-02 17:45:00,OBJ_1010,6.7813
2026-04-01 21:45:00,OBJ_1014,2.2037
2026-04-01 07:30:00,OBJ_1005,0.9149
2026-04-02 19:30:00,OBJ_1002,5.5105
2026-04-01 11:15:00,OBJ_1009,4.7342
2026-04-02 07:30:00,OBJ_1006,1.4206
2026-04-03 01:45:00,OBJ_1010,4.8112
2026-04-01 10:00:00,OBJ_1012,15.2872
2026-04-02 18:00:00,OBJ_1011,1.3544
2026-04-01 04:00:00,OBJ_1008,4.01
2026-04-03 01:15:00,OBJ_1012,5.1741
2026-04-02 11:15:00,OBJ_1011,-1.6822
2026-04-01 17:30:00,OBJ_1008,9.4194
2026-04-02 16:00:00,OBJ_1006,3.092
2026-04-01 15:30:00,OBJ_1008,10.3107
2026-04-02 09:15:00,OBJ_1007,3.0891
2026-04-03 22:45:00,OBJ_1007,2.326
2026-04-03 04:15:00,OBJ_1010,6.9826
2026-04-03 19:00:00,OBJ_1005,0.6697
2026-04-03 09:15:00,OBJ_1014,2.172
2026-04-01 21:30:00,OBJ_1002,3.8878
2026-04-01 00:15:00,OBJ_1007,3.4866
2026-04-03 07:15:00,OBJ_1006,1.2158
2026-04-01 09:30:00,OBJ_1001,3.1103
2026-04-02 04:45:00,OBJ_1011,1.1237
2026-04-02 09:45:00,OBJ_1005,0.8759
2026-04-03 09:30:00,OBJ_1007,2.7594
2026-04-01 03:45:00,OBJ_1005,0.8676
2026-04-03 08:15:00,OBJ_1007,3.4052
2026-04-03 13:30:00,OBJ_1002,5.6075
2026-04-01 11:15:00,OBJ_1011,-1.5386
2026-04-01 09:00:00,OBJ_1001,2.5658
2026-04-01 19:45:00,OBJ_1006,0.2209
2026-04-02 04:15:00,OBJ_1001,0.0
2026-04-02 08:15:00,OBJ_1008,10.757
2026-04-03 01:00:00,OBJ_1007,3.5664
2026-04-03 18:00:00,OBJ_1010,6.425
2026-04-03 17:30:00,OBJ_1014,3.4629
2026-04-02 00:15:00,OBJ_1010,4.5511
2026-04-03 16:30:00,OBJ_1011,1.0008
2026-04-01 11:30:00,OBJ_1011,-1.6512
2026-04-02 23:00:00,OBJ_1009,0.0
2026-04-03 09:30:00,OBJ_1012,14.7575
2026-04-03 06:30:00,OBJ_1007,4.2935
2026-04-02 23:45:00,OBJ_1014,2.0103
2026-04-02 00:30:00,OBJ_1010,3.8052
2026-04-01 08:15:00,OBJ_1007,3.769
2026-04-01 23:00:00,OBJ_1014,2.0984
2026-04-03 08:30:00,OBJ_1002,6.0753
2026-04-01 23:00:00,OBJ_1002,3.5747
2026-04-03 20:15:00,OBJ_1008,13.2825
2026-04-03 16:45:00,OBJ_1011,0.9208
2026-04-01 05:15:00,OBJ_1008,4.3354
2026-04-03 18:00:00,OBJ_1008,9.1269
2026-04-01 13:00:00,OBJ_1011,-1.361
2026-04-01 14:00:00,OBJ_1007,4.1722
2026-04-01 06:00:00,OBJ_1012,5.8779
2026-04-01 14:15:00,OBJ_1007,4.5228
2026-04-01 14:00:00,OBJ_1014,2.8099
2026-04-01 22:45:00,OBJ_1011,1.1728
2026-04-02 15:45:00,OBJ_1014,3.4986
2026-04-02 06:30:00,OBJ_1012,5.0549
2026-04-01 08:30:00,OBJ_1007,3.3677
2026-04-03 08:15:00,OBJ_1006,1.8696
2026-04-02 20:00:00,OBJ_1007,3.4642
2026-04-02 11:30:00,OBJ_1008,12.4612
2026-04-02 11:30:00,OBJ_1005,-1.1998
2026-04-01 12:30:00,OBJ_1014,2.3182
2026-04-02 05:30:00,OBJ_1001,0.0
2026-04-02 19:00:00,OBJ_1014,3.1391
2026-04-03 07:30:00,OBJ_1014,3.0981
2026-04-03 01:45:00,OBJ_1012,5.9097
2026-04-03 13:45:00,OBJ_1005,-1.0881
2026-04-02 10:15:00,OBJ_1007,2.2311
2026-04-01 00:15:00,OBJ_1003,2.3035
2026-04-01 23:30:00,OBJ_1009,0.0
2026-04-01 08:30:00,OBJ_1006,2.1536
2026-04-01 05:30:00,OBJ_1001,0.0
2026-04-02 21:30:00,OBJ_1002,4.0855
2026-04-01 14:45:00,OBJ_1002,6.1292
2026-04-03 05:15:00,OBJ_1010,5.9493
2026-04-03 23:00:00,OBJ_1002,4.0356
2026-04-03 09:15:00,OBJ_1011,1.0271
2026-04-02 16:15:00,OBJ_1007,5.3127
2026-04-01 14:15:00,OBJ_1008,10.2735
2026-04-01 06:15:00,OBJ_1010,5.915
2026-04-03 16:45:00,OBJ_1007,4.4999
2026-04-03 04:45:00,OBJ_1007,5.1476
2026-04-02 20:15:00,OBJ_1006,0.0
2026-04-01 06:00:00,OBJ_1008,3.0117
2026-04-01 20:45:00,OBJ_1009,0.0
2026-04-01 15:15:00,OBJ_1006,3.7146
2026-04-03 03:30:00,OBJ_1008,4.4209
2026-04-03 07:45:00,OBJ_1005,0.8185
2026-04-01 07:00:00,OBJ_1007,3.8308
2026-04-02 10:00:00,OBJ_1009,4.0878
2026-04-01 19:15:00,OBJ_1010,5.7779
2026-04-02 22:15:00,OBJ_1001,0.0
2026-04-01 17:45:00,OBJ_1002,7.6789
2026-04-03 08:00:00,OBJ_1007,3.2895
2026-04-02 22:45:00,OBJ_1002,2.9748
2026-04-03 21:45:00,OBJ_1001,0.0
2026-04-01 15:45:00,OBJ_1009,4.5591
2026-04-01 07:00:00,OBJ_1005,0.9596
2026-04-01 10:15:00,OBJ_1014,1.398
2026-04-03 09:15:00,OBJ_1010,3.5378
2026-04-01 01:15:00,OBJ_1008,4.4843
2026-04-03 17:00:00,OBJ_1001,2.509
2026-04-03 05:00:00,OBJ_1005,0.8322
2026-04-03 06:30:00,OBJ_1014,2.8494
2026-04-01 12:45:00,OBJ_1006,4.3915
2026-04-03 05:30:00,OBJ_1011,1.3063
2026-04-02 09:45:00,OBJ_1002,4.241
2026-04-01 14:00:00,OBJ_1006,3.9074
2026-04-02 16:00:00,OBJ_1011,1.0786
2026-04-01 16:15:00,OBJ_1008,9.411
2026-04-01 16:00:00,OBJ_1009,4.4719
2026-04-02 01:30:00,OBJ_1005,0.8571
2026-04-01 07:15:00,OBJ_1005,0.9905
2026-04-01 18:15:00,OBJ_1005,0.6594
2026-04-02 06:45:00,OBJ_1011,1.4075
2026-04-03 15:45:00,OBJ_1008,9.4105
2026-04-02 04:30:00,OBJ_1011,0.9621
2026-04-02 23:15:00,OBJ_1012,5.3697
2026-04-01 01:45:00,OBJ_1007,3.7593
2026-04-02 04:30:00,OBJ_1014,3.2175
2026-04-01 21:15:00,OBJ_1005,0.9654
2026-04-01 23:15:00,OBJ_1005,0.9602
2026-04-02 10:15:00,OBJ_1011,-1.6579
2026-04-03 01:00:00,OBJ_1011,1.4209
2026-04-01 04:00:00,OBJ_1007,5.2199
2026-04-02 06:00:00,OBJ_1009,0.0
2026-04-01 22:30:00,OBJ_1005,0.7957
2026-04-02 17:15:00,OBJ_1002,6.8619
2026-04-01 00:00:00,OBJ_9999,0.0
2026-04-03 12:45:00,OBJ_1005,-1.0806
2026-04-01 17:30:00,OBJ_1012,12.7048
2026-04-03 03:15:00,OBJ_1008,4.4232
2026-04-01 17:45:00,OBJ_1014,3.3222
2026-04-02 12:45:00,OBJ_1001,4.2417
2026-04-03 10:15:00,OBJ_1009,4.6699
2026-04-03 10:00:00,OBJ_1010,2.8619
2026-04-02 05:00:00,OBJ_1008,3.1418
2026-04-02 01:00:00,OBJ_1014,2.8342
2026-04-03 01:00:00,OBJ_1002,6.5404
2026-04-02 07:15:00,OBJ_1002,5.7219
2026-04-03 23:15:00,OBJ_1006,0.0
2026-04-03 00:45:00,OBJ_1001,0.0
2026-04-01 02:15:00,OBJ_1012,4.9074
2026-04-02 15:15:00,OBJ_1005,0.6682
2026-04-01 09:15:00,OBJ_1007,3.0956
2026-04-03 07:00:00,OBJ_1007,3.5998
2026-04-01 02:45:00,OBJ_1005,0.8121
2026-04-03 06:00:00,OBJ_1012,4.2035
2026-04-03 02:15:00,OBJ_1001,0.0
2026-04-02 07:15:00,OBJ_1001,1.1527
2026-04-01 25:00:00,OBJ_1002,2.8
2026-04-03 19:00:00,OBJ_1002,6.4529
2026-04-01 00:45:00,OBJ_1007,3.559
2026-04-01 06:30:00,OBJ_1006,0.4492
2026-04-01 22:15:00,OBJ_1014,1.3422
2026-04-01 12:00:00,OBJ_1002,4.6507
2026-04-02 16:00:00,OBJ_1009,4.1456
2026-04-02 01:15:00,OBJ_1011,1.3843
2026-04-01 09:15:00,OBJ_1014,1.9716
2026-04-01 09:45:00,OBJ_1007,3.2662
2026-04-03 14:30:00,OBJ_1005,-1.1358
2026-04-01 09:30:00,OBJ_1014,2.1281
2026-04-03 14:30:00,OBJ_1014,3.114
2026-04-01 01:00:00,OBJ_1005,0.6404
2026-04-01 21:45:00,OBJ_1010,3.2064
2026-04-02 16:45:00,OBJ_1005,0.6549
2026-04-03 15:00:00,OBJ_1014,3.0662
2026-04-01 05:00:00,OBJ_1010,6.6335
2026-04-02 15:30:00,OBJ_1005,0.6606
2026-04-01 00:30:00,OBJ_1009,0.0
2026-04-01 13:15:00,OBJ_1009,5.1178
2026-04-01 06:45:00,OBJ_1008,4.2519
2026-04-02 17:45:00,OBJ_1007,5.4946
2026-04-01 02:30:00,OBJ_1002,6.2813
2026-04-02 17:00:00,OBJ_1008,13.1809
2026-04-03 03:30:00,OBJ_1006,0.0
2026-04-03 05:15:00,OBJ_1006,0.0
2026-04-02 12:30:00,OBJ_1009,5.6503
2026-04-02 21:15:00,OBJ_1002,4.0716
2026-04-01 10:45:00,OBJ_1008,12.8553
2026-04-03 02:15:00,OBJ_1006,0.0
2026-04-01 20:30:00,OBJ_1001,0.0
2026-04-02 17:30:00,OBJ_1009,3.1618
2026-04-01 20:30:00,OBJ_1006,0.0
2026-04-01 16:15:00,OBJ_1002,6.3827
2026-04-01 07:45:00,OBJ_1008,13.351
2026-04-02 03:30:00,OBJ_1008,4.2284
2026-04-01 01:00:00,OBJ_1008,3.5472
2026-04-01 16:00:00,OBJ_1002,6.9449
2026-04-03 13:30:00,OBJ_1001,4.3798
2026-04-03 14:45:00,OBJ_1012,16.2051
2026-04-01 16:00:00,OBJ_1012,15.0028
2026-04-01 17:00:00,OBJ_1001,2.5763
2026-04-03 06:00:00,OBJ_1008,3.3087
2026-04-02 15:00:00,OBJ_1008,9.1199
2026-04-01 05:00:00,OBJ_1014,2.9168
2026-04-03 09:00:00,OBJ_1010,3.4322
2026-04-02 05:15:00,OBJ_1006,0.0
2026-04-01 20:00:00,OBJ_1001,0.0
2026-04-03 07:00:00,OBJ_1014,2.8411
2026-04-02 15:00:00,OBJ_1012,16.657
2026-04-01 11:15:00,OBJ_1002,4.0278
2026-04-03 17:30:00,OBJ_1010,6.8864
2026-04-03 22:45:00,OBJ_1009,0.0
2026-04-03 04:30:00,OBJ_1012,5.5379
2026-04-02 17:30:00,OBJ_1010,6.8219
2026-04-02 18:30:00,OBJ_1011,0.9709
2026-04-03 11:00:00,OBJ_1001,3.4989
2026-04-03 06:45:00,OBJ_1008,3.2786
2026-04-01 09:00:00,OBJ_1012,13.0181
2026-04-02 02:00:00,OBJ_1002,7.1633
2026-04-03 08:15:00,OBJ_1014,2.2828
2026-04-02 19:30:00,OBJ_1014,2.4782
2026-04-03 19:15:00,OBJ_1008,10.7622
2026-04-02 12:30:00,OBJ_1014,2.3653
2026-04-01 23:15:00,OBJ_1007,3.0434
2026-04-03 19:45:00,OBJ_1008,10.1229
2026-04-01 03:45:00,OBJ_1012,5.615
2026-04-03 00:00:00,OBJ_1010,4.2881
2026-04-03 17:15:00,OBJ_1002,8.2426
2026-04-02 12:30:00,OBJ_1010,4.6312
2026-04-03 08:30:00,OBJ_1014,2.7011
2026-04-02 04:30:00,OBJ_1007,4.6494
2026-04-01 22:00:00,OBJ_1009,0.0
2026-04-01 03:45:00,OBJ_1007,4.2839
2026-04-01 15:30:00,OBJ_1009,4.4947
2026-04-01 06:00:00,OBJ_1009,0.0
2026-04-01 06:45:00,OBJ_1009,0.9421
2026-04-01 18:15:00,OBJ_1007,4.3556
2026-04-02 11:45:00,OBJ_1007,2.8709
2026-04-01 20:00:00,OBJ_1007,3.9646
2026-04-02 04:45:00,OBJ_1005,0.669
2026-04-03 03:00:00,OBJ_1011,0.9462
2026-04-02 05:30:00,OBJ_1008,4.1082
2026-04-03 19:30:00,OBJ_1010,5.8684
2026-04-03 03:00:00,OBJ_1005,0.7205
2026-04-03 05:15:00,OBJ_1002,7.0578
2026-04-03 10:45:00,OBJ_1010,2.4379
2026-04-03 15:00:00,OBJ_1008,9.3367
2026-04-03 17:00:00,OBJ_1010,6.6885
2026-04-01 23:15:00,OBJ_1008,3.217
2026-04-01 02:00:00,OBJ_9999,0.0
2026-04-03 02:30:00,OBJ_1014,2.7287
2026-04-02 02:15:00,OBJ_1002,6.6252
2026-04-02 13:15:00,OBJ_1009,5.6449
2026-04-01 14:45:00,OBJ_1007,4.4626
2026-04-01 01:45:00,OBJ_1010,4.8959
2026-04-02 07:30:00,OBJ_1007,4.0655
2026-04-03 06:15:00,OBJ_1005,0.783
2026-04-02 14:30:00,OBJ_1009,5.3288
2026-04-02 21:30:00,OBJ_1001,0.0
2026-04-03 09:15:00,OBJ_1012,13.6112
2026-04-03 02:15:00,OBJ_1014,2.6512
2026-04-03 05:45:00,OBJ_1005,0.6641
2026-04-01 19:15:00,OBJ_1009,0.9494
2026-04-02 09:30:00,OBJ_1014,1.8759
2026-04-02 08:15:00,OBJ_1006,2.1729
2026-04-03 19:15:00,OBJ_1009,1.0042
2026-04-02 10:45:00,OBJ_1008,12.8377
2026-04-02 16:00:00,OBJ_1001,3.33
2026-04-02 10:30:00,OBJ_1010,2.7553
2026-04-03 09:15:00,OBJ_1001,2.8775
2026-04-03 15:30:00,OBJ_1006,3.545
2026-04-02 04:15:00,OBJ_1002,6.4184
2026-04-02 03:30:00,OBJ_1012,4.3945
2026-04-02 21:00:00,OBJ_1009,0.0
2026-04-02 07:15:00,OBJ_1010,5.3786
2026-04-02 08:45:00,OBJ_1010,4.3923
2026-04-03 22:00:00,OBJ_1002,3.448
2026-04-01 22:15:00,OBJ_1012,5.4845
2026-04-03 14:00:00,OBJ_1001,4.357
2026-04-01 03:30:00,OBJ_1007,4.4176
2026-04-03 04:45:00,OBJ_1002,7.6575
2026-04-03 21:30:00,OBJ_1007,2.5266
2026-04-03 10:45:00,OBJ_1005,-0.8034
2026-04-02 04:30:00,OBJ_1008,3.7134
2026-04-03 15:15:00,OBJ_1006,3.7822
2026-04-02 04:45:00,OBJ_1006,0.0
2026-04-03 21:15:00,OBJ_1006,0.0
2026-04-01 10:45:00,OBJ_1007,2.2871
2026-04-02 12:30:00,OBJ_1001,4.179
2026-04-02 03:00:00,OBJ_1007,4.2604
2026-04-03 04:00:00,OBJ_1006,0.0
2026-04-03 18:00:00,OBJ_1005,0.9225
2026-04-01 06:15:00,OBJ_1011,1.0584
2026-04-02 20:00:00,OBJ_1009,0.0
2026-04-03 21:15:00,OBJ_1011,1.4313
2026-04-02 18:45:00,OBJ_1008,13.1226
2026-04-01 01:45:00,OBJ_1001,0.0
2026-04-01 04:15:00,OBJ_1009,0.0
2026-04-01 07:00:00,OBJ_1011,1.1438
2026-04-02 15:30:00,OBJ_1011,1.3415
2026-04-02 02:30:00,OBJ_1005,0.6031
2026-04-03 14:15:00,OBJ_1009,5.6794
2026-04-03 18:30:00,OBJ_1007,5.0055
2026-04-03 05:00:00,OBJ_1002,7.2702
2026-04-02 09:30:00,OBJ_1009,3.9534
2026-04-01 01:00:00,OBJ_1001,0.0
2026-04-02 22:45:00,OBJ_1014,1.488
2026-04-01 09:45:00,OBJ_1014,2.1567
2026-04-02 19:15:00,OBJ_1008,9.2779
2026-04-03 03:15:00,OBJ_1001,0.0
2026-04-02 19:45:00,OBJ_1010,4.4875
2026-04-01 14:00:00,OBJ_1005,-1.0811
2026-04-02 13:45:00,OBJ_1006,4.1003
2026-04-02 00:00:00,OBJ_1007,3.8453
2026-04-01 00:45:00,OBJ_1001,0.0
2026-04-03 07:00:00,OBJ_1002,5.553
2026-04-02 16:00:00,OBJ_1012,13.734
2026-04-01 01:30:00,OBJ_1007,3.6996
2026-04-02 13:00:00,OBJ_1009,5.9778
2026-04-03 18:30:00,OBJ_1011,1.4503
2026-04-03 23:45:00,OBJ_1001,0.0
2026-04-03 13:15:00,OBJ_1008,9.4631
2026-04-02 16:30:00,OBJ_1011,1.1874
2026-04-02 16:45:00,OBJ_1010,6.1783
2026-04-03 05:00:00,OBJ_1012,4.6899
2026-04-03 12:30:00,OBJ_1014,2.5294
2026-04-03 13:45:00,OBJ_1011,-1.3076
2026-04-02 01:15:00,OBJ_1009,0.0
2026-04-02 21:45:00,OBJ_1011,1.4096
2026-04-01 11:00:00,OBJ_1011,-1.4615
2026-04-02 04:15:00,OBJ_1006,0.0
2026-04-03 22:15:00,OBJ_1002,3.5355
2026-04-02 22:45:00,OBJ_1008,3.571
2026-04-03 16:00:00,OBJ_1002,6.3643
2026-04-01 17:15:00,OBJ_1005,0.8502
2026-04-03 00:15:00,OBJ_1010,4.8068
2026-04-02 05:30:00,OBJ_1010,6.0716
2026-04-03 03:15:00,OBJ_1012,4.6591
2026-04-01 16:15:00,OBJ_1009,4.4483
2026-04-02 10:30:00,OBJ_1002,3.3879
2026-04-02 03:45:00,OBJ_1010,5.8961
2026-04-02 13:15:00,OBJ_1014,2.6357
2026-04-01 07:15:00,OBJ_1007,4.5757
2026-04-01 15:30:00,OBJ_1012,14.7242
2026-04-03 23:30:00,OBJ_1014,1.7287
2026-04-03 11:15:00,OBJ_1011,-1.5057
2026-04-02 01:30:00,OBJ_1007,4.527
2026-04-02 22:45:00,OBJ_1001,0.0
2026-04-03 18:15:00,OBJ_1005,0.7969
2026-04-02 23:30:00,OBJ_1014,1.9208
2026-04-01 19:45:00,OBJ_1008,12.9188
2026-04-03 14:15:00,OBJ_1014,3.0083
2026-04-02 08:30:00,OBJ_1010,3.8672
2026-04-02 02:45:00,OBJ_1006,0.0
2026-04-02 09:45:00,OBJ_1012,17.8802
2026-04-01 04:45:00,OBJ_1010,6.2216
2026-04-03 17:45:00,OBJ_1002,7.8849
2026-04-02 05:45:00,OBJ_1011,1.4067
2026-04-03 11:30:00,OBJ_1005,-1.1819
2026-04-01 08:15:00,OBJ_1006,1.9334
2026-04-02 09:00:00,OBJ_1009,3.6025
2026-04-03 05:15:00,OBJ_1014,3.2918
2026-04-03 06:45:00,OBJ_1012,5.9998
2026-04-03 04:00:00,OBJ_1008,3.6577
2026-04-02 08:45:00,OBJ_1001,2.5178
2026-04-02 19:30:00,OBJ_1006,0.4723
2026-04-01 17:45:00,OBJ_1011,1.1302
2026-04-02 00:30:00,OBJ_1014,2.2816
2026-04-02 21:15:00,OBJ_1012,12.8596
2026-04-01 04:30:00,OBJ_1012,4.1173
2026-04-03 23:00:00,OBJ_1009,0.0
2026-04-02 00:00:00,OBJ_1010,4.4361
2026-04-03 18:15:00,OBJ_1011,1.2159
2026-04-03 01:15:00,OBJ_1001,0.0
2026-04-01 14:00:00,OBJ_1009,5.1411
2026-04-03 22:00:00,OBJ_1014,1.6953
2026-04-01 01:45:00,OBJ_1009,0.0
2026-04-03 20:15:00,OBJ_1009,0.0
2026-04-01 12:15:00,OBJ_1008,10.4038
2026-04-02 04:30:00,OBJ_1012,5.7983
2026-04-01 02:30:00,OBJ_1012,4.3057
2026-04-01 17:00:00,OBJ_1010,6.2976
2026-04-01 19:15:00,OBJ_1007,3.5789
2026-04-02 01:45:00,OBJ_1012,4.8397
2026-04-02 16:30:00,OBJ_1012,13.2124
2026-04-01 02:45:00,OBJ_1006,0.0
2026-04-02 05:30:00,OBJ_1014,3.1836
2026-04-03 03:30:00,OBJ_1007,4.5415
2026-04-02 20:15:00,OBJ_1001,0.0
2026-04-01 22:45:00,OBJ_1008,3.2847
2026-04-02 06:30:00,OBJ_1001,0.4894
2026-04-01 09:30:00,OBJ_1012,12.0333
2026-04-01 00:30:00,OBJ_1007,3.0418
2026-04-01 03:15:00,OBJ_1005,0.6847
2026-04-02 16:15:00,OBJ_1010,6.4331
2026-04-03 17:00:00,OBJ_1002,7.0496
2026-04-01 17:00:00,OBJ_1005,0.7293
2026-04-01 02:15:00,OBJ_1002,5.7964
2026-04-03 21:30:00,OBJ_1011,1.1063
2026-04-03 06:30:00,OBJ_1005,0.9255
2026-04-02 05:00:00,OBJ_1002,7.4337
2026-04-03 04:00:00,OBJ_1010,6.4614
2026-04-02 13:45:00,OBJ_1005,-0.8202
2026-04-02 06:30:00,OBJ_1008,4.4767
2026-04-03 05:45:00,OBJ_1011,1.2843
2026-04-03 11:45:00,OBJ_1012,12.4052
2026-04-02 02:30:00,OBJ_1006,0.0
2026-04-01 01:15:00,OBJ_1014,2.9911
2026-04-02 17:00:00,OBJ_1005,0.9083
2026-04-01 08:45:00,OBJ_1010,4.1932
2026-04-01 22:30:00,OBJ_1007,2.4455
2026-04-02 08:45:00,OBJ_1012,12.2628
2026-04-03 22:00:00,OBJ_1011,1.3543
2026-04-02 10:45:00,OBJ_1012,12.5267
2026-04-03 14:45:00,OBJ_1008,9.4186
2026-04-01 06:00:00,OBJ_1002,7.2334
2026-04-03 18:45:00,OBJ_1007,4.4213
2026-04-01 03:00:00,OBJ_1007,4.1976
2026-04-02 06:30:00,OBJ_1010,5.3414
2026-04-02 13:00:00,OBJ_1008,12.8735
2026-04-02 16:45:00,OBJ_1006,2.8257
2026-04-02 21:45:00,OBJ_1009,0.0
2026-04-03 11:00:00,OBJ_1010,3.0957
2026-04-03 08:00:00,OBJ_1002,5.2424
2026-04-01 19:00:00,OBJ_1006,0.9967
2026-04-03 10:30:00,OBJ_1007,2.0506
2026-04-03 06:15:00,OBJ_1009,0.3182
2026-04-02 12:00:00,OBJ_1010,4.7283
2026-04-02 09:00:00,OBJ_1002,4.8689
2026-04-02 01:30:00,OBJ_1010,4.5805
2026-04-03 14:45:00,OBJ_1009,5.4778
2026-04-02 14:30:00,OBJ_1005,-0.8548
2026-04-02 08:15:00,OBJ_1010,4.6184
2026-04-01 18:00:00,OBJ_1002,7.5468
2026-04-02 01:00:00,OBJ_1006,0.0
2026-04-02 06:30:00,OBJ_1009,0.6175
2026-04-01 02:45:00,OBJ_1011,1.399
2026-04-02 14:30:00,OBJ_1002,5.8615
2026-04-01 11:00:00,OBJ_1008,11.7146
2026-04-02 04:45:00,OBJ_1008,3.6591
2026-04-01 16:45:00,OBJ_1011,1.4671
2026-04-02 04:45:00,OBJ_1007,4.8121
2026-04-03 18:00:00,OBJ_1001,1.7112
2026-04-01 08:30:00,OBJ_1008,12.8161
2026-04-01 17:30:00,OBJ_1009,3.1885
2026-04-02 22:15:00,OBJ_1012,5.4486
2026-04-02 05:30:00,OBJ_1011,1.2876
2026-04-02 23:00:00,OBJ_1001,0.0
2026-04-01 21:00:00,OBJ_1008,9.4056
2026-04-01 17:00:00,OBJ_1006,2.7932
2026-04-02 01:00:00,OBJ_1012,4.7033
2026-04-02 21:00:00,OBJ_1008,12.3324
2026-04-01 13:45:00,OBJ_1001,4.2008
2026-04-01 20:45:00,OBJ_1010,4.6482
2026-04-03 15:30:00,OBJ_1002,7.1105
2026-04-02 00:30:00,OBJ_1012,5.3302
2026-04-01 03:00:00,OBJ_1012,5.0996
2026-04-01 07:15:00,OBJ_1012,16.8134
2026-04-03 01:00:00,OBJ_1010,4.6252
2026-04-02 03:45:00,OBJ_1008,4.1317
2026-04-01 12:45:00,OBJ_1005,-0.9365
2026-04-01 21:45:00,OBJ_1005,0.8691
2026-04-03 08:00:00,OBJ_1011,1.3265
2026-04-03 14:15:00,OBJ_1005,-1.0367
2026-04-03 15:45:00,OBJ_1014,3.0654
2026-04-01 08:30:00,OBJ_1011,1.0856
2026-04-03 00:30:00,OBJ_1012,4.4517
2026-04-01 08:45:00,OBJ_1006,2.5807
2026-04-01 22:45:00,OBJ_1005,0.9911
2026-04-02 10:45:00,OBJ_1014,1.5666
2026-04-02 01:15:00,OBJ_1001,0.0
2026-04-01 13:30:00,OBJ_1012,16.549
2026-04-02 22:15:00,OBJ_1010,2.4664
2026-04-03 03:30:00,OBJ_1014,3.0948
2026-04-01 22:30:00,OBJ_1006,0.0
2026-04-03 22:00:00,OBJ_1006,0.0
2026-04-02 17:00:00,OBJ_1011,1.427
2026-04-02 17:15:00,OBJ_1010,6.4103
2026-04-03 03:45:00,OBJ_1007,4.6172
2026-04-01 17:30:00,OBJ_1006,2.2328
2026-04-02 20:00:00,OBJ_1005,0.9735
2026-04-02 23:00:00,OBJ_1014,1.7682
2026-04-01 08:45:00,OBJ_1014,2.2964
2026-04-03 01:45:00,OBJ_1005,0.8003
2026-04-02 13:15:00,OBJ_1011,-1.7192
2026-04-03 00:15:00,OBJ_1002,4.8313
2026-04-03 13:30:00,OBJ_1011,-1.7484
2026-04-03 07:45:00,OBJ_1002,6.5763
2026-04-02 21:45:00,OBJ_1007,2.5988
2026-04-01 22:30:00,OBJ_1012,5.7109
2026-04-03 23:15:00,OBJ_1005,0.695
2026-04-03 21:00:00,OBJ_1009,0.0
2026-04-03 16:00:00,OBJ_1011,0.9839
2026-04-03 03:30:00,OBJ_1012,5.9375
2026-04-03 02:45:00,OBJ_1001,0.0
2026-04-02 15:15:00,OBJ_1007,4.9505
2026-04-03 11:15:00,OBJ_1005,-1.1116
2026-04-02 09:00:00,OBJ_1008,10.1399
2026-04-02 16:45:00,OBJ_1014,3.2848
2026-04-03 06:30:00,OBJ_1012,4.6108
2026-04-01 15:45:00,OBJ_1001,3.6281
2026-04-02 20:00:00,OBJ_1011,1.2875
2026-04-03 05:15:00,OBJ_1008,3.2125
2026-04-03 13:30:00,OBJ_1005,-0.9887
2026-04-02 17:15:00,OBJ_1011,1.462
2026-04-03 14:00:00,OBJ_1011,-1.3204
2026-04-02 12:00:00,OBJ_1002,4.6689
2026-04-02 13:15:00,OBJ_1007,3.7909
2026-04-03 03:00:00,OBJ_1006,0.0
2026-04-01 07:00:00,OBJ_1012,15.724
2026-04-03 19:15:00,OBJ_1006,0.748
2026-04-02 08:00:00,OBJ_1002,5.3587
2026-04-03 10:15:00,OBJ_1008,9.0418
2026-04-03 15:15:00,OBJ_1007,4.5379
2026-04-03 05:30:00,OBJ_1014,3.7726
2026-04-02 10:00:00,OBJ_1007,2.2771
2026-04-02 12:45:00,OBJ_1006,4.1445
2026-04-01 11:15:00,OBJ_1005,-0.866
2026-04-01 18:15:00,OBJ_1010,5.6239
2026-04-02 20:30:00,OBJ_1009,0.0
2026-04-02 03:00:00,OBJ_1012,5.6641
2026-04-02 23:45:00,OBJ_1012,4.4629
2026-04-02 15:00:00,OBJ_1007,5.0439
2026-04-02 11:00:00,OBJ_1011,-1.7564
2026-04-01 15:00:00,OBJ_1007,5.1484
2026-04-01 20:00:00,OBJ_1012,15.5254
2026-04-02 05:15:00,OBJ_1012,5.876
2026-04-01 10:45:00,OBJ_1014,1.597
2026-04-03 10:45:00,OBJ_1006,3.7317
2026-04-01 10:00:00,OBJ_1009,4.4935
2026-04-02 07:00:00,OBJ_1002,5.7873
2026-04-01 02:15:00,OBJ_1010,4.9909
2026-04-03 20:30:00,OBJ_1005,0.8376
2026-04-01 09:00:00,OBJ_1014,1.7501
2026-04-01 13:45:00,OBJ_1009,5.2996
2026-04-02 05:30:00,OBJ_1012,4.8468
2026-04-01 22:15:00,OBJ_1009,0.0
2026-04-01 11:45:00,OBJ_1002,3.5724
2026-04-01 05:30:00,OBJ_1011,1.0897
2026-04-03 01:00:00,OBJ_1005,0.8263
2026-04-02 01:30:00,OBJ_1006,0.0
2026-04-01 01:30:00,OBJ_9999,0.0
2026-04-02 09:45:00,OBJ_1009,4.0394
2026-04-02 05:15:00,OBJ_1002,6.8871
2026-04-01 07:15:00,OBJ_1008,9.1115
2026-04-01 15:00:00,OBJ_1002,6.7777
2026-04-01 14:30:00,OBJ_1002,6.3023
2026-04-02 21:30:00,OBJ_1014,2.2362
2026-04-02 22:30:00,OBJ_1008,4.4057
2026-04-02 17:30:00,OBJ_1005,0.9679
2026-04-01 09:30:00,OBJ_1011,1.2936
2026-04-02 06:45:00,OBJ_1014,2.9407
2026-04-03 04:15:00,OBJ_1009,0.0
2026-04-03 10:15:00,OBJ_1005,-0.8531
2026-04-02 10:00:00,OBJ_1012,12.2088
2026-04-02 21:30:00,OBJ_1012,17.8337
2026-04-02 16:15:00,OBJ_1009,3.8846
2026-04-01 01:30:00,OBJ_1005,0.7262
2026-04-03 02:15:00,OBJ_1007,4.0475
2026-04-03 20:45:00,OBJ_1010,4.1126
2026-04-03 16:45:00,OBJ_1012,15.7151
2026-04-03 08:00:00,OBJ_1005,0.9976
2026-04-01 11:30:00,OBJ_1006,3.8519
2026-04-02 09:15:00,OBJ_1001,2.6981
2026-04-01 05:30:00,OBJ_1010,5.6818
2026-04-01 00:30:00,OBJ_1006,0.0
2026-04-01 17:45:00,OBJ_1001,2.0129
2026-04-02 22:00:00,OBJ_1005,0.825
2026-04-03 23:45:00,OBJ_1005,0.8964
2026-04-01 08:15:00,OBJ_1011,1.3317
2026-04-03 14:00:00,OBJ_1012,15.3828
2026-04-02 01:15:00,OBJ_1002,6.3198
2026-04-02 15:30:00,OBJ_1008,12.4874
2026-04-01 18:15:00,OBJ_1001,1.7218
2026-04-01 12:15:00,OBJ_1009,5.6289
2026-04-01 02:30:00,OBJ_1007,5.0206
2026-04-03 05:45:00,OBJ_1001,0.0
2026-04-01 03:30:00,OBJ_1014,3.629
2026-04-01 15:15:00,OBJ_1008,12.3304
2026-04-01 01:15:00,OBJ_1012,5.6857
2026-04-02 08:15:00,OBJ_1011,1.4886
2026-04-02 15:45:00,OBJ_1010,5.7139
2026-04-02 19:45:00,OBJ_1001,0.232
2026-04-01 23:00:00,OBJ_1011,1.0243
2026-04-01 14:30:00,OBJ_1001,3.9507
2026-04-03 06:00:00,OBJ_1010,6.199
2026-04-03 15:30:00,OBJ_1011,0.9719
2026-04-03 01:15:00,OBJ_1014,2.9722
2026-04-01 22:45:00,OBJ_1012,5.3255
2026-04-03 07:45:00,OBJ_1008,12.7353
2026-04-03 04:30:00,OBJ_1006,0.0
2026-04-01 04:00:00,OBJ_1011,1.1416
2026-04-01 10:45:00,OBJ_1006,3.6928
2026-04-03 19:30:00,OBJ_1011,1.0007
2026-04-02 09:45:00,OBJ_1007,2.5106
2026-04-01 20:15:00,OBJ_1009,0.0
2026-04-02 12:15:00,OBJ_1012,15.6308
2026-04-02 15:00:00,OBJ_1002,7.3518
2026-04-03 19:15:00,OBJ_1002,5.5301
2026-04-01 13:00:00,OBJ_1008,11.1757
2026-04-01 04:45:00,OBJ_1001,0.0
2026-04-03 16:00:00,OBJ_1010,6.6558
2026-04-03 12:00:00,OBJ_1011,-1.2495
2026-04-03 06:15:00,OBJ_1011,1.2668
2026-04-03 08:15:00,OBJ_1001,1.8957
2026-04-01 07:00:00,OBJ_1006,0.8827
2026-04-03 16:15:00,OBJ_1009,4.1936
2026-04-03 18:00:00,OBJ_1009,2.4864
2026-04-01 08:30:00,OBJ_1014,2.3771
2026-04-02 22:00:00,OBJ_1007,2.2015
2026-04-02 04:45:00,OBJ_1014,3.2804
2026-04-02 08:30:00,OBJ_1007,3.8327
2026-04-02 17:45:00,OBJ_1009,2.682
2026-04-01 21:00:00,OBJ_1006,0.0
2026-04-02 14:15:00,OBJ_1011,-1.653
2026-04-03 07:15:00,OBJ_1007,4.1127
2026-04-02 05:30:00,OBJ_1009,0.0
2026-04-01 05:00:00,OBJ_1009,0.0
2026-04-01 13:15:00,OBJ_1014,3.0084
2026-04-02 13:00:00,OBJ_1006,4.3099
2026-04-02 23:30:00,OBJ_1009,0.0
2026-04-01 03:00:00,OBJ_1011,1.1852
2026-04-01 08:45:00,OBJ_1001,2.3289
2026-04-01 19:00:00,OBJ_1012,17.1561
2026-04-03 04:45:00,OBJ_1014,3.136
2026-04-02 00:45:00,OBJ_1001,0.0
2026-04-02 10:30:00,OBJ_1006,3.3036
2026-04-02 06:00:00,OBJ_1011,1.3988
2026-04-03 06:00:00,OBJ_1005,0.8369
2026-04-01 12:30:00,OBJ_1009,5.1762
2026-04-02 07:45:00,OBJ_1008,10.8892
2026-04-02 22:00:00,OBJ_1002,3.6341
2026-04-02 18:15:00,OBJ_1009,2.0001
2026-04-02 19:15:00,OBJ_1014,2.6974
2026-04-03 14:00:00,OBJ_1009,5.4574
2026-04-03 20:45:00,OBJ_1011,0.9298
2026-04-03 10:00:00,OBJ_1012,15.9329
2026-04-01 19:30:00,OBJ_1009,0.5757
2026-04-03 15:00:00,OBJ_1010,5.8723
2026-04-03 16:00:00,OBJ_1001,3.5133
2026-04-03 15:15:00,OBJ_1010,5.4752
2026-04-03 00:30:00,OBJ_1009,0.0
2026-04-02 14:15:00,OBJ_1007,4.355
2026-04-02 06:00:00,OBJ_1005,0.6151
2026-04-02 20:15:00,OBJ_1014,2.4714
2026-04-03 16:15:00,OBJ_1001,3.3466
2026-04-02 19:30:00,OBJ_1009,0.6525
2026-04-02 20:00:00,OBJ_1014,2.7897
2026-04-03 20:00:00,OBJ_1014,2.5761
2026-04-01 20:15:00,OBJ_1007,3.4396
2026-04-02 02:00:00,OBJ_1007,3.9586
2026-04-02 23:30:00,OBJ_1006,0.0
2026-04-01 08:45:00,OBJ_1002,4.7671
2026-04-03 02:30:00,OBJ_1009,0.0
2026-04-02 01:30:00,OBJ_1001,0.0
2026-04-01 00:15:00,OBJ_1006,0.0
2026-04-01 10:45:00,OBJ_1001,3.4699
2026-04-03 20:45:00,OBJ_1007,3.7905
2026-04-03 10:30:00,OBJ_1011,-1.6519
2026-04-01 20:00:00,OBJ_1002,4.9623
2026-04-02 11:30:00,OBJ_1009,5.5132
2026-04-01 00:15:00,OBJ_1010,4.6834
2026-04-01 13:45:00,OBJ_1011,-1.484
2026-04-01 22:00:00,OBJ_1012,5.8925
2026-04-02 11:00:00,OBJ_1010,3.6597
2026-04-01 22:45:00,OBJ_1009,0.0
2026-04-03 06:00:00,OBJ_1009,0.0
2026-04-02 18:45:00,OBJ_1005,0.8814
2026-04-02 00:45:00,OBJ_1009,0.0
2026-04-03 07:15:00,OBJ_1008,9.372
2026-04-01 13:15:00,OBJ_1007,4.1598
2026-04-02 16:30:00,OBJ_1006,2.842
2026-04-03 09:00:00,OBJ_1001,2.7553
2026-04-02 11:15:00,OBJ_1002,3.693
2026-04-03 21:30:00,OBJ_1005,0.6905
2026-04-03 16:15:00,OBJ_1007,5.0816
2026-04-02 23:30:00,OBJ_1010,3.6681
2026-04-01 14:00:00,OBJ_1008,9.543
2026-04-03 06:00:00,OBJ_1007,4.8238
2026-04-03 12:15:00,OBJ_1014,2.0733
2026-04-03 08:00:00,OBJ_1008,12.6482
2026-04-02 20:30:00,OBJ_1005,0.6891
2026-04-01 14:15:00,OBJ_1006,4.309
2026-04-03 05:45:00,OBJ_1014,2.8686
2026-04-01 04:00:00,OBJ_1010,5.4214
2026-04-01 10:30:00,OBJ_1006,3.3178
2026-04-03 17:45:00,OBJ_1007,5.5047
2026-04-03 14:15:00,OBJ_1011,-1.3471
2026-04-02 19:00:00,OBJ_1007,4.0917
2026-04-03 09:15:00,OBJ_1009,3.529
2026-04-02 17:15:00,OBJ_1006,2.5681
2026-04-03 22:30:00,OBJ_1002,2.8472
2026-04-02 05:45:00,OBJ_1002,6.5708
2026-04-02 00:15:00,OBJ_1008,3.9081
2026-04-03 11:15:00,OBJ_1012,16.4871
2026-04-02 02:15:00,OBJ_1001,0.0
2026-04-02 05:30:00,OBJ_1007,5.2741
2026-04-02 20:45:00,OBJ_1014,2.24
2026-04-02 15:30:00,OBJ_1014,2.9506
2026-04-03 18:45:00,OBJ_1011,0.9945
2026-04-03 22:30:00,OBJ_1014,1.4988
2026-04-03 22:15:00,OBJ_1008,3.6531
2026-04-01 08:00:00,OBJ_1014,2.5195
2026-04-02 01:00:00,OBJ_1007,4.321
2026-04-03 23:30:00,OBJ_1002,3.6656
2026-04-01 06:15:00,OBJ_1002,6.0683
2026-04-02 15:15:00,OBJ_1002,7.3515
2026-04-02 14:30:00,OBJ_1010,5.6388
2026-04-01 12:30:00,OBJ_1010,4.8978
2026-04-03 21:00:00,OBJ_1012,13.7509
2026-04-01 21:30:00,OBJ_1014,1.7099
2026-04-02 16:45:00,OBJ_1009,3.8001
2026-04-02 18:30:00,OBJ_1009,1.8903
2026-04-01 16:30:00,OBJ_1007,4.8579
2026-04-02 19:45:00,OBJ_1014,3.2371
2026-04-01 01:30:00,OBJ_1008,4.4144
2026-04-01 01:15:00,OBJ_1006,0.0
2026-04-01 07:45:00,OBJ_1011,1.1398
2026-04-03 03:15:00,OBJ_1002,7.3725
2026-04-03 07:15:00,OBJ_1001,1.1514
2026-04-01 05:45:00,OBJ_1008,3.3978
2026-04-03 20:15:00,OBJ_1010,4.027
2026-04-03 05:00:00,OBJ_1006,0.0
2026-04-01 13:00:00,OBJ_1012,17.1103
2026-04-02 10:15:00,OBJ_1006,3.4318
2026-04-03 18:00:00,OBJ_1014,2.854
2026-04-03 01:15:00,OBJ_1002,5.3133
2026-04-03 00:30:00,OBJ_1005,0.9261
2026-04-01 18:00:00,OBJ_1009,2.4111
2026-04-02 06:15:00,OBJ_1014,2.9625
2026-04-01 03:45:00,OBJ_1010,5.9367
2026-04-03 03:00:00,OBJ_1009,0.0
2026-04-02 04:45:00,OBJ_1001,0.0
2026-04-03 18:45:00,OBJ_1009,1.487
2026-04-01 04:45:00,OBJ_1006,0.0
2026-04-01 03:45:00,OBJ_1008,4.4033
2026-04-02 11:30:00,OBJ_1007,2.7809
2026-04-02 00:15:00,OBJ_1009,0.0
2026-04-03 10:00:00,OBJ_1014,1.5758
2026-04-03 01:30:00,OBJ_1002,5.8732
2026-04-03 10:00:00,OBJ_1009,4.2023
2026-04-02 19:15:00,OBJ_1002,6.0949
2026-04-03 16:45:00,OBJ_1001,2.7264
2026-04-01 22:00:00,OBJ_1002,3.6346
2026-04-01 02:45:00,OBJ_1012,4.615
2026-04-01 04:15:00,OBJ_1011,1.4168
2026-04-01 04:45:00,OBJ_1002,6.8558
2026-04-03 17:30:00,OBJ_1002,8.0491
2026-04-01 07:45:00,OBJ_1001,1.5226
2026-04-02 18:15:00,OBJ_1001,1.6955
2026-04-03 10:00:00,OBJ_1011,-1.3405
2026-04-03 08:00:00,OBJ_1012,15.7966
2026-04-03 01:30:00,OBJ_1008,4.252
2026-04-02 10:30:00,OBJ_1008,11.2457
2026-04-01 11:30:00,OBJ_1012,16.9915
2026-04-03 05:30:00,OBJ_1007,5.2482
2026-04-03 19:45:00,OBJ_1014,2.7442
2026-04-03 04:00:00,OBJ_1005,0.9812
2026-04-01 05:45:00,OBJ_1006,0.0
2026-04-03 14:30:00,OBJ_1010,6.1738
2026-04-02 22:30:00,OBJ_1007,1.8661
2026-04-01 07:45:00,OBJ_1002,5.3468
2026-04-03 13:30:00,OBJ_1006,4.0578
2026-04-01 00:30:00,OBJ_1003,1.6232
2026-04-02 00:00:00,OBJ_1014,2.4566
2026-04-03 11:45:00,OBJ_1007,2.905
2026-04-03 12:45:00,OBJ_1014,2.5567
2026-04-01 16:45:00,OBJ_1009,3.8144
2026-04-02 12:15:00,OBJ_1007,3.1165
2026-04-01 20:30:00,OBJ_1012,17.4249
2026-04-01 12:30:00,OBJ_1008,11.7019
2026-04-01 18:15:00,OBJ_1009,2.1389
2026-04-03 11:00:00,OBJ_1014,1.9269
2026-04-02 04:00:00,OBJ_1010,5.7298
2026-04-01 12:15:00,OBJ_1011,-1.438
2026-04-03 13:00:00,OBJ_1007,4.3865
2026-04-01 13:30:00,OBJ_1005,-1.0805
2026-04-02 06:15:00,OBJ_1009,0.3003
2026-04-03 20:00:00,OBJ_1012,15.9058
2026-04-02 20:45:00,OBJ_1005,0.975
2026-04-03 21:45:00,OBJ_1006,0.0
2026-04-01 15:45:00,OBJ_1014,2.8879
2026-04-03 20:30:00,OBJ_1002,4.715
2026-04-01 03:30:00,OBJ_1011,1.0374
2026-04-03 13:45:00,OBJ_1006,3.9515
2026-04-02 15:30:00,OBJ_1001,3.2495
2026-04-03 19:45:00,OBJ_1002,6.4351
2026-04-02 18:00:00,OBJ_1001,1.6926
2026-04-03 20:30:00,OBJ_1009,0.0
2026-04-02 05:15:00,OBJ_1008,4.4515
2026-04-03 04:45:00,OBJ_1009,0.0
2026-04-03 05:00:00,OBJ_1010,6.1787
2026-04-03 21:30:00,OBJ_1010,3.183
2026-04-02 05:45:00,OBJ_1005,0.6857
2026-04-03 00:30:00,OBJ_1014,2.4911
2026-04-01 06:30:00,OBJ_1014,3.0684
2026-04-03 09:00:00,OBJ_1002,3.8288
2026-04-03 03:30:00,OBJ_1011,1.4787
2026-04-03 20:30:00,OBJ_1008,9.1395
2026-04-03 00:00:00,OBJ_1002,5.172
2026-04-02 17:30:00,OBJ_1011,1.4556
2026-04-03 13:15:00,OBJ_1005,-1.0268
2026-04-01 20:45:00,OBJ_1005,0.7409
2026-04-02 10:15:00,OBJ_1002,3.125
2026-04-03 12:00:00,OBJ_1001,3.7553
2026-04-03 02:15:00,OBJ_1005,0.8852
2026-04-01 23:45:00,OBJ_1001,0.0
2026-04-02 07:15:00,OBJ_1006,1.129
2026-04-01 15:00:00,OBJ_1008,11.7284
2026-04-01 16:30:00,OBJ_1002,6.8649
2026-04-01 13:00:00,OBJ_1014,3.0344
2026-04-02 12:15:00,OBJ_1006,4.1054
2026-04-02 18:45:00,OBJ_1014,2.8226
2026-04-02 12:00:00,OBJ_1001,-0.2
2026-04-02 06:00:00,OBJ_1012,5.5422
2026-04-02 06:00:00,OBJ_1014,3.4097
2026-04-02 17:45:00,OBJ_1012,14.8081
2026-04-02 19:15:00,OBJ_1006,0.6495
2026-04-01 09:15:00,OBJ_1001,2.7806
2026-04-02 04:00:00,OBJ_1011,0.9337
2026-04-02 07:30:00,OBJ_1008,9.0236
2026-04-03 19:00:00,OBJ_1010,4.7497
2026-04-03 22:00:00,OBJ_1010,2.4138
2026-04-01 05:30:00,OBJ_1009,0.0
2026-04-01 19:00:00,OBJ_1010,5.6759
2026-04-01 00:45:00,OBJ_1010,4.5545
2026-04-01 16:00:00,OBJ_1001,3.0781
2026-04-02 22:00:00,OBJ_1011,1.288
2026-04-02 13:30:00,OBJ_1011,-1.7671
2026-04-02 01:45:00,OBJ_1011,1.0291
2026-04-02 02:00:00,OBJ_1006,0.0
2026-04-03 07:30:00,OBJ_1012,14.2012
2026-04-01 16:45:00,OBJ_1005,0.7333
2026-04-03 19:30:00,OBJ_1012,17.3119
2026-04-03 07:45:00,OBJ_1011,1.4996
2026-04-02 10:30:00,OBJ_1009,4.6132
2026-04-01 20:45:00,OBJ_1011,1.403
2026-04-03 18:15:00,OBJ_1008,9.4062
2026-04-02 05:15:00,OBJ_1005,0.8331
2026-04-02 15:00:00,OBJ_1005,0.9187
2026-04-03 01:45:00,OBJ_1007,3.5184
2026-04-01 11:45:00,OBJ_1006,4.3241
2026-04-02 13:45:00,OBJ_1008,11.9442
2026-04-03 12:30:00,OBJ_1006,3.8398
2026-04-01 02:45:00,OBJ_1002,7.273
2026-04-01 07:30:00,OBJ_1007,4.5648
2026-04-03 17:45:00,OBJ_1009,2.8355
2026-04-01 04:30:00,OBJ_1007,5.3873
2026-04-01 18:30:00,OBJ_1002,6.3155
2026-04-03 07:30:00,OBJ_1008,9.5094
2026-04-02 02:15:00,OBJ_1010,5.9002
2026-04-03 20:00:00,OBJ_1005,0.9538
2026-04-02 02:00:00,OBJ_1010,5.803
2026-04-01 11:30:00,OBJ_1010,3.3317
2026-04-03 22:30:00,OBJ_1011,1.3719
2026-04-01 22:30:00,OBJ_1009,0.0
2026-04-02 12:30:00,OBJ_1005,-0.8113
2026-04-02 18:45:00,OBJ_1007,4.0591
2026-04-03 19:30:00,OBJ_1007,3.7024
2026-04-03 10:45:00,OBJ_1002,3.2774
2026-04-02 00:00:00,OBJ_1005,0.8744
2026-04-02 05:15:00,OBJ_1007,4.6141
2026-04-02 15:30:00,OBJ_1002,6.7979
2026-04-03 05:30:00,OBJ_1012,4.3287
2026-04-01 23:15:00,OBJ_1001,0.0
2026-04-03 02:15:00,OBJ_1009,0.0
2026-04-03 01:30:00,OBJ_1012,5.5112
2026-04-02 21:00:00,OBJ_1011,1.0304
2026-04-02 13:30:00,OBJ_1001,4.1884
2026-04-01 22:00:00,OBJ_1001,0.0
2026-04-03 14:30:00,OBJ_1001,3.7588
2026-04-02 10:15:00,OBJ_1008,12.0558
2026-04-03 05:30:00,OBJ_1008,3.1726
2026-04-03 09:00:00,OBJ_1009,3.713
2026-04-01 09:00:00,OBJ_1008,9.9617
2026-04-03 12:30:00,OBJ_1008,10.9552
2026-04-02 15:45:00,OBJ_1007,4.532
2026-04-01 20:00:00,OBJ_1008,12.0492
2026-04-02 01:45:00,OBJ_1007,3.62
2026-04-03 00:30:00,OBJ_1006,0.0
2026-04-02 13:15:00,OBJ_1010,4.6782
2026-04-01 12:30:00,OBJ_1005,-0.8408
2026-04-02 09:30:00,OBJ_1005,0.8908
2026-04-01 04:30:00,OBJ_1009,0.0
2026-04-02 13:45:00,OBJ_1009,5.4455
2026-04-01 10:30:00,OBJ_1009,4.8566
2026-04-03 11:45:00,OBJ_1001,3.7611
2026-04-02 02:45:00,OBJ_1005,0.8001
2026-04-03 13:15:00,OBJ_1006,4.0668
2026-04-02 02:30:00,OBJ_1007,4.1206
2026-04-03 16:45:00,OBJ_1010,6.7949
2026-04-03 10:00:00,OBJ_1002,3.0174
2026-04-01 13:00:00,OBJ_1001,4.3203
2026-04-02 22:45:00,OBJ_1006,0.0
2026-04-02 15:45:00,OBJ_1001,3.2337
2026-04-01 16:45:00,OBJ_1014,3.4164
2026-04-01 17:15:00,OBJ_1006,2.5103
2026-04-02 11:00:00,OBJ_1001,3.9604
2026-04-02 21:00:00,OBJ_1010,3.3363
2026-04-03 21:45:00,OBJ_1014,1.7468
2026-04-03 07:30:00,OBJ_1007,4.1847
2026-04-01 19:30:00,OBJ_1014,2.5494
2026-04-03 22:15:00,OBJ_1012,4.5158
2026-04-03 08:45:00,OBJ_1007,3.7359
2026-04-03 16:00:00,OBJ_1007,5.2465
2026-04-01 15:45:00,OBJ_1012,16.9598
2026-04-02 04:30:00,OBJ_1002,7.2433
2026-04-01 21:45:00,OBJ_1011,1.0403
2026-04-02 20:30:00,OBJ_1011,1.2192
2026-04-01 11:00:00,OBJ_1002,4.6775
2026-04-01 12:00:00,OBJ_1014,2.5343
2026-04-02 01:30:00,OBJ_1002,6.2452
2026-04-01 08:30:00,OBJ_1012,14.4504
2026-04-01 12:00:00,OBJ_1006,4.1697
2026-04-02 21:30:00,OBJ_1009,0.0
2026-04-02 04:30:00,OBJ_1001,0.0
2026-04-01 16:45:00,OBJ_1006,2.8502
2026-04-01 15:00:00,OBJ_1009,5.2361
2026-04-03 14:15:00,OBJ_1008,9.8794
2026-04-02 03:00:00,OBJ_1002,7.3307
2026-04-03 22:00:00,OBJ_1009,0.0
2026-04-01 09:45:00,OBJ_1005,0.7701
2026-04-02 07:15:00,OBJ_1008,13.1887
2026-04-03 07:00:00,OBJ_1006,0.9189
2026-04-03 12:15:00,OBJ_1005,-1.0045
2026-04-02 08:00:00,OBJ_1006,1.7017
2026-04-03 18:00:00,OBJ_1012,15.3787
2026-04-03 02:45:00,OBJ_1002,6.3988
2026-04-02 00:00:00,OBJ_1008,3.1102
2026-04-02 08:30:00,OBJ_1001,2.3182
2026-04-01 05:30:00,OBJ_1007,4.461
2026-04-01 21:15:00,OBJ_1002,4.3707
2026-04-01 08:00:00,OBJ_1008,10.1946
2026-04-03 03:15:00,OBJ_1014,3.1355
2026-04-03 22:00:00,OBJ_1008,4.0163
2026-04-02 16:00:00,OBJ_1005,0.844
2026-04-01 18:15:00,OBJ_1006,1.6029
2026-04-03 10:00:00,OBJ_1006,3.4675
2026-04-03 10:00:00,OBJ_1008,10.7835
2026-04-01 01:30:00,OBJ_1001,0.0
2026-04-02 01:00:00,OBJ_1010,5.7154
2026-04-03 08:45:00,OBJ_1014,2.5387
2026-04-03 02:30:00,OBJ_1011,0.9158
2026-04-03 11:45:00,OBJ_1010,3.7174
2026-04-02 00:15:00,OBJ_1012,5.3018
2026-04-01 02:30:00,OBJ_1001,0.0
2026-04-02 23:30:00,OBJ_1002,4.693
2026-04-02 02:45:00,OBJ_1007,4.8841
2026-04-03 00:30:00,OBJ_1001,0.0
2026-04-01 10:15:00,OBJ_1006,3.2556
2026-04-01 18:30:00,OBJ_1001,1.3908
2026-04-03 04:30:00,OBJ_1011,0.951
2026-04-01 23:45:00,OBJ_1002,3.6785
2026-04-02 18:30:00,OBJ_1008,11.9416
2026-04-02 23:30:00,OBJ_1007,2.499
2026-04-03 04:45:00,OBJ_1011,1.1583
2026-04-01 22:45:00,OBJ_1007,2.103
2026-04-03 20:45:00,OBJ_1001,0.0
2026-04-02 16:15:00,OBJ_1011,1.1278
2026-04-02 02:30:00,OBJ_1014,2.8016
2026-04-02 17:45:00,OBJ_1001,2.0357
2026-04-02 17:00:00,OBJ_1001,2.6868
2026-04-03 01:45:00,OBJ_1009,0.0
2026-04-03 21:00:00,OBJ_1001,0.0
2026-04-01 14:30:00,OBJ_1010,5.5993
2026-04-02 04:45:00,OBJ_1009,0.0
2026-04-01 17:15:00,OBJ_1002,7.7613
2026-04-02 21:30:00,OBJ_1007,3.2017
2026-04-02 15:15:00,OBJ_1012,17.6892
2026-04-01 01:45:00,OBJ_1012,5.9951
2026-04-02 01:00:00,OBJ_1011,1.2602
2026-04-03 09:30:00,OBJ_1009,3.6371
2026-04-02 11:30:00,OBJ_1006,4.0684
2026-04-01 00:15:00,OBJ_1005,0.6795
2026-04-03 21:15:00,OBJ_1008,9.4101
2026-04-03 05:00:00,OBJ_1007,4.7463
2026-04-03 15:30:00,OBJ_1010,5.5817
2026-04-03 12:30:00,OBJ_1007,3.0354
2026-04-03 02:00:00,OBJ_1010,5.5046
2026-04-02 18:45:00,OBJ_1006,1.117
2026-04-01 05:30:00,OBJ_1006,0.0
2026-04-03 12:15:00,OBJ_1006,3.9062
2026-04-03 07:00:00,OBJ_1009,1.1368
2026-04-01 07:15:00,OBJ_1001,1.2327
2026-04-03 07:15:00,OBJ_1012,13.6491
2026-04-02 04:45:00,OBJ_1002,7.3584
2026-04-02 14:45:00,OBJ_1010,5.2928
2026-04-01 11:30:00,OBJ_1008,10.4708
2026-04-03 11:00:00,OBJ_1006,3.8048
2026-04-01 09:15:00,OBJ_1011,0.9147
2026-04-03 05:45:00,OBJ_1010,5.4829
2026-04-01 09:30:00,OBJ_1008,12.1336
2026-04-03 11:15:00,OBJ_1006,3.9644
2026-04-02 16:30:00,OBJ_1008,10.5586
2026-04-01 11:15:00,OBJ_1001,3.9574
2026-04-03 18:30:00,OBJ_1005,0.8868
2026-04-01 10:45:00,OBJ_1010,2.6151
2026-04-03 16:30:00,OBJ_1009,3.6334
2026-04-02 10:15:00,OBJ_1005,-0.9531
2026-04-01 23:00:00,OBJ_1012,4.4319
2026-04-03 16:15:00,OBJ_1011,1.3876
2026-04-02 18:15:00,OBJ_1007,4.7776
2026-04-02 19:15:00,OBJ_1005,0.8815
2026-04-02 07:45:00,OBJ_1005,0.7152
2026-04-03 06:15:00,OBJ_1014,2.997
2026-04-03 13:45:00,OBJ_1012,16.826
2026-04-01 08:30:00,OBJ_1001,2.1658
2026-04-03 02:00:00,OBJ_1012,5.3213
2026-04-02 02:30:00,OBJ_1011,0.9046
2026-04-03 14:00:00,OBJ_1002,5.907
2026-04-01 10:00:00,OBJ_1010,2.7113
2026-04-03 20:15:00,OBJ_1011,1.1253
2026-04-03 14:30:00,OBJ_1008,9.0066
2026-04-01 22:00:00,OBJ_1010,2.6366
2026-04-03 21:15:00,OBJ_1014,1.9549
2026-04-02 19:15:00,OBJ_1007,4.2017
2026-04-02 01:45:00,OBJ_1005,0.8265
2026-04-03 09:15:00,OBJ_1005,0.8657
2026-04-01 15:45:00,OBJ_1010,6.2358
2026-04-02 14:00:00,OBJ_1012,16.5864
2026-04-02 10:45:00,OBJ_1007,1.9325
2026-04-02 07:15:00,OBJ_1007,3.5699
2026-04-01 18:30:00,OBJ_1006,1.273
2026-04-03 03:15:00,OBJ_1010,6.1889
2026-04-01 13:15:00,OBJ_1008,10.7055
2026-04-01 11:30:00,OBJ_1005,-0.8201
2026-04-01 12:15:00,OBJ_1001,3.8472
2026-04-03 15:30:00,OBJ_1014,3.4658
2026-04-03 00:45:00,OBJ_1009,0.0
2026-04-02 22:30:00,OBJ_1005,0.7332
2026-04-02 00:45:00,OBJ_1011,1.2338
2026-04-03 07:45:00,OBJ_1010,4.8595
2026-04-01 16:15:00,OBJ_1011,1.2451
2026-04-02 20:15:00,OBJ_1012,13.0708
2026-04-01 19:00:00,OBJ_1011,1.4114
2026-04-01 14:30:00,OBJ_1011,-1.7236
2026-04-02 13:00:00,OBJ_1014,2.6291
2026-04-01 10:30:00,OBJ_1011,-1.4446
2026-04-02 08:30:00,OBJ_1009,2.8726
2026-04-02 23:45:00,OBJ_1001,0.0
2026-04-01 10:15:00,OBJ_1001,3.5289
2026-04-02 12:30:00,OBJ_1012,15.8339
2026-04-02 05:15:00,OBJ_1014,3.1341
2026-04-01 17:45:00,OBJ_1005,0.8035
2026-04-01 03:00:00,OBJ_1009,0.0
2026-04-03 19:30:00,OBJ_1002,5.6956
2026-04-01 05:15:00,OBJ_1010,6.1889
2026-04-01 22:15:00,OBJ_1011,1.1515
2026-04-01 01:15:00,OBJ_1002,5.4806
2026-04-02 16:00:00,OBJ_1008,11.5114
2026-04-02 03:15:00,OBJ_1005,0.6973
2026-04-02 17:30:00,OBJ_1014,2.8497
2026-04-03 23:45:00,OBJ_1011,1.0867
2026-04-02 07:30:00,OBJ_1012,15.2928
2026-04-03 00:45:00,OBJ_1012,4.3428
2026-04-02 12:00:00,OBJ_1007,3.2909
2026-04-03 17:00:00,OBJ_1011,1.2155
2026-04-01 15:45:00,OBJ_1005,0.85
2026-04-02 11:15:00,OBJ_1001,3.8511
2026-04-01 11:15:00,OBJ_1006,3.8253
2026-04-03 14:45:00,OBJ_1002,6.7214
2026-04-01 22:30:00,OBJ_1001,0.0
2026-04-03 06:45:00,OBJ_1006,0.6563
2026-04-01 17:30:00,OBJ_1005,0.6634
2026-04-03 12:00:00,OBJ_1010,4.5511
2026-04-03 08:45:00,OBJ_1005,0.9314
2026-04-02 08:15:00,OBJ_1005,0.8029
2026-04-01 11:30:00,OBJ_1009,5.4605
2026-04-02 02:45:00,OBJ_1001,0.0
2026-04-02 12:45:00,OBJ_1010,3.778
2026-04-02 13:45:00,OBJ_1007,4.4732
2026-04-02 01:00:00,OBJ_1002,5.3961
2026-04-03 15:30:00,OBJ_1008,9.9344
2026-04-01 11:45:00,OBJ_1014,1.7349
2026-04-02 20:30:00,OBJ_1002,5.6826
2026-04-01 23:45:00,OBJ_1009,0.0
2026-04-02 13:15:00,OBJ_1008,10.7287
2026-04-01 05:15:00,OBJ_1011,1.2716
2026-04-02 20:00:00,OBJ_1006,0.0
2026-04-03 21:45:00,OBJ_1007,2.8212
2026-04-01 13:30:00,OBJ_1011,-1.4931
2026-04-03 05:45:00,OBJ_1006,0.0
2026-04-01 03:15:00,OBJ_1008,3.3017
2026-04-02 02:00:00,OBJ_1001,0.0
2026-04-01 04:45:00,OBJ_1012,4.3096
2026-04-01 23:30:00,OBJ_1005,0.6952
2026-04-01 18:45:00,OBJ_1011,1.1742
2026-04-03 07:30:00,OBJ_1002,6.1136
2026-04-03 22:45:00,OBJ_1006,0.0
2026-04-03 05:00:00,OBJ_1009,0.0
2026-04-02 13:30:00,OBJ_1007,4.0496
2026-04-03 03:15:00,OBJ_1011,1.3824
2026-04-03 20:45:00,OBJ_1014,2.6828
2026-04-03 22:00:00,OBJ_1007,2.352
2026-04-03 22:45:00,OBJ_1010,2.7561
2026-04-02 08:15:00,OBJ_1007,3.6119
2026-04-02 08:15:00,OBJ_1009,2.6716
2026-04-02 02:15:00,OBJ_1014,2.6866
2026-04-01 08:15:00,OBJ_1009,2.8699
2026-04-03 01:30:00,OBJ_1007,3.7336
2026-04-01 01:15:00,OBJ_1010,5.1228
2026-04-03 20:30:00,OBJ_1014,2.1667
2026-04-03 11:00:00,OBJ_1008,13.3346
2026-04-03 06:45:00,OBJ_1001,0.7191
2026-04-02 08:45:00,OBJ_1008,9.284
2026-04-02 13:00:00,OBJ_1011,-1.4223
2026-04-02 01:30:00,OBJ_1011,1.3216
2026-04-01 08:00:00,OBJ_1006,1.7119
2026-04-03 02:30:00,OBJ_1008,3.6733
2026-04-01 00:00:00,OBJ_1002,4.4628
2026-04-01 22:15:00,OBJ_1001,0.0
2026-04-02 09:15:00,OBJ_1014,2.2264
2026-04-01 03:15:00,OBJ_1007,5.1012
2026-04-01 15:45:00,OBJ_1002,7.7706
2026-04-01 21:30:00,OBJ_1005,0.9866
2026-04-01 03:00:00,OBJ_1008,4.1409
2026-04-01 18:00:00,OBJ_1008,13.2041
2026-04-03 11:00:00,OBJ_1002,3.6683
2026-04-03 17:15:00,OBJ_1010,6.0303
2026-04-03 04:00:00,OBJ_1001,0.0
2026-04-02 16:45:00,OBJ_1008,10.0911
2026-04-02 22:00:00,OBJ_1001,0.0
2026-04-01 16:15:00,OBJ_1005,0.7728
2026-04-01 05:15:00,OBJ_1007,4.2974
2026-04-03 20:15:00,OBJ_1012,16.3919
2026-04-03 17:00:00,OBJ_1012,15.7845
2026-04-02 11:45:00,OBJ_1002,3.957
2026-04-03 19:45:00,OBJ_1010,4.799
2026-04-01 07:15:00,OBJ_1011,1.4585
2026-04-02 10:30:00,OBJ_1001,3.4662
2026-04-03 13:15:00,OBJ_1002,6.0483
2026-04-03 17:15:00,OBJ_1012,13.0789
2026-04-01 05:45:00,OBJ_1012,4.7391
2026-04-01 08:00:00,OBJ_1012,13.8821
2026-04-02 16:30:00,OBJ_1002,7.9884
2026-04-02 19:45:00,OBJ_1009,0.3151
2026-04-03 10:45:00,OBJ_1008,12.2509
2026-04-01 08:15:00,OBJ_1014,2.5645
2026-04-01 00:15:00,OBJ_1014,2.5006
2026-04-02 12:00:00,OBJ_1012,15.8103
2026-04-01 14:45:00,OBJ_1012,12.3217
2026-04-01 04:45:00,OBJ_1007,4.7914
2026-04-02 07:30:00,OBJ_1001,1.4483
2026-04-02 13:15:00,OBJ_1002,5.6471
2026-04-03 12:00:00,OBJ_1009,5.3366
2026-04-01 19:45:00,OBJ_1012,12.8587
2026-04-01 09:15:00,OBJ_1006,2.9169
2026-04-01 15:00:00,OBJ_1005,0.9976
2026-04-02 17:30:00,OBJ_1006,2.3931
2026-04-03 01:30:00,OBJ_1006,0.0
2026-04-01 11:00:00,OBJ_1006,3.9008
2026-04-03 11:30:00,OBJ_1010,3.4787
2026-04-02 13:00:00,OBJ_1005,-0.925
2026-04-03 19:30:00,OBJ_1006,0.4991
2026-04-02 04:30:00,OBJ_1005,0.9239
2026-04-01 23:30:00,OBJ_1008,3.0786
2026-04-02 21:00:00,OBJ_1002,3.7551
2026-04-02 10:15:00,OBJ_1012,15.4435
2026-04-01 16:30:00,OBJ_1009,4.1892
2026-04-02 20:45:00,OBJ_1010,4.784
2026-04-03 20:45:00,OBJ_1006,0.0
2026-04-01 18:45:00,OBJ_1012,16.3347
2026-04-02 12:45:00,OBJ_1014,2.356
2026-04-02 01:30:00,OBJ_1009,0.0
2026-04-02 10:00:00,OBJ_1002,3.3768
2026-04-02 15:15:00,OBJ_1010,6.2924
2026-04-02 00:15:00,OBJ_1006,0.0
2026-04-01 23:30:00,OBJ_1007,2.5037
2026-04-02 15:30:00,OBJ_1010,6.6208
2026-04-01 14:15:00,OBJ_1009,4.9876
2026-04-03 12:30:00,OBJ_1001,4.2696
2026-04-03 04:15:00,OBJ_1008,4.1836
2026-04-02 14:00:00,OBJ_1005,-0.9464
2026-04-02 05:15:00,OBJ_1009,0.0
2026-04-03 18:00:00,OBJ_1007,5.0963
2026-04-03 18:30:00,OBJ_1009,1.6909
2026-04-03 01:00:00,OBJ_1006,0.0
2026-04-03 00:15:00,OBJ_1008,4.011
2026-04-03 17:30:00,OBJ_1009,3.0805
2026-04-01 00:30:00,OBJ_1010,4.4305
2026-04-01 00:30:00,OBJ_1001,0.0
2026-04-01 17:30:00,OBJ_1007,4.8929
2026-04-01 23:45:00,OBJ_1014,1.6598
2026-04-02 14:00:00,OBJ_1002,7.2446
2026-04-02 02:15:00,OBJ_1008,3.6449
2026-04-01 07:45:00,OBJ_1005,0.6773
2026-04-01 21:30:00,OBJ_1009,0.0
2026-04-02 20:15:00,OBJ_1010,4.6411
2026-04-01 23:30:00,OBJ_1011,1.3474
2026-04-03 04:00:00,OBJ_1011,1.3914
2026-04-02 15:30:00,OBJ_1007,4.6642
2026-04-01 09:00:00,OBJ_1007,2.8406
2026-04-02 08:30:00,OBJ_1008,12.3083
2026-04-02 11:15:00,OBJ_1014,1.9587
2026-04-03 02:45:00,OBJ_1010,6.2639
2026-04-01 21:15:00,OBJ_1007,2.6878
2026-04-03 20:00:00,OBJ_1001,0.0
2026-04-01 04:00:00,OBJ_1002,7.2041
2026-04-02 10:15:00,OBJ_1014,1.5017
2026-04-03 17:45:00,OBJ_1012,17.0353
2026-04-03 22:15:00,OBJ_1010,2.806
2026-04-02 16:00:00,OBJ_1010,6.9515
2026-04-01 00:00:00,OBJ_1007,3.675
2026-04-01 12:00:00,OBJ_1008,9.9808
2026-04-02 20:45:00,OBJ_1009,0.0
2026-04-01 08:30:00,OBJ_1010,4.1924
2026-04-01 10:45:00,OBJ_1011,-1.2035
2026-04-03 19:15:00,OBJ_1012,15.6143
2026-04-01 03:30:00,OBJ_1008,3.3303
2026-04-02 20:15:00,OBJ_1005,0.9627
2026-04-03 09:45:00,OBJ_1006,3.3343
2026-04-01 08:45:00,OBJ_1012,12.0024
2026-04-01 13:45:00,OBJ_1010,5.1582
2026-04-02 15:00:00,OBJ_1006,3.8873
2026-04-03 12:15:00,OBJ_1008,11.4138
2026-04-03 20:00:00,OBJ_1006,0.0
2026-04-01 18:45:00,OBJ_1006,1.1692
2026-04-01 01:30:00,OBJ_1002,5.2403
2026-04-01 10:00:00,OBJ_1007,2.4083
2026-04-03 23:45:00,OBJ_1008,4.2315
2026-04-02 11:45:00,OBJ_1008,9.8188
2026-04-02 11:00:00,OBJ_1012,15.8262
2026-04-01 21:15:00,OBJ_1009,0.0
2026-04-01 06:15:00,OBJ_1009,0.2962
2026-04-02 18:00:00,OBJ_1012,13.053
2026-04-01 01:15:00,OBJ_9999,0.0
2026-04-01 15:30:00,OBJ_1007,4.915
2026-04-02 00:30:00,OBJ_1008,3.6802
2026-04-03 10:15:00,OBJ_1007,2.2775
2026-04-01 16:45:00,OBJ_1010,5.7535
2026-04-01 13:15:00,OBJ_1002,6.7085
2026-04-02 14:00:00,OBJ_1014,2.8933
2026-04-01 20:15:00,OBJ_1010,4.5374
2026-04-03 16:15:00,OBJ_1005,0.9295
2026-04-03 02:15:00,OBJ_1012,4.2131
2026-04-02 19:45:00,OBJ_1008,12.3561
2026-04-02 17:45:00,OBJ_1005,0.9932
2026-04-01 20:00:00,OBJ_1010,4.372
2026-04-01 07:45:00,OBJ_1014,2.866
2026-04-02 02:15:00,OBJ_1009,0.0
2026-04-03 04:30:00,OBJ_1005,0.8175
2026-04-02 13:30:00,OBJ_1014,3.1421
2026-04-03 14:45:00,OBJ_1006,4.1556
2026-04-01 16:45:00,OBJ_1001,2.5898
2026-04-02 00:00:00,OBJ_1002,5.0184
2026-04-01 15:15:00,OBJ_1014,2.9684
2026-04-01 05:00:00,OBJ_1012,5.9216
2026-04-01 13:30:00,OBJ_1010,5.3577
2026-04-01 03:30:00,OBJ_1009,0.0
2026-04-03 06:00:00,OBJ_1006,0.0
2026-04-03 12:15:00,OBJ_1007,3.7454
2026-04-03 06:00:00,OBJ_1002,6.2447
2026-04-01 11:45:00,OBJ_1009,5.5763
2026-04-01 04:00:00,OBJ_1001,0.0
2026-04-03 08:15:00,OBJ_1012,13.736
2026-04-01 02:00:00,OBJ_1006,0.0
2026-04-02 14:15:00,OBJ_1001,4.3171
2026-04-01 15:00:00,OBJ_1001,3.7885
2026-04-03 07:45:00,OBJ_1006,1.7194
2026-04-02 20:30:00,OBJ_1007,3.0718
2026-04-02 20:30:00,OBJ_1006,0.0
2026-04-02 20:45:00,OBJ_1006,0.0
2026-04-03 17:45:00,OBJ_1005,0.9669
2026-04-02 06:30:00,OBJ_1014,3.5505
2026-04-02 14:30:00,OBJ_1007,4.4575
2026-04-01 21:15:00,OBJ_1011,1.3479
2026-04-03 07:00:00,OBJ_1008,10.6157
2026-04-02 09:30:00,OBJ_1012,15.9655
2026-04-01 14:30:00,OBJ_1009,5.5516
2026-04-03 21:00:00,OBJ_1005,0.771
2026-04-01 13:45:00,OBJ_1014,2.7134
2026-04-01 19:30:00,OBJ_1011,1.076
2026-04-02 02:00:00,OBJ_1009,0.0
2026-04-02 23:45:00,OBJ_1009,0.0
2026-04-01 07:00:00,OBJ_1010,5.7236
2026-04-01 21:15:00,OBJ_1010,3.9265
2026-04-01 15:15:00,OBJ_1010,5.4839
2026-04-02 16:45:00,OBJ_1011,1.2828
2026-04-01 12:45:00,OBJ_1011,-1.6972
2026-04-02 22:30:00,OBJ_1012,4.9578
2026-04-01 00:30:00,OBJ_1008,3.1451
2026-04-02 20:45:00,OBJ_1008,12.6427
2026-04-03 04:45:00,OBJ_1006,0.0
2026-04-02 08:00:00,OBJ_1008,11.7666
2026-04-02 08:45:00,OBJ_1007,3.8734
2026-04-02 13:45:00,OBJ_1002,5.7947
2026-04-03 00:00:00,OBJ_1006,0.0
2026-04-03 14:15:00,OBJ_1006,3.9955
2026-04-02 11:00:00,OBJ_1002,3.9276
2026-04-01 23:15:00,OBJ_1010,3.205
2026-04-03 00:00:00,OBJ_1007,3.6064
2026-04-01 07:00:00,OBJ_1014,2.5567
2026-04-02 10:00:00,OBJ_1001,3.0301
2026-04-03 14:15:00,OBJ_1001,4.0794
2026-04-03 23:30:00,OBJ_1005,0.9476
2026-04-01 16:00:00,OBJ_1011,1.4656
2026-04-03 02:30:00,OBJ_1010,5.4665
2026-04-03 04:30:00,OBJ_1008,4.3433
2026-04-03 11:45:00,OBJ_1005,-1.0274
2026-04-03 00:30:00,OBJ_1002,5.2026
2026-04-01 09:30:00,OBJ_1007,2.6361
2026-04-02 06:00:00,OBJ_1010,5.1468
2026-04-03 08:15:00,OBJ_1011,1.3224
2026-04-03 12:30:00,OBJ_1002,5.5028
2026-04-02 18:15:00,OBJ_1006,1.4862
2026-04-02 19:30:00,OBJ_1012,14.7408
2026-04-03 18:30:00,OBJ_1001,1.3082
2026-04-02 09:30:00,OBJ_1008,12.7005
2026-04-03 00:00:00,OBJ_1012,5.1033
2026-04-01 00:00:00,OBJ_1003,2.281
2026-04-01 03:45:00,OBJ_1014,2.9998
2026-04-01 21:45:00,OBJ_1002,4.2765
2026-04-02 10:15:00,OBJ_1009,4.8558
2026-04-03 09:30:00,OBJ_1006,2.9363
2026-04-01 05:45:00,OBJ_1007,4.4258
2026-04-01 21:30:00,OBJ_1006,0.0
2026-04-03 20:30:00,OBJ_1001,0.0
2026-04-01 20:15:00,OBJ_1008,11.1744
2026-04-01 03:45:00,OBJ_1001,0.0
2026-04-03 04:45:00,OBJ_1008,3.5994
2026-04-02 21:00:00,OBJ_1001,0.0
2026-04-01 13:30:00,OBJ_1007,3.4682
2026-04-01 16:30:00,OBJ_1010,5.5667
2026-04-03 08:45:00,OBJ_1012,14.712
2026-04-02 17:30:00,OBJ_1002,6.5616
2026-04-01 13:00:00,OBJ_1005,-0.908
2026-04-02 23:45:00,OBJ_1007,3.1118
2026-04-01 15:15:00,OBJ_1011,1.0266
2026-04-01 22:00:00,OBJ_1014,1.4059
2026-04-01 00:45:00,OBJ_1014,2.2242
2026-04-02 22:30:00,OBJ_1014,1.3797
2026-04-02 09:45:00,OBJ_1008,12.9152
2026-04-02 12:45:00,OBJ_1011,-1.2359
2026-04-01 01:00:00,OBJ_9999,0.0
2026-04-02 23:30:00,OBJ_1001,0.0
2026-04-02 22:30:00,OBJ_1009,0.0
2026-04-02 19:15:00,OBJ_1001,0.65
2026-04-03 19:00:00,OBJ_1008,13.1798
2026-04-03 19:15:00,OBJ_1005,0.8915
2026-04-03 21:15:00,OBJ_1010,3.2853
2026-04-02 12:30:00,OBJ_1002,5.6434
2026-04-02 10:00:00,OBJ_1005,-0.9453
2026-04-03 14:45:00,OBJ_1001,3.6824
2026-04-02 19:45:00,OBJ_1011,1.1067
2026-04-03 02:00:00,OBJ_1014,2.7222
2026-04-03 02:30:00,OBJ_1007,4.09
2026-04-03 21:15:00,OBJ_1009,0.0
2026-04-03 05:45:00,OBJ_1008,3.3478
2026-04-01 03:15:00,OBJ_1010,6.8299
2026-04-01 19:45:00,OBJ_1005,0.917
2026-04-02 13:30:00,OBJ_1012,15.0327
2026-04-01 02:45:00,OBJ_1009,0.0
2026-04-03 21:45:00,OBJ_1009,0.0
2026-04-01 01:30:00,OBJ_1014,3.1008
2026-04-01 07:00:00,OBJ_1001,0.9707
2026-04-01 07:00:00,OBJ_1008,9.4626
2026-04-02 00:30:00,OBJ_1001,0.0
2026-04-03 09:45:00,OBJ_1010,3.7651
2026-04-03 02:00:00,OBJ_1009,0.0
2026-04-03 22:15:00,OBJ_1014,1.664
2026-04-02 02:00:00,OBJ_1008,3.0789
2026-04-01 07:30:00,OBJ_1008,12.8637
2026-04-01 16:15:00,OBJ_1007,4.5498
2026-04-01 10:00:00,OBJ_1008,11.7569
2026-04-03 03:15:00,OBJ_1007,4.5196
2026-04-02 21:15:00,OBJ_1006,0.0
2026-04-03 23:30:00,OBJ_1011,1.1501
2026-04-03 10:30:00,OBJ_1005,-1.0923
2026-04-02 17:15:00,OBJ_1012,17.4794
2026-04-02 19:00:00,OBJ_1006,0.9336
2026-04-02 20:30:00,OBJ_1010,4.5025
2026-04-03 07:30:00,OBJ_1006,1.4341
2026-04-01 12:30:00,OBJ_1001,4.2642
2026-04-02 09:15:00,OBJ_1012,14.9851
2026-04-02 01:45:00,OBJ_1001,0.0
2026-04-02 16:30:00,OBJ_1007,5.199
2026-04-01 20:30:00,OBJ_1008,12.351
2026-04-01 22:45:00,OBJ_1010,2.9768
2026-04-02 05:00:00,OBJ_1009,0.0
2026-04-03 19:45:00,OBJ_1011,0.9648
2026-04-03 20:15:00,OBJ_1001,0.0
2026-04-02 15:45:00,OBJ_1008,9.7793
2026-04-03 07:00:00,OBJ_1011,1.3891
2026-04-02 09:45:00,OBJ_1010,4.1243
2026-04-03 04:45:00,OBJ_1001,0.0
2026-04-03 04:30:00,OBJ_1009,0.0
2026-04-01 14:00:00,OBJ_1011,-1.5215
2026-04-02 04:15:00,OBJ_1012,5.1086
2026-04-02 06:30:00,OBJ_1005,0.934
2026-04-03 12:15:00,OBJ_1011,-1.7007
2026-04-02 21:00:00,OBJ_1014,1.7341
2026-04-03 09:00:00,OBJ_1008,10.6608
2026-04-03 09:45:00,OBJ_1009,3.8913
2026-04-01 06:15:00,OBJ_1014,3.4959
2026-04-01 00:45:00,OBJ_9999,0.0
2026-04-01 09:15:00,OBJ_1005,0.7341
2026-04-03 17:00:00,OBJ_1009,3.2917
2026-04-03 12:00:00,OBJ_1005,-1.1157
2026-04-02 09:00:00,OBJ_1014,2.1932
2026-04-03 14:15:00,OBJ_1010,6.0318
2026-04-02 21:15:00,OBJ_1007,2.7389
2026-04-01 18:15:00,OBJ_1008,11.4836
2026-04-01 09:00:00,OBJ_1009,3.4453
2026-04-03 10:30:00,OBJ_1012,12.7989
2026-04-01 06:15:00,OBJ_1001,0.2188
2026-04-03 11:15:00,OBJ_1008,11.9628
2026-04-01 06:45:00,OBJ_1005,0.9532
2026-04-03 03:00:00,OBJ_1010,5.9565
2026-04-02 18:45:00,OBJ_1011,1.0315
2026-04-03 03:00:00,OBJ_1007,4.1894
2026-04-03 07:15:00,OBJ_1014,2.8672
2026-04-03 04:45:00,OBJ_1005,0.6177
2026-04-03 15:30:00,OBJ_1007,5.4222
2026-04-03 08:30:00,OBJ_1005,0.8717
2026-04-01 18:00:00,OBJ_1006,1.891
2026-04-03 18:30:00,OBJ_1012,16.6462
2026-04-01 20:30:00,OBJ_1005,0.7098
2026-04-03 14:30:00,OBJ_1012,12.6237
2026-04-03 09:30:00,OBJ_1002,4.4289
2026-04-01 13:15:00,OBJ_1001,3.8774
2026-04-02 23:30:00,OBJ_1012,5.8338
2026-04-03 11:30:00,OBJ_1009,5.3183
2026-04-01 19:30:00,OBJ_1012,14.249
2026-04-02 08:00:00,OBJ_1001,1.6644
2026-04-01 19:30:00,OBJ_1005,0.949
2026-04-02 04:15:00,OBJ_1008,4.2829
2026-04-01 07:45:00,OBJ_1010,5.3661
2026-04-03 02:45:00,OBJ_1012,5.1439
2026-04-03 02:00:00,OBJ_1001,0.0
2026-04-02 12:30:00,OBJ_1011,-1.45
2026-04-03 09:00:00,OBJ_1012,16.6448
2026-04-01 00:15:00,OBJ_1012,5.6116
2026-04-01 03:45:00,OBJ_1009,0.0
2026-04-03 12:15:00,OBJ_1012,16.0863
2026-04-01 13:00:00,OBJ_1010,5.3735
2026-04-03 03:30:00,OBJ_1010,5.6658
2026-04-03 11:30:00,OBJ_1001,3.6451
2026-04-01 01:00:00,OBJ_1002,5.5871
2026-04-03 19:45:00,OBJ_1007,3.8493
2026-04-02 03:30:00,OBJ_1014,3.3872
2026-04-01 13:15:00,OBJ_1010,5.5462
2026-04-03 10:30:00,OBJ_1009,4.4228
2026-04-03 02:45:00,OBJ_1005,0.7541
2026-04-02 12:15:00,OBJ_1009,5.1648
2026-04-01 12:30:00,OBJ_1011,-1.6696
2026-04-03 09:00:00,OBJ_1006,2.5019
2026-04-03 01:30:00,OBJ_1010,5.6119
2026-04-01 14:30:00,OBJ_1005,-1.1897
2026-04-03 23:45:00,OBJ_1009,0.0
2026-04-01 02:45:00,OBJ_1008,3.0292
2026-04-02 12:45:00,OBJ_1002,4.8533
2026-04-03 08:15:00,OBJ_1009,2.7015
2026-04-03 16:00:00,OBJ_1014,3.6861
2026-04-02 02:00:00,OBJ_1012,4.5442
2026-04-01 08:00:00,OBJ_1005,0.9882
2026-04-02 04:00:00,OBJ_1005,0.8509
2026-04-02 02:45:00,OBJ_1014,3.4071
2026-04-01 09:45:00,OBJ_1008,11.3308
2026-04-02 22:45:00,OBJ_1005,0.9661
2026-04-02 09:15:00,OBJ_1005,0.7472
2026-04-01 06:45:00,OBJ_1001,0.6418
2026-04-01 04:00:00,OBJ_1014,3.7163
2026-04-03 21:15:00,OBJ_1001,0.0
2026-04-03 15:15:00,OBJ_1005,0.8803
2026-04-01 00:30:00,OBJ_1005,0.9829
2026-04-03 18:30:00,OBJ_1006,1.4681
2026-04-01 11:00:00,OBJ_1001,3.9652
2026-04-02 12:15:00,OBJ_1001,3.8543
2026-04-01 01:30:00,OBJ_1006,0.0
2026-04-03 20:30:00,OBJ_1007,3.5393
2026-04-02 16:15:00,OBJ_1005,0.7395
2026-04-02 13:30:00,OBJ_1009,5.3439
2026-04-02 17:45:00,OBJ_1014,3.0235
2026-04-02 12:00:00,OBJ_1008,13.2341
2026-04-02 13:45:00,OBJ_1011,-1.7083
2026-04-03 21:30:00,OBJ_1009,0.0
2026-04-01 21:00:00,OBJ_1011,1.0054
2026-04-03 05:30:00,OBJ_1002,7.6379
2026-04-01 06:30:00,OBJ_1005,0.7694
2026-04-03 03:45:00,OBJ_1011,1.2383
2026-04-01 23:15:00,OBJ_1011,1.0047
2026-04-01 16:30:00,OBJ_1006,3.0656
2026-04-03 13:15:00,OBJ_1012,15.0529
2026-04-01 06:45:00,OBJ_1006,0.7429
2026-04-01 08:00:00,OBJ_1009,2.2551
2026-04-01 03:30:00,OBJ_1002,6.6153
2026-04-02 06:45:00,OBJ_1008,4.3112
2026-04-03 14:00:00,OBJ_1010,4.8247
2026-04-01 02:00:00,OBJ_1012,5.0582
2026-04-03 10:15:00,OBJ_1014,1.3327
2026-04-01 06:30:00,OBJ_1012,5.1034
2026-04-02 16:30:00,OBJ_1001,3.1603
2026-04-03 02:00:00,OBJ_1005,0.7093
2026-04-01 19:00:00,OBJ_1009,1.265
2026-04-01 09:30:00,OBJ_1010,3.3463
2026-04-02 15:15:00,OBJ_1014,2.9241
2026-04-03 08:45:00,OBJ_1002,5.6575
2026-04-01 19:30:00,OBJ_1008,13.0654
2026-04-01 06:00:00,OBJ_1007,4.7577
2026-04-03 23:15:00,OBJ_1001,0.0
2026-04-03 01:30:00,OBJ_1009,0.0
2026-04-03 02:00:00,OBJ_1006,0.0
2026-04-01 15:30:00,OBJ_1006,3.4962
2026-04-01 08:45:00,OBJ_1011,1.2288
2026-04-01 07:30:00,OBJ_1010,5.6241
2026-04-03 09:30:00,OBJ_1014,1.7725
2026-04-02 05:45:00,OBJ_1006,0.0
2026-04-01 17:45:00,OBJ_1010,6.1144
2026-04-02 03:30:00,OBJ_1007,5.0977
2026-04-01 04:00:00,OBJ_1006,0.0
2026-04-02 21:15:00,OBJ_1005,0.9263
2026-04-03 08:30:00,OBJ_1001,2.3432
2026-04-02 23:15:00,OBJ_1007,2.6265
2026-04-02 23:45:00,OBJ_1008,4.0023
2026-04-02 10:45:00,OBJ_1009,4.8197
2026-04-03 00:00:00,OBJ_1008,3.9248
2026-04-01 02:15:00,OBJ_1005,0.8883
2026-04-02 02:15:00,OBJ_1006,0.0
2026-04-03 02:15:00,OBJ_1002,7.3104
2026-04-01 23:45:00,OBJ_1008,4.1748
2026-04-02 11:45:00,OBJ_1010,3.3844
2026-04-01 10:30:00,OBJ_1005,-1.0161
2026-04-03 10:15:00,OBJ_1002,3.2276
2026-04-02 05:45:00,OBJ_1008,3.3398
2026-04-03 09:15:00,OBJ_1008,11.4049
2026-04-01 22:30:00,OBJ_1011,1.4703
2026-04-03 22:30:00,OBJ_1009,0.0
2026-04-02 17:15:00,OBJ_1014,3.0067
2026-04-02 08:00:00,OBJ_1012,12.5137
2026-04-01 10:30:00,OBJ_1010,2.3705
2026-04-03 23:45:00,OBJ_1010,3.1146
2026-04-03 23:00:00,OBJ_1010,3.0997
2026-04-02 20:00:00,OBJ_1012,14.5222
2026-04-03 12:15:00,OBJ_1002,4.8831
2026-04-01 20:15:00,OBJ_1006,0.0
2026-04-02 03:15:00,OBJ_1006,0.0
2026-04-02 09:30:00,OBJ_1006,2.7424
2026-04-02 06:45:00,OBJ_1006,0.669
2026-04-03 13:15:00,OBJ_1009,5.6077
2026-04-01 19:45:00,OBJ_1007,3.6297
2026-04-01 01:00:00,OBJ_1003,2.2663
2026-04-02 08:30:00,OBJ_1002,5.0987
2026-04-01 08:30:00,OBJ_1005,0.8657
2026-04-03 13:45:00,OBJ_1008,10.6776
2026-04-03 01:45:00,OBJ_1014,2.6906
2026-04-03 02:30:00,OBJ_1005,0.7079
2026-04-02 14:30:00,OBJ_1012,15.6784
2026-04-03 15:45:00,OBJ_1002,7.584
2026-04-02 23:00:00,OBJ_1002,4.7105
2026-04-01 06:15:00,OBJ_1007,4.6937
2026-04-03 23:15:00,OBJ_1008,4.3455
2026-04-01 17:00:00,OBJ_1008,11.3157
2026-04-01 20:15:00,OBJ_1012,17.9562
2026-04-03 00:45:00,OBJ_1010,3.7573
2026-04-02 05:30:00,OBJ_1006,0.0
2026-04-01 06:45:00,OBJ_1002,6.0063
2026-04-03 17:15:00,OBJ_1009,3.4265
2026-04-03 03:00:00,OBJ_1012,4.5034
2026-04-03 05:15:00,OBJ_1005,0.9847
2026-04-02 21:30:00,OBJ_1010,3.5353
2026-04-03 17:45:00,OBJ_1014,3.6413
2026-04-01 04:30:00,OBJ_1014,3.2517
2026-04-03 07:30:00,OBJ_1005,0.897
2026-04-02 06:00:00,OBJ_1002,7.5852
2026-04-01 14:15:00,OBJ_1005,-1.0898
2026-04-01 03:30:00,OBJ_1012,5.8108
2026-04-01 14:15:00,OBJ_1010,5.1233
2026-04-02 19:15:00,OBJ_1010,5.1657
2026-04-02 06:45:00,OBJ_1001,0.7331
2026-04-01 00:30:00,OBJ_1002,4.6553
2026-04-01 23:30:00,OBJ_1014,2.0487
2026-04-03 06:15:00,OBJ_1008,3.7916
2026-04-03 10:45:00,OBJ_1001,3.4321
2026-04-01 12:00:00,OBJ_1007,3.5053
2026-04-02 00:30:00,OBJ_1007,3.284
2026-04-03 03:45:00,OBJ_1005,0.8304
2026-04-02 01:45:00,OBJ_1014,2.6464
2026-04-02 15:45:00,OBJ_1009,4.8289
2026-04-01 03:45:00,OBJ_1002,6.6426
2026-04-02 11:00:00,OBJ_1008,13.011
2026-04-01 11:00:00,OBJ_1007,2.7971
2026-04-02 23:45:00,OBJ_1006,0.0
2026-04-03 12:00:00,OBJ_1006,4.0625
2026-04-01 17:15:00,OBJ_1009,3.4344
2026-04-01 06:45:00,OBJ_1011,0.9765
2026-04-01 16:30:00,OBJ_1001,3.0256
2026-04-02 17:45:00,OBJ_1002,6.42
2026-04-03 11:30:00,OBJ_1014,2.1333
2026-04-01 18:00:00,OBJ_1001,1.9171
2026-04-01 18:15:00,OBJ_1002,6.8156
2026-04-03 08:00:00,OBJ_1010,4.2563
2026-04-03 02:45:00,OBJ_1008,3.127
2026-04-03 06:45:00,OBJ_1002,6.857
2026-04-02 10:00:00,OBJ_1014,1.305
2026-04-01 20:45:00,OBJ_1014,2.7272
2026-04-02 17:00:00,OBJ_1014,3.0298
2026-04-03 09:45:00,OBJ_1001,3.2837
2026-04-01 18:45:00,OBJ_1009,1.5216
2026-04-01 23:15:00,OBJ_1009,0.0
2026-04-01 01:00:00,OBJ_1012,5.8733
2026-04-01 05:00:00,OBJ_1001,0.0
2026-04-03 03:15:00,OBJ_1009,0.0
2026-04-03 16:30:00,OBJ_1001,3.1354
2026-04-02 14:45:00,OBJ_1002,7.1974
2026-04-02 12:00:00,OBJ_1006,4.1959
2026-04-02 11:30:00,OBJ_1001,3.6653
2026-04-01 04:15:00,OBJ_1008,3.3747
2026-04-02 02:45:00,OBJ_1002,7.1288
2026-04-02 23:30:00,OBJ_1005,0.8567
2026-04-01 22:00:00,OBJ_1008,4.3641
2026-04-02 12:00:00,OBJ_1011,-1.3504
2026-04-03 04:00:00,OBJ_1014,3.2808
2026-04-03 18:45:00,OBJ_1010,5.1048
2026-04-03 04:15:00,OBJ_1005,0.6968
2026-04-03 09:15:00,OBJ_1007,2.528
2026-04-03 23:15:00,OBJ_1002,3.9416
2026-04-03 13:00:00,OBJ_1014,2.7369
2026-04-02 09:15:00,OBJ_1009,3.6302
2026-04-01 03:00:00,OBJ_1001,0.0
2026-04-03 02:15:00,OBJ_1008,4.0675
2026-04-01 18:45:00,OBJ_1014,3.0525
2026-04-02 03:15:00,OBJ_1012,4.3363
2026-04-01 05:45:00,OBJ_1002,8.2613
2026-04-01 13:30:00,OBJ_1008,13.2663
2026-04-01 23:15:00,OBJ_1006,0.0
2026-04-02 02:30:00,OBJ_1010,5.3383
2026-04-01 14:45:00,OBJ_1014,2.7782
2026-04-02 00:45:00,OBJ_1007,3.0423
2026-04-03 17:15:00,OBJ_1014,3.1429
2026-04-01 05:15:00,OBJ_1001,0.0
2026-04-01 04:45:00,OBJ_1011,1.331
2026-04-01 13:30:00,OBJ_1002,6.7062
2026-04-02 11:15:00,OBJ_1012,15.3099
2026-04-01 02:15:00,OBJ_1007,4.5386
2026-04-01 09:45:00,OBJ_1010,3.3517
2026-04-03 00:30:00,OBJ_1010,4.3829
2026-04-03 17:00:00,OBJ_1007,4.5176
2026-04-02 15:15:00,OBJ_1006,3.7193
2026-04-02 02:30:00,OBJ_1008,3.2059
2026-04-03 19:45:00,OBJ_1009,0.2894
2026-04-02 14:45:00,OBJ_1007,4.9124
2026-04-03 05:00:00,OBJ_1008,3.5867
2026-04-03 06:15:00,OBJ_1001,0.2215
2026-04-02 20:30:00,OBJ_1012,16.9402
2026-04-03 14:45:00,OBJ_1010,6.2512
2026-04-02 08:45:00,OBJ_1002,5.2813
2026-04-01 10:30:00,OBJ_1014,1.4533
2026-04-02 06:00:00,OBJ_1001,0.0
2026-04-03 02:30:00,OBJ_1001,0.0
2026-04-02 22:45:00,OBJ_1009,0.0
2026-04-01 16:30:00,OBJ_1005,0.6161
2026-04-01 12:15:00,OBJ_1007,2.9759
2026-04-02 08:00:00,OBJ_1009,2.3067
2026-04-03 16:30:00,OBJ_1006,3.1367
2026-04-03 10:00:00,OBJ_1007,1.9591
2026-04-01 19:30:00,OBJ_1001,0.4357
2026-04-01 18:30:00,OBJ_1011,1.2982
2026-04-01 20:00:00,OBJ_1014,2.5424
2026-04-03 10:45:00,OBJ_1009,4.9584
2026-04-03 03:30:00,OBJ_1002,7.9176
2026-04-02 05:00:00,OBJ_1012,5.3131
2026-04-03 13:00:00,OBJ_1002,6.7168
2026-04-02 03:45:00,OBJ_1006,0.0
2026-04-02 23:30:00,OBJ_1011,1.193
2026-04-03 08:00:00,OBJ_1006,1.8868
2026-04-02 14:15:00,OBJ_1010,6.318
2026-04-01 12:45:00,OBJ_1007,3.7594
2026-04-01 12:15:00,OBJ_1010,4.8663
2026-04-02 18:00:00,OBJ_1009,2.5216
2026-04-03 21:00:00,OBJ_1014,1.7485
2026-04-02 07:45:00,OBJ_1010,5.0944
2026-04-02 13:00:00,OBJ_1002,6.2333
2026-04-03 20:15:00,OBJ_1005,0.9383
2026-04-01 23:00:00,OBJ_1007,2.4656
2026-04-03 17:30:00,OBJ_1001,2.1137
2026-04-03 22:15:00,OBJ_1006,0.0
2026-04-02 11:45:00,OBJ_1005,-1.1512
2026-04-02 22:45:00,OBJ_1010,2.5987
2026-04-02 05:45:00,OBJ_1012,4.2023
2026-04-03 08:15:00,OBJ_1010,4.222
2026-04-03 07:45:00,OBJ_1009,2.2105
2026-04-02 12:00:00,OBJ_1005,-0.9291
2026-04-03 15:45:00,OBJ_1001,3.5744
2026-04-01 11:45:00,OBJ_1011,-1.6525
2026-04-01 16:00:00,OBJ_1010,6.4735
2026-04-03 05:45:00,OBJ_1007,5.4524
2026-04-01 16:15:00,OBJ_1014,3.849
2026-04-03 18:15:00,OBJ_1012,12.0041
2026-04-03 15:15:00,OBJ_1011,1.368
2026-04-03 06:15:00,OBJ_1012,5.174
2026-04-03 14:45:00,OBJ_1011,-1.5119
2026-04-03 03:30:00,OBJ_1001,0.0
2026-04-01 04:30:00,OBJ_1001,0.0
2026-04-03 01:15:00,OBJ_1008,3.0494
2026-04-01 00:15:00,OBJ_1009,0.0
2026-04-02 22:15:00,OBJ_1011,1.357
2026-04-01 12:30:00,OBJ_1002,5.3513
2026-04-02 22:45:00,OBJ_1011,1.0569
2026-04-03 06:45:00,OBJ_1007,4.4058
2026-04-02 18:30:00,OBJ_1006,1.4245
2026-04-02 17:45:00,OBJ_1011,1.4106
2026-04-03 18:45:00,OBJ_1001,1.2197
2026-04-03 19:15:00,OBJ_1011,0.9194
2026-04-03 10:45:00,OBJ_1011,-1.447
2026-04-01 04:15:00,OBJ_1006,0.0
2026-04-02 14:30:00,OBJ_1006,3.8225
2026-04-01 10:00:00,OBJ_1002,3.702
2026-04-02 07:15:00,OBJ_1012,12.8256
2026-04-03 19:45:00,OBJ_1001,0.2413
2026-04-02 18:30:00,OBJ_1005,0.7208
2026-04-01 20:00:00,OBJ_1006,0.0
2026-04-02 12:30:00,OBJ_1006,3.8314
2026-04-01 11:00:00,OBJ_1014,1.8091
2026-04-01 17:15:00,OBJ_1012,12.7286
2026-04-01 18:00:00,OBJ_1014,3.2109
2026-04-03 08:45:00,OBJ_1008,11.2026
2026-04-01 23:30:00,OBJ_1010,3.4766
2026-04-01 09:45:00,OBJ_1012,14.7388
2026-04-03 20:30:00,OBJ_1011,1.4339
2026-04-01 13:00:00,OBJ_1006,4.3705
2026-04-02 21:45:00,OBJ_1006,0.0
2026-04-01 15:15:00,OBJ_1002,8.1854
2026-04-03 16:15:00,OBJ_1010,5.702
2026-04-03 17:30:00,OBJ_1006,2.0561
2026-04-02 10:45:00,OBJ_1005,-1.1666
2026-04-03 00:30:00,OBJ_1007,3.341
2026-04-03 02:45:00,OBJ_1014,2.7962
2026-04-02 03:00:00,OBJ_1010,6.4985
2026-04-03 10:45:00,OBJ_1014,1.6423
2026-04-02 09:00:00,OBJ_1005,0.8062
2026-04-02 07:45:00,OBJ_1002,5.5016
2026-04-01 00:00:00,OBJ_1011,1.1532
2026-04-01 20:30:00,OBJ_1009,0.0
2026-04-03 21:30:00,OBJ_1014,2.2528
2026-04-01 10:30:00,OBJ_1008,12.1228
2026-04-02 18:00:00,OBJ_1008,12.3148
2026-04-03 22:30:00,OBJ_1005,0.7552
2026-04-03 13:00:00,OBJ_1010,5.3466
2026-04-02 20:00:00,OBJ_1002,4.6783
2026-04-03 22:30:00,OBJ_1007,2.0585
2026-04-03 09:30:00,OBJ_1011,1.3703
2026-04-03 04:00:00,OBJ_1009,0.0
2026-04-02 06:45:00,OBJ_1009,0.9379
2026-04-02 18:15:00,OBJ_1005,0.8061
2026-04-01 20:45:00,OBJ_1001,0.0
2026-04-01 05:00:00,OBJ_1005,0.8169
2026-04-02 09:45:00,OBJ_1006,3.029
2026-04-02 07:30:00,OBJ_1014,3.0208
2026-04-02 18:15:00,OBJ_1012,13.5647
2026-04-03 12:45:00,OBJ_1011,-1.3002
2026-04-01 19:15:00,OBJ_1001,0.6765
2026-04-03 04:15:00,OBJ_1007,5.2005
2026-04-02 23:15:00,OBJ_1006,0.0
2026-04-02 04:15:00,OBJ_1007,5.4091
2026-04-03 11:15:00,OBJ_1007,3.0351
2026-04-03 09:30:00,OBJ_1008,12.0715
2026-04-03 08:00:00,OBJ_1014,2.212
2026-04-01 08:15:00,OBJ_1012,16.4517
2026-04-01 00:00:00,OBJ_1001,0.0
2026-04-03 03:00:00,OBJ_1008,3.652
2026-04-03 03:45:00,OBJ_1008,4.2247
2026-04-01 03:15:00,OBJ_1006,0.0
2026-04-02 14:15:00,OBJ_1008,12.577
2026-04-03 18:45:00,OBJ_1014,3.3943
2026-04-03 21:30:00,OBJ_1008,12.3851
2026-04-01 01:30:00,OBJ_1009,0.0
2026-04-03 12:45:00,OBJ_1006,3.9294
2026-04-03 22:15:00,OBJ_1009,0.0
2026-04-01 11:00:00,OBJ_1005,-0.9676
2026-04-02 05:15:00,OBJ_1010,5.8402
2026-04-02 17:30:00,OBJ_1008,11.2292
2026-04-02 22:15:00,OBJ_1009,0.0
2026-04-03 20:00:00,OBJ_1010,4.42
2026-04-02 17:30:00,OBJ_1012,17.2605
2026-04-03 05:15:00,OBJ_1007,5.4279
2026-04-03 18:15:00,OBJ_1002,7.5812
2026-04-03 23:30:00,OBJ_1001,0.0
2026-04-01 07:15:00,OBJ_1006,1.2104
2026-04-01 21:45:00,OBJ_1008,12.7009
2026-04-02 13:30:00,OBJ_1002,5.7253
2026-04-02 11:00:00,OBJ_1014,2.0572
2026-04-03 14:30:00,OBJ_1009,5.3722
2026-04-03 03:00:00,OBJ_1014,3.0526
2026-04-01 20:30:00,OBJ_1014,2.2959
2026-04-02 23:00:00,OBJ_1011,1.0328
2026-04-01 04:30:00,OBJ_1011,1.1406
2026-04-02 01:45:00,OBJ_1009,0.0
2026-04-02 06:45:00,OBJ_1005,0.6554
2026-04-01 22:15:00,OBJ_1010,3.0526
2026-04-02 05:45:00,OBJ_1007,4.802
2026-04-02 21:45:00,OBJ_1001,0.0
2026-04-01 06:45:00,OBJ_1012,4.6165
2026-04-01 15:15:00,OBJ_1009,5.2101
2026-04-02 22:00:00,OBJ_1009,0.0
2026-04-02 19:30:00,OBJ_1011,1.2079
2026-04-02 23:00:00,OBJ_1005,0.7878
2026-04-01 14:30:00,OBJ_1007,4.7445
2026-04-03 11:45:00,OBJ_1009,5.7261
2026-04-01 01:00:00,OBJ_1006,0.0
2026-04-01 05:00:00,OBJ_1006,0.0
2026-04-03 09:00:00,OBJ_1005,0.8062
2026-04-03 21:45:00,OBJ_1005,0.9363
2026-04-01 13:45:00,OBJ_1006,3.8329
2026-04-02 11:45:00,OBJ_1006,4.1816
2026-04-03 11:30:00,OBJ_1012,17.9213
2026-04-03 13:45:00,OBJ_1002,5.9042
2026-04-02 08:00:00,OBJ_1011,1.2986
2026-04-03 22:45:00,OBJ_1014,1.5043
2026-04-01 23:00:00,OBJ_1009,0.0
2026-04-03 17:45:00,OBJ_1011,1.1129
2026-04-02 16:15:00,OBJ_1002,6.9647
2026-04-01 08:45:00,OBJ_1008,13.0626
2026-04-03 09:30:00,OBJ_1005,0.8265
2026-04-03 17:15:00,OBJ_1011,1.133
2026-04-03 00:15:00,OBJ_1006,0.0
2026-04-02 07:15:00,OBJ_1014,2.6639
2026-04-03 14:15:00,OBJ_1007,4.841
2026-04-01 20:45:00,OBJ_1007,3.6797
2026-04-03 04:30:00,OBJ_1007,4.7026
2026-04-03 05:30:00,OBJ_1010,6.2809
2026-04-03 00:45:00,OBJ_1007,3.0426
2026-04-03 15:00:00,OBJ_1007,5.2243
2026-04-01 01:00:00,OBJ_1009,0.0
2026-04-02 05:15:00,OBJ_1001,0.0
2026-04-03 12:45:00,OBJ_1012,12.7616
2026-04-02 00:15:00,OBJ_1007,3.3969
2026-04-01 05:45:00,OBJ_1009,0.0
2026-04-01 04:15:00,OBJ_1002,6.6984
2026-04-02 17:00:00,OBJ_1002,6.4061
2026-04-02 14:15:00,OBJ_1002,7.084
2026-04-01 10:30:00,OBJ_1001,3.394
2026-04-02 21:15:00,OBJ_1011,1.0811
2026-04-02 20:45:00,OBJ_1012,12.0939
2026-04-01 12:00:00,OBJ_1010,4.6311
2026-04-01 02:30:00,OBJ_1011,1.2654
2026-04-03 08:45:00,OBJ_1010,4.1522
2026-04-03 21:45:00,OBJ_1010,3.5844
2026-04-02 11:15:00,OBJ_1007,2.9897
2026-04-03 08:45:00,OBJ_1009,3.2519
2026-04-01 16:45:00,OBJ_1008,10.4841
2026-04-02 16:45:00,OBJ_1002,7.7607
2026-04-03 15:00:00,OBJ_1009,5.0554
2026-04-03 04:45:00,OBJ_1012,4.0211
2026-04-02 20:45:00,OBJ_1011,1.4303
2026-04-03 06:45:00,OBJ_1014,3.1823
2026-04-02 14:30:00,OBJ_1014,2.7899
2026-04-01 09:30:00,OBJ_1009,3.9209
2026-04-01 14:45:00,OBJ_1006,4.1207
2026-04-01 05:15:00,OBJ_1012,4.8384
2026-04-01 12:15:00,OBJ_1006,3.8429
2026-04-01 10:30:00,OBJ_1002,3.0817
2026-04-01 15:30:00,OBJ_1002,6.3084
2026-04-03 12:15:00,OBJ_1009,5.3746
2026-04-02 15:15:00,OBJ_1001,3.7739
2026-04-02 20:30:00,OBJ_1001,0.0
2026-04-02 11:45:00,OBJ_1009,5.7363
2026-04-02 01:15:00,OBJ_1005,0.6897
2026-04-02 18:15:00,OBJ_1014,2.8963
2026-04-02 13:15:00,OBJ_1001,4.1334
2026-04-02 13:15:00,OBJ_1005,-0.8992
2026-04-03 17:30:00,OBJ_1007,5.498
2026-04-03 21:30:00,OBJ_1006,0.0
2026-04-03 19:00:00,OBJ_1007,4.3543
2026-04-02 10:30:00,OBJ_1011,-1.3571
2026-04-01 08:30:00,OBJ_1009,3.058
2026-04-02 00:45:00,OBJ_1012,5.1729
2026-04-03 09:45:00,OBJ_1008,12.0987
2026-04-02 16:30:00,OBJ_1014,3.4053
2026-04-02 09:15:00,OBJ_1002,3.8676
2026-04-02 06:30:00,OBJ_1007,5.1394
2026-04-01 15:45:00,OBJ_1008,10.9131
2026-04-03 12:00:00,OBJ_1014,2.4451
2026-04-03 13:45:00,OBJ_1001,3.9851
2026-04-01 12:45:00,OBJ_1008,9.4749
2026-04-01 00:45:00,OBJ_1009,0.0
2026-04-03 19:15:00,OBJ_1007,4.655
2026-04-01 08:45:00,OBJ_1007,3.737
2026-04-03 18:15:00,OBJ_1006,1.5436
2026-04-02 15:30:00,OBJ_1009,5.0198
2026-04-02 05:00:00,OBJ_1007,4.223
2026-04-03 15:00:00,OBJ_1001,4.0389
2026-04-02 09:30:00,OBJ_1002,4.7052
2026-04-02 03:00:00,OBJ_1005,0.8838
2026-04-03 17:15:00,OBJ_1005,0.9128
2026-04-01 16:15:00,OBJ_1001,2.8926
2026-04-01 09:15:00,OBJ_1002,4.497
2026-04-01 04:30:00,OBJ_1010,5.6232
2026-04-02 19:00:00,OBJ_1012,16.5284
2026-04-02 00:30:00,OBJ_1006,0.0
2026-04-02 03:30:00,OBJ_1005,0.9624
2026-04-02 18:30:00,OBJ_1001,1.4314
2026-04-01 21:30:00,OBJ_1001,0.0
2026-04-03 11:45:00,OBJ_1014,1.769
2026-04-01 23:45:00,OBJ_1006,0.0
2026-04-01 09:15:00,OBJ_1010,3.3
2026-04-01 06:45:00,OBJ_1014,3.4903
2026-04-03 17:30:00,OBJ_1011,1.4844
2026-04-01 08:15:00,OBJ_1008,9.0076
2026-04-01 13:45:00,OBJ_1008,12.113
2026-04-02 21:45:00,OBJ_1014,2.1035
2026-04-03 14:15:00,OBJ_1002,6.6673
2026-04-03 05:15:00,OBJ_1011,1.0241
2026-04-01 10:15:00,OBJ_1002,3.2256
2026-04-01 08:15:00,OBJ_1002,5.1602
2026-04-03 21:45:00,OBJ_1011,1.429
2026-04-01 01:00:00,OBJ_1011,1.0602
2026-04-01 00:15:00,OBJ_1001,0.0
2026-04-01 21:45:00,OBJ_1006,0.0
2026-04-02 06:45:00,OBJ_1002,7.4242
2026-04-02 20:30:00,OBJ_1014,2.2689
2026-04-03 16:00:00,OBJ_1005,0.7618
2026-04-01 19:15:00,OBJ_1006,0.7393
2026-04-02 22:00:00,OBJ_1012,5.8445
2026-04-03 03:00:00,OBJ_1002,6.4392
2026-04-01 03:30:00,OBJ_1010,6.2076
2026-04-01 14:45:00,OBJ_1010,4.9308
2026-04-02 03:15:00,OBJ_1014,3.3007
2026-04-02 14:00:00,OBJ_1009,5.4575
2026-04-02 09:15:00,OBJ_1006,2.9489
2026-04-01 18:45:00,OBJ_1002,5.9316
2026-04-03 00:30:00,OBJ_1011,1.4941
2026-04-02 00:15:00,OBJ_1014,2.5485
2026-04-01 18:30:00,OBJ_1007,4.8759
2026-04-03 23:00:00,OBJ_1007,2.8466
2026-04-01 18:15:00,OBJ_1014,3.3099
2026-04-02 22:15:00,OBJ_1006,0.0
2026-04-01 09:45:00,OBJ_1009,3.8365
2026-04-01 10:30:00,OBJ_1007,1.9998
2026-04-03 23:00:00,OBJ_1006,0.0
2026-04-03 21:00:00,OBJ_1011,1.0025
2026-04-03 09:30:00,OBJ_1001,2.8659
2026-04-03 23:00:00,OBJ_1014,1.6479
2026-04-01 09:45:00,OBJ_1001,3.2397
2026-04-02 14:45:00,OBJ_1014,3.241
2026-04-01 12:45:00,OBJ_1001,4.0687
2026-04-03 17:00:00,OBJ_1014,3.6005
2026-04-03 08:15:00,OBJ_1008,10.2649
2026-04-03 09:45:00,OBJ_1012,17.5964
2026-04-02 01:00:00,OBJ_1008,4.3021
2026-04-03 19:15:00,OBJ_1001,0.7186
2026-04-03 23:00:00,OBJ_1012,5.3873
2026-04-01 09:15:00,OBJ_1009,3.5331
2026-04-03 13:30:00,OBJ_1007,3.6295
2026-04-02 15:00:00,OBJ_1010,6.7819
2026-04-02 04:00:00,OBJ_1002,8.1136
2026-04-01 00:45:00,OBJ_1008,4.2926
2026-04-03 10:30:00,OBJ_1010,2.9191
2026-04-03 15:45:00,OBJ_1006,3.5797
2026-04-03 16:30:00,OBJ_1012,15.4433
2026-04-01 19:00:00,OBJ_1008,12.1172
2026-04-01 14:15:00,OBJ_1001,3.8159
2026-04-03 17:15:00,OBJ_1006,2.3537
2026-04-02 20:00:00,OBJ_1010,5.0537
2026-04-01 23:30:00,OBJ_1002,4.4841
2026-04-03 02:45:00,OBJ_1011,1.4869
2026-04-01 11:30:00,OBJ_1001,3.6968
2026-04-02 11:15:00,OBJ_1009,5.1724
2026-04-02 17:15:00,OBJ_1007,4.2555
2026-04-02 14:45:00,OBJ_1005,-0.9197
2026-04-01 10:45:00,OBJ_1002,3.175
2026-04-03 16:00:00,OBJ_1012,12.0717
2026-04-01 04:15:00,OBJ_1014,2.9357
2026-04-01 01:45:00,OBJ_1006,0.0
2026-04-03 12:45:00,OBJ_1007,3.888
2026-04-03 23:00:00,OBJ_1001,0.0
2026-04-03 13:30:00,OBJ_1008,13.1902
2026-04-01 04:15:00,OBJ_1012,5.1007
2026-04-03 23:00:00,OBJ_1008,3.0562
2026-04-01 04:30:00,OBJ_1002,8.0544
2026-04-03 10:00:00,OBJ_1001,3.336
2026-04-03 01:45:00,OBJ_1002,6.4364
2026-04-01 23:45:00,OBJ_1005,0.8015
2026-04-03 11:30:00,OBJ_1007,2.4552
2026-04-02 10:45:00,OBJ_1010,3.016
2026-04-01 03:15:00,OBJ_1014,3.3074
2026-04-03 12:30:00,OBJ_1005,-1.1386
2026-04-03 22:45:00,OBJ_1002,3.1697
2026-04-02 10:00:00,OBJ_1008,13.2876
2026-04-01 11:15:00,OBJ_1012,12.1626
2026-04-01 15:30:00,OBJ_1014,3.4671
2026-04-02 22:45:00,OBJ_1012,5.0256
2026-04-03 06:45:00,OBJ_1009,0.9501
2026-04-01 02:00:00,OBJ_1002,5.865
2026-04-01 19:30:00,OBJ_1010,5.594
2026-04-01 12:00:00,OBJ_1012,15.6435
2026-04-01 20:45:00,OBJ_1008,12.0499
2026-04-01 21:15:00,OBJ_1001,0.0
2026-04-01 01:45:00,OBJ_1002,5.6426
2026-04-03 20:00:00,OBJ_1002,6.0503
2026-04-01 15:15:00,OBJ_1007,4.9367
2026-04-03 22:30:00,OBJ_1012,5.2461
2026-04-02 09:15:00,OBJ_1011,1.1977
2026-04-02 21:30:00,OBJ_1008,13.1021
2026-04-03 20:30:00,OBJ_1012,12.9426
2026-04-01 12:15:00,OBJ_1012,16.2901
2026-04-03 15:45:00,OBJ_1011,1.2081
2026-04-03 20:00:00,OBJ_1007,3.4336
2026-04-02 07:15:00,OBJ_1011,1.3748
2026-04-03 00:45:00,OBJ_1002,5.3904
2026-04-03 07:30:00,OBJ_1001,1.3008
2026-04-03 00:15:00,OBJ_1011,0.9642
2026-04-02 18:15:00,OBJ_1011,1.0488
2026-04-02 03:00:00,OBJ_1006,0.0
2026-04-02 03:45:00,OBJ_1001,0.0
2026-04-01 04:15:00,OBJ_1001,0.0
2026-04-01 06:00:00,OBJ_1006,0.0
2026-04-01 15:30:00,OBJ_1005,0.6011
2026-04-02 04:15:00,OBJ_1014,3.649
2026-04-03 06:45:00,OBJ_1005,0.7673
2026-04-02 22:45:00,OBJ_1007,2.3366
2026-04-02 11:30:00,OBJ_1012,15.854
2026-04-01 09:30:00,OBJ_1005,0.7658
2026-04-01 12:00:00,OBJ_1001,3.7425
2026-04-02 05:00:00,OBJ_1005,0.9157
2026-04-01 02:15:00,OBJ_9999,0.0
2026-04-03 16:30:00,OBJ_1005,0.6515
2026-04-01 21:00:00,OBJ_1005,0.7763
2026-04-01 23:00:00,OBJ_1010,3.7123
2026-04-03 10:15:00,OBJ_1006,3.244
2026-04-01 00:15:00,OBJ_1008,3.3307
2026-04-03 14:45:00,OBJ_1014,2.9752
2026-04-01 01:30:00,OBJ_1010,4.7739
2026-04-01 17:30:00,OBJ_1014,3.6289
2026-04-03 01:15:00,OBJ_1011,1.4769
2026-04-02 05:45:00,OBJ_1014,3.5709
2026-04-01 01:15:00,OBJ_1005,0.8917
2026-04-02 10:30:00,OBJ_1014,1.4663
2026-04-01 18:30:00,OBJ_1005,0.9102
2026-04-03 01:30:00,OBJ_1011,1.099
2026-04-01 03:30:00,OBJ_1001,0.0
2026-04-03 20:15:00,OBJ_1007,3.3726
2026-04-02 11:30:00,OBJ_1011,-1.7834
2026-04-02 20:15:00,OBJ_1011,1.1087
2026-04-02 15:45:00,OBJ_1011,1.1126
2026-04-02 13:30:00,OBJ_1005,-1.1052
2026-04-02 15:45:00,OBJ_1012,16.6319
2026-04-03 10:45:00,OBJ_1012,16.1194
2026-04-02 16:15:00,OBJ_1008,10.2306
2026-04-03 09:00:00,OBJ_1011,0.9015
2026-04-01 12:00:00,OBJ_1005,-0.8505
2026-04-01 08:00:00,OBJ_1011,1.3371
2026-04-02 21:30:00,OBJ_1006,0.0
2026-04-01 14:30:00,OBJ_1014,3.0607
2026-04-03 05:30:00,OBJ_1009,0.0
2026-04-01 15:30:00,OBJ_1011,1.3218
2026-04-01 19:15:00,OBJ_1014,2.7832
2026-04-02 01:15:00,OBJ_1012,5.6903
2026-04-02 18:00:00,OBJ_1006,1.735
2026-04-01 00:15:00,OBJ_1011,0.9039
2026-04-01 05:15:00,OBJ_1009,0.0
2026-04-03 21:00:00,OBJ_1008,11.701
2026-04-02 05:00:00,OBJ_1010,5.6545
2026-04-01 16:15:00,OBJ_1012,17.7047
2026-04-03 10:30:00,OBJ_1014,1.6989
2026-04-02 06:45:00,OBJ_1012,5.7023
2026-04-02 21:15:00,OBJ_1009,0.0
2026-04-01 07:30:00,OBJ_1002,5.7767
2026-04-01 16:45:00,OBJ_1002,7.0296
2026-04-03 18:30:00,OBJ_1008,10.4561
2026-04-02 05:15:00,OBJ_1011,1.257
2026-04-01 13:15:00,OBJ_1006,4.1322
2026-04-02 18:30:00,OBJ_1007,3.9211
2026-04-03 05:00:00,OBJ_1001,0.0
2026-04-02 14:00:00,OBJ_1007,4.5813
2026-04-02 07:45:00,OBJ_1009,2.2251
2026-04-01 18:30:00,OBJ_1009,1.9256
2026-04-01 12:45:00,OBJ_1002,5.1724
2026-04-01 14:00:00,OBJ_1002,6.4111
2026-04-01 05:00:00,OBJ_1002,7.395
2026-04-02 14:15:00,OBJ_1012,13.1943
2026-04-03 23:00:00,OBJ_1005,0.7532
2026-04-03 01:15:00,OBJ_1006,0.0
2026-04-02 11:30:00,OBJ_1002,3.9154
2026-04-03 22:30:00,OBJ_1001,0.0
2026-04-01 11:00:00,OBJ_1009,4.7738
2026-04-02 22:30:00,OBJ_1006,0.0
2026-04-01 18:00:00,OBJ_1007,4.4465
2026-04-02 19:45:00,OBJ_1012,12.3826
2026-04-01 06:30:00,OBJ_1008,4.1567
2026-04-03 09:45:00,OBJ_1002,4.2598
2026-04-03 06:00:00,OBJ_1001,0.0
2026-04-03 06:15:00,OBJ_1006,0.2244
2026-04-03 11:00:00,OBJ_1005,-1.101
2026-04-01 04:45:00,OBJ_1014,3.1726
2026-04-02 19:45:00,OBJ_1005,0.8893
2026-04-01 10:45:00,OBJ_1012,14.1106
2026-04-02 19:00:00,OBJ_1010,4.7426
2026-04-02 03:15:00,OBJ_1008,3.5937
2026-04-03 06:30:00,OBJ_1001,0.4922
2026-04-02 00:15:00,OBJ_1001,0.0
2026-04-02 10:30:00,OBJ_1007,2.3119
2026-04-02 06:45:00,OBJ_1007,4.7411
2026-04-02 15:00:00,OBJ_1009,4.9798
2026-04-02 04:30:00,OBJ_1006,0.0
2026-04-03 21:15:00,OBJ_1002,4.0952
2026-04-01 20:45:00,OBJ_1002,5.4984
2026-04-02 09:00:00,OBJ_1006,2.8011
2026-04-03 22:00:00,OBJ_1005,0.8008
2026-04-01 08:15:00,OBJ_1005,0.8306
2026-04-03 12:45:00,OBJ_1010,4.5744
2026-04-02 07:00:00,OBJ_1014,2.4746
2026-04-03 15:15:00,OBJ_1002,7.7972
2026-04-01 17:00:00,OBJ_1002,6.8482
2026-04-03 04:00:00,OBJ_1002,7.454
2026-04-03 19:30:00,OBJ_1001,0.5014
2026-04-01 01:45:00,OBJ_9999,0.0
2026-04-03 20:45:00,OBJ_1012,15.4306
2026-04-01 11:45:00,OBJ_1010,3.6005
2026-04-02 19:45:00,OBJ_1006,0.2295
2026-04-01 09:00:00,OBJ_1006,2.5805
2026-04-02 03:15:00,OBJ_1007,4.8195
2026-04-01 16:45:00,OBJ_1007,5.4
2026-04-03 03:45:00,OBJ_1012,5.1845
2026-04-03 13:00:00,OBJ_1012,12.4624
2026-04-01 15:45:00,OBJ_1006,3.4835
2026-04-02 03:45:00,OBJ_1011,1.4545
2026-04-02 23:00:00,OBJ_1012,4.2918
2026-04-02 09:15:00,OBJ_1008,13.0259
2026-04-03 14:30:00,OBJ_1002,6.4411
2026-04-02 20:15:00,OBJ_1002,5.8987
2026-04-03 11:15:00,OBJ_1010,3.4683
2026-04-03 01:45:00,OBJ_1001,0.0
2026-04-03 15:45:00,OBJ_1009,4.3416
2026-04-01 20:30:00,OBJ_1011,1.198
2026-04-03 18:15:00,OBJ_1009,2.0318
2026-04-03 19:30:00,OBJ_1008,12.354
2026-04-02 07:45:00,OBJ_1011,0.9665
2026-04-01 17:30:00,OBJ_1010,6.7371
2026-04-01 01:30:00,OBJ_1003,1.7996
2026-04-03 17:45:00,OBJ_1010,6.5382
2026-04-03 06:15:00,OBJ_1002,6.496
2026-04-01 03:15:00,OBJ_1002,7.0224
2026-04-03 20:30:00,OBJ_1006,0.0
2026-04-02 12:00:00,OBJ_1009,5.7574
2026-04-02 13:30:00,OBJ_1010,4.3541
2026-04-02 14:45:00,OBJ_1012,14.2101
2026-04-02 00:00:00,OBJ_1009,0.0
2026-04-02 03:30:00,OBJ_1001,0.0
2026-04-02 22:15:00,OBJ_1005,0.6762
2026-04-03 13:00:00,OBJ_1001,4.0064
2026-04-01 02:15:00,OBJ_1008,3.4002
2026-04-03 19:00:00,OBJ_1009,1.2925
2026-04-01 13:00:00,OBJ_1002,6.8534
2026-04-03 15:15:00,OBJ_1008,10.2238
2026-04-02 05:45:00,OBJ_1001,0.0
2026-04-03 13:15:00,OBJ_1014,2.4113
2026-04-02 13:30:00,OBJ_1008,11.2444
2026-04-03 07:45:00,OBJ_1007,3.6574
2026-04-01 05:15:00,OBJ_1002,7.4278
2026-04-01 22:15:00,OBJ_1008,4.0057
2026-04-03 00:00:00,OBJ_1009,0.0
2026-04-01 13:45:00,OBJ_1012,15.1855
2026-04-01 17:30:00,OBJ_1002,6.6928
2026-04-02 03:45:00,OBJ_1005,0.6709
2026-04-01 00:45:00,OBJ_1001,
2026-04-03 18:00:00,OBJ_1011,1.2382
2026-04-03 13:00:00,OBJ_1006,3.8448
2026-04-02 00:15:00,OBJ_1005,0.9979
2026-04-02 01:45:00,OBJ_1002,6.6882
2026-04-02 06:15:00,OBJ_1001,0.2207
2026-04-03 11:30:00,OBJ_1008,11.2481
2026-04-02 01:30:00,OBJ_1014,2.6456
2026-04-02 07:15:00,OBJ_1005,0.9978
2026-04-01 05:45:00,OBJ_1011,1.4276
2026-04-02 20:45:00,OBJ_1007,3.1634
2026-04-01 10:00:00,OBJ_1005,-1.0382
2026-04-03 15:30:00,OBJ_1012,12.9457
2026-04-02 03:45:00,OBJ_1002,7.4991
2026-04-02 02:15:00,OBJ_1005,0.7093
2026-04-03 08:30:00,OBJ_1011,1.4202
2026-04-03 07:15:00,OBJ_1002,6.5157
2026-04-03 23:45:00,OBJ_1007,3.0503
2026-04-03 04:15:00,OBJ_1001,0.0
2026-04-02 10:45:00,OBJ_1006,3.6379
2026-04-03 13:30:00,OBJ_1010,5.1169
2026-04-02 23:30:00,OBJ_1008,4.1925
2026-04-01 00:30:00,OBJ_1011,1.3843
2026-04-01 09:30:00,OBJ_1002,3.8037
2026-04-03 06:15:00,OBJ_1010,5.8544
2026-04-02 12:45:00,OBJ_1012,14.6376
2026-04-03 10:00:00,OBJ_1005,-0.9487
2026-04-03 00:15:00,OBJ_1012,4.1926
2026-04-03 15:00:00,OBJ_1002,6.3286
2026-04-02 04:00:00,OBJ_1008,3.6633
2026-04-02 19:15:00,OBJ_1011,1.2436
2026-04-01 20:15:00,OBJ_1005,0.9381
2026-04-01 23:15:00,OBJ_1012,5.3221
2026-04-02 18:30:00,OBJ_1014,3.0484
2026-04-02 08:15:00,OBJ_1012,13.5219
2026-04-02 11:00:00,OBJ_1005,-0.939
2026-04-02 15:15:00,OBJ_1011,0.9189
2026-04-02 01:30:00,OBJ_1008,4.2442
2026-04-03 11:45:00,OBJ_1006,3.9125
2026-04-03 18:00:00,OBJ_1002,7.0165
2026-04-03 18:15:00,OBJ_1007,4.5448
2026-04-02 04:15:00,OBJ_1011,1.1776
2026-04-03 08:30:00,OBJ_1008,12.5356
2026-04-01 23:15:00,OBJ_1014,1.6408
2026-04-01 20:45:00,OBJ_1006,0.0
2026-04-01 00:45:00,OBJ_1002,4.9844
2026-04-03 07:45:00,OBJ_1012,14.6984
2026-04-01 16:00:00,OBJ_1008,9.5596
2026-04-01 00:45:00,OBJ_1003,1.7542
2026-04-01 12:15:00,OBJ_1005,-1.1859
2026-04-02 20:00:00,OBJ_1008,12.4604
2026-04-01 00:45:00,OBJ_1006,0.0
2026-04-03 15:30:00,OBJ_1001,3.3327
2026-04-03 23:15:00,OBJ_1011,1.0818
2026-04-01 01:45:00,OBJ_1008,3.8769
2026-04-02 23:45:00,OBJ_1002,3.6189
2026-04-02 14:00:00,OBJ_1008,9.8759
2026-04-03 12:30:00,OBJ_1009,5.4734
2026-04-02 01:00:00,OBJ_1005,0.7414
2026-04-01 19:00:00,OBJ_1014,2.7394
2026-04-03 15:00:00,OBJ_1006,3.5274
2026-04-01 20:45:00,OBJ_1012,15.7695
2026-04-03 12:15:00,OBJ_1001,3.9556
2026-04-01 20:30:00,OBJ_1007,3.7456
2026-04-01 19:45:00,OBJ_1011,1.4477
2026-04-03 05:15:00,OBJ_1001,0.0
2026-04-01 15:00:00,OBJ_1010,5.5145
2026-04-01 04:30:00,OBJ_1008,3.2495
2026-04-02 11:45:00,OBJ_1014,1.6942
2026-04-01 02:30:00,OBJ_1005,0.8002
2026-04-02 02:30:00,OBJ_1002,6.9279
2026-04-01 08:15:00,OBJ_1010,4.4949
2026-04-03 16:00:00,OBJ_1008,10.1243
2026-04-03 21:30:00,OBJ_1012,15.2487
2026-04-02 00:00:00,OBJ_1006,0.0
2026-04-01 15:00:00,OBJ_1012,14.7031
2026-04-02 08:00:00,OBJ_1005,0.6968
2026-04-02 08:30:00,OBJ_1005,0.8932
2026-04-03 03:15:00,OBJ_1006,0.0
2026-04-03 06:30:00,OBJ_1008,3.9217
