timestamp,object_id,forecast_mwh
2026-04-01 18:15:00,OBJ_1011,1.3813
2026-04-02 12:30:00,OBJ_1010,5.0375
2026-04-02 04:15:00,OBJ_1012,5.2409
2026-04-03 11:00:00,OBJ_1001,3.7256
2026-04-01 11:15:00,OBJ_1007,3.0532
2026-04-03 14:15:00,OBJ_1012,12.7289
2026-04-01 02:15:00,OBJ_1014,2.9693
2026-04-02 13:15:00,OBJ_1014,2.9314
2026-04-01 09:30:00,OBJ_1004,1.1509
2026-04-01 10:45:00,OBJ_1010,2.8084
2026-04-02 15:00:00,OBJ_1001,3.9561
2026-04-02 05:15:00,OBJ_1009,0.0
2026-04-02 11:15:00,OBJ_1014,1.7067
2026-04-01 04:30:00,OBJ_1002,7.368
2026-04-03 10:30:00,OBJ_1005,-1.1478
2026-04-01 05:45:00,OBJ_1006,0.0
2026-04-02 07:45:00,OBJ_1002,6.158
2026-04-03 14:15:00,OBJ_1005,-1.1045
2026-04-03 03:30:00,OBJ_1007,4.6274
2026-04-02 19:00:00,OBJ_1011,1.0904
2026-04-01 13:00:00,OBJ_1011,-1.521
2026-04-01 16:00:00,OBJ_1001,3.0442
2026-04-01 03:00:00,OBJ_1002,7.4331
2026-04-01 18:00:00,OBJ_1006,1.668
2026-04-02 17:00:00,OBJ_1004,1.3003
2026-04-02 11:30:00,OBJ_1012,13.1235
2026-04-03 09:30:00,OBJ_1008,8.8921
2026-04-01 12:00:00,OBJ_1001,3.8185
2026-04-03 15:30:00,OBJ_1005,0.9283
2026-04-02 20:45:00,OBJ_1007,3.3879
2026-04-03 10:15:00,OBJ_1012,14.1642
2026-04-02 18:30:00,OBJ_1011,1.0459
2026-04-02 01:30:00,OBJ_1014,2.3394
2026-04-02 11:00:00,OBJ_1009,5.2657
2026-04-01 10:30:00,OBJ_1005,-1.1654
2026-04-03 08:30:00,OBJ_1002,4.6342
2026-04-01 17:00:00,OBJ_1007,4.653
2026-04-03 04:00:00,OBJ_1004,1.1418
2026-04-01 02:15:00,OBJ_1009,0.0
2026-04-01 01:00:00,OBJ_1011,1.1959
2026-04-02 05:30:00,OBJ_1012,4.1816
2026-04-03 01:45:00,OBJ_1014,2.4615
2026-04-02 11:00:00,OBJ_1014,1.6915
2026-04-03 10:30:00,OBJ_1011,-1.5533
2026-04-01 08:00:00,OBJ_1009,2.318
2026-04-02 14:00:00,OBJ_1014,3.4673
2026-04-02 09:45:00,OBJ_1004,1.2368
2026-04-03 17:15:00,OBJ_1006,2.3308
2026-04-03 11:15:00,OBJ_1007,2.6331
2026-04-01 18:45:00,OBJ_1002,6.3085
2026-04-03 09:45:00,OBJ_1006,2.9929
2026-04-03 13:30:00,OBJ_1006,3.7906
2026-04-01 11:00:00,OBJ_1014,1.9147
2026-04-02 17:15:00,OBJ_1004,1.0798
2026-04-01 14:45:00,OBJ_1006,3.5557
2026-04-02 04:45:00,OBJ_1007,4.6321
2026-04-03 21:45:00,OBJ_1007,2.9202
2026-04-01 13:45:00,OBJ_1004,1.3354
2026-04-02 21:45:00,OBJ_1008,10.2142
2026-04-01 12:15:00,OBJ_1012,16.321
2026-04-01 10:45:00,OBJ_1005,-0.764
2026-04-03 09:15:00,OBJ_1014,1.7687
2026-04-02 00:00:00,OBJ_1012,5.9073
2026-04-03 09:00:00,OBJ_1010,3.209
2026-04-02 15:45:00,OBJ_1004,1.0855
2026-04-03 09:30:00,OBJ_1006,3.208
2026-04-02 05:30:00,OBJ_1008,3.9509
2026-04-02 00:30:00,OBJ_1002,5.1584
2026-04-02 11:15:00,OBJ_1008,11.4514
2026-04-01 01:45:00,OBJ_1008,3.6221
2026-04-02 04:00:00,OBJ_1004,0.9724
2026-04-03 23:00:00,OBJ_1011,1.4886
2026-04-02 02:45:00,OBJ_1006,0.0
2026-04-02 21:15:00,OBJ_1006,0.0
2026-04-03 21:00:00,OBJ_1008,9.0057
2026-04-02 04:00:00,OBJ_1008,3.3931
2026-04-03 02:30:00,OBJ_1006,0.0
2026-04-01 12:30:00,OBJ_1009,5.4837
2026-04-03 07:30:00,OBJ_1007,4.9759
2026-04-02 11:45:00,OBJ_1002,4.24
2026-04-01 01:30:00,OBJ_1008,3.4464
2026-04-01 13:15:00,OBJ_1014,3.1652
2026-04-03 07:00:00,OBJ_1011,1.3434
2026-04-01 04:30:00,OBJ_1014,2.961
2026-04-02 03:30:00,OBJ_1004,1.3489
2026-04-01 20:00:00,OBJ_1009,0.0
2026-04-03 08:00:00,OBJ_1011,0.9356
2026-04-02 22:00:00,OBJ_1006,0.0
2026-04-03 01:45:00,OBJ_1012,4.702
2026-04-03 01:00:00,OBJ_1010,5.8178
2026-04-03 22:45:00,OBJ_1008,3.1385
2026-04-02 18:15:00,OBJ_1005,0.5888
2026-04-03 12:15:00,OBJ_1002,5.9684
2026-04-02 01:15:00,OBJ_1002,6.336
2026-04-01 05:45:00,OBJ_1002,6.1535
2026-04-02 23:15:00,OBJ_1014,1.8976
2026-04-03 21:30:00,OBJ_1009,0.0
2026-04-02 12:30:00,OBJ_1007,3.6124
2026-04-03 11:45:00,OBJ_1007,2.7989
2026-04-01 10:30:00,OBJ_1010,2.6069
2026-04-02 00:45:00,OBJ_1005,0.723
2026-04-03 19:30:00,OBJ_1010,5.4318
2026-04-03 05:00:00,OBJ_1012,4.906
2026-04-03 21:45:00,OBJ_1012,17.0289
2026-04-02 01:15:00,OBJ_1004,1.1599
2026-04-01 05:00:00,OBJ_1006,0.0
2026-04-01 12:30:00,OBJ_1004,1.1633
2026-04-02 22:00:00,OBJ_1010,2.6439
2026-04-02 22:30:00,OBJ_1012,5.5697
2026-04-02 21:45:00,OBJ_1007,2.4138
2026-04-01 00:45:00,OBJ_1005,0.6913
2026-04-02 04:45:00,OBJ_1012,4.868
2026-04-02 22:30:00,OBJ_1004,1.1928
2026-04-03 15:15:00,OBJ_1006,3.7299
2026-04-03 04:00:00,OBJ_1010,6.5754
2026-04-02 13:30:00,OBJ_1004,1.3387
2026-04-01 03:30:00,OBJ_1012,4.3991
2026-04-01 06:00:00,OBJ_1008,3.7923
2026-04-01 12:15:00,OBJ_1008,10.7818
2026-04-01 11:00:00,OBJ_1004,1.2482
2026-04-02 20:30:00,OBJ_1001,0.0
2026-04-01 09:45:00,OBJ_1012,11.9651
2026-04-01 09:45:00,OBJ_1008,12.8258
2026-04-01 02:45:00,OBJ_1004,1.1722
2026-04-02 19:00:00,OBJ_1002,7.3046
2026-04-02 03:00:00,OBJ_1008,4.2997
2026-04-02 01:30:00,OBJ_1011,1.3418
2026-04-03 21:00:00,OBJ_1014,1.7513
2026-04-03 00:00:00,OBJ_1010,4.394
2026-04-03 19:00:00,OBJ_1001,0.9786
2026-04-01 09:45:00,OBJ_1014,1.7071
2026-04-02 19:45:00,OBJ_1007,3.9665
2026-04-01 02:30:00,OBJ_1004,1.274
2026-04-03 15:00:00,OBJ_1014,3.8081
2026-04-02 18:45:00,OBJ_1005,0.5584
2026-04-01 06:45:00,OBJ_1001,0.821
2026-04-03 05:00:00,OBJ_1014,3.8329
2026-04-02 02:30:00,OBJ_1005,0.9484
2026-04-03 11:00:00,OBJ_1014,1.8847
2026-04-01 17:30:00,OBJ_1009,3.1083
2026-04-02 12:15:00,OBJ_1004,1.0134
2026-04-02 12:15:00,OBJ_1001,4.39
2026-04-03 22:45:00,OBJ_1005,0.8743
2026-04-02 13:00:00,OBJ_1008,12.1309
2026-04-03 05:00:00,OBJ_1007,5.1816
2026-04-02 20:30:00,OBJ_1006,0.0
2026-04-02 11:00:00,OBJ_1005,-1.1321
2026-04-02 00:15:00,OBJ_1006,0.0
2026-04-03 20:15:00,OBJ_1014,2.4215
2026-04-02 07:30:00,OBJ_1012,12.5469
2026-04-02 06:45:00,OBJ_1002,8.0087
2026-04-03 05:15:00,OBJ_1007,4.6195
2026-04-03 23:30:00,OBJ_1010,3.1004
2026-04-02 20:45:00,OBJ_1008,11.3233
2026-04-02 10:00:00,OBJ_1010,2.9556
2026-04-02 10:00:00,OBJ_1012,13.0538
2026-04-03 08:30:00,OBJ_1005,0.8719
2026-04-03 23:30:00,OBJ_1014,1.7897
2026-04-02 00:45:00,OBJ_1009,0.0
2026-04-02 12:15:00,OBJ_1008,11.1999
2026-04-03 18:30:00,OBJ_1014,2.6867
2026-04-02 09:45:00,OBJ_1012,12.7597
2026-04-02 16:15:00,OBJ_1004,1.017
2026-04-02 20:45:00,OBJ_1004,1.0711
2026-04-01 13:15:00,OBJ_1004,1.1742
2026-04-01 08:00:00,OBJ_1005,0.6763
2026-04-02 10:15:00,OBJ_1008,11.5245
2026-04-02 20:15:00,OBJ_1004,1.2134
2026-04-01 01:15:00,OBJ_1001,0.0
2026-04-03 00:15:00,OBJ_1002,6.2197
2026-04-01 09:15:00,OBJ_1001,2.6491
2026-04-02 03:45:00,OBJ_1005,0.7649
2026-04-01 20:15:00,OBJ_1014,2.4986
2026-04-01 07:45:00,OBJ_1012,17.2469
2026-04-03 21:30:00,OBJ_1005,1.0627
2026-04-03 10:15:00,OBJ_1014,1.2696
2026-04-03 11:00:00,OBJ_1012,19.6214
2026-04-02 16:15:00,OBJ_1009,4.5255
2026-04-02 08:00:00,OBJ_1014,2.7123
2026-04-01 03:30:00,OBJ_1004,1.33
2026-04-01 00:00:00,OBJ_1012,6.2997
2026-04-01 05:30:00,OBJ_1007,5.2799
2026-04-03 00:15:00,OBJ_1014,2.4876
2026-04-02 04:00:00,OBJ_1002,7.1521
2026-04-01 02:00:00,OBJ_1014,3.1863
2026-04-01 13:30:00,OBJ_1007,4.0907
2026-04-03 06:30:00,OBJ_1007,4.5627
2026-04-01 01:15:00,OBJ_1004,1.1534
2026-04-03 22:00:00,OBJ_1008,4.1641
2026-04-01 18:45:00,OBJ_1014,3.1007
2026-04-03 23:45:00,OBJ_1010,3.8373
2026-04-03 16:15:00,OBJ_1012,13.497
2026-04-03 10:15:00,OBJ_1004,1.0718
2026-04-03 06:45:00,OBJ_1009,0.9452
2026-04-03 07:45:00,OBJ_1006,1.6426
2026-04-03 17:45:00,OBJ_1004,1.1024
2026-04-03 17:45:00,OBJ_1001,2.0392
2026-04-02 14:45:00,OBJ_1008,9.6479
2026-04-03 20:15:00,OBJ_1012,13.1756
2026-04-02 10:30:00,OBJ_1004,1.0243
2026-04-02 06:30:00,OBJ_1009,0.6386
2026-04-01 13:45:00,OBJ_1002,5.5272
2026-04-03 16:45:00,OBJ_1002,7.666
2026-04-01 19:00:00,OBJ_1004,1.1767
2026-04-01 08:30:00,OBJ_1011,0.9665
2026-04-01 01:00:00,OBJ_1003,1.8255
2026-04-02 17:15:00,OBJ_1007,3.8127
2026-04-03 23:30:00,OBJ_1006,0.0
2026-04-02 20:00:00,OBJ_1001,0.0
2026-04-01 01:00:00,OBJ_1014,2.6661
2026-04-01 16:30:00,OBJ_1014,3.3756
2026-04-02 02:45:00,OBJ_1004,1.3109
2026-04-03 11:15:00,OBJ_1011,-1.297
2026-04-02 22:45:00,OBJ_1014,1.4482
2026-04-01 17:45:00,OBJ_1014,3.2958
2026-04-03 14:15:00,OBJ_1002,6.8258
2026-04-03 15:45:00,OBJ_1012,18.6992
2026-04-01 05:00:00,OBJ_1012,4.7575
2026-04-01 02:45:00,OBJ_1005,0.789
2026-04-02 08:45:00,OBJ_1014,2.4373
2026-04-03 03:45:00,OBJ_1011,1.1035
2026-04-03 01:15:00,OBJ_1006,0.0
2026-04-01 17:45:00,OBJ_1004,1.2622
2026-04-03 07:30:00,OBJ_1002,5.7975
2026-04-02 20:15:00,OBJ_1008,11.6655
2026-04-02 22:30:00,OBJ_1014,1.2846
2026-04-01 21:30:00,OBJ_1012,11.3133
2026-04-03 13:45:00,OBJ_1001,4.0473
2026-04-02 12:00:00,OBJ_1012,17.3915
2026-04-02 01:00:00,OBJ_1007,4.5638
2026-04-02 08:15:00,OBJ_1001,1.84
2026-04-02 20:30:00,OBJ_1012,13.8996
2026-04-02 02:30:00,OBJ_1012,5.8111
2026-04-01 17:30:00,OBJ_1010,5.8512
2026-04-01 15:45:00,OBJ_1008,10.3501
2026-04-01 14:30:00,OBJ_1006,3.7506
2026-04-03 14:00:00,OBJ_1011,-1.214
2026-04-02 11:15:00,OBJ_1005,-0.8023
2026-04-01 05:15:00,OBJ_1014,2.9381
2026-04-01 09:45:00,OBJ_1005,0.6536
2026-04-03 13:00:00,OBJ_1002,5.0647
2026-04-03 20:15:00,OBJ_1001,0.0
2026-04-02 10:15:00,OBJ_1001,3.6479
2026-04-02 22:30:00,OBJ_1008,4.0811
2026-04-02 11:45:00,OBJ_1006,3.6156
2026-04-01 03:45:00,OBJ_1009,0.0
2026-04-03 13:45:00,OBJ_1010,4.6708
2026-04-03 21:45:00,OBJ_1002,4.2704
2026-04-02 03:00:00,OBJ_1009,0.0
2026-04-01 21:30:00,OBJ_1011,1.2691
2026-04-01 10:00:00,OBJ_1009,4.465
2026-04-01 23:30:00,OBJ_1014,1.6192
2026-04-01 08:30:00,OBJ_1002,4.8895
2026-04-02 00:45:00,OBJ_1010,4.9663
2026-04-02 22:00:00,OBJ_1011,1.166
2026-04-03 05:00:00,OBJ_1002,6.3118
2026-04-02 05:30:00,OBJ_1001,0.0
2026-04-03 14:00:00,OBJ_1007,4.6197
2026-04-03 19:45:00,OBJ_1007,4.5152
2026-04-02 09:15:00,OBJ_1014,1.7743
2026-04-03 13:00:00,OBJ_1007,4.5917
2026-04-02 20:00:00,OBJ_1005,0.7348
2026-04-02 18:45:00,OBJ_1011,1.1207
2026-04-01 06:15:00,OBJ_1012,4.2735
2026-04-01 16:00:00,OBJ_1009,3.7858
2026-04-02 20:30:00,OBJ_1004,1.0986
2026-04-02 02:00:00,OBJ_1011,1.0649
2026-04-03 07:15:00,OBJ_1001,1.0799
2026-04-02 13:00:00,OBJ_1004,1.1484
2026-04-03 04:00:00,OBJ_1006,0.0
2026-04-02 13:15:00,OBJ_1010,4.96
2026-04-01 18:45:00,OBJ_1011,1.4144
2026-04-03 00:30:00,OBJ_1012,4.9535
2026-04-02 18:30:00,OBJ_1006,1.5288
2026-04-03 15:30:00,OBJ_1009,5.4337
2026-04-01 08:45:00,OBJ_1009,3.4325
2026-04-03 17:15:00,OBJ_1011,1.1447
2026-04-01 18:00:00,OBJ_1009,2.2705
2026-04-03 22:00:00,OBJ_1007,2.2767
2026-04-02 08:15:00,OBJ_1009,2.4785
2026-04-01 23:45:00,OBJ_1008,2.8021
2026-04-03 18:45:00,OBJ_1006,1.0887
2026-04-02 23:00:00,OBJ_1011,1.3946
2026-04-01 01:00:00,OBJ_1007,999.0
2026-04-03 06:30:00,OBJ_1011,0.9892
2026-04-03 02:00:00,OBJ_1004,0.9584
2026-04-02 04:30:00,OBJ_1010,5.3386
2026-04-03 01:30:00,OBJ_1005,0.6132
2026-04-02 22:15:00,OBJ_1012,5.1475
2026-04-03 23:15:00,OBJ_1004,0.9823
2026-04-03 02:45:00,OBJ_1002,7.4871
2026-04-02 04:00:00,OBJ_1009,0.0
2026-04-03 22:15:00,OBJ_1010,2.654
2026-04-02 17:30:00,OBJ_1011,1.4686
2026-04-03 23:00:00,OBJ_1012,5.6331
2026-04-01 22:30:00,OBJ_1008,3.2406
2026-04-02 16:15:00,OBJ_1001,2.7761
2026-04-01 14:15:00,OBJ_1005,-0.8563
2026-04-01 01:00:00,OBJ_1007,3.9846
2026-04-03 03:45:00,OBJ_1004,1.1282
2026-04-01 18:45:00,OBJ_1007,3.8545
2026-04-01 22:00:00,OBJ_1010,2.7232
2026-04-02 08:30:00,OBJ_1010,4.3499
2026-04-03 19:15:00,OBJ_1009,1.0158
2026-04-01 06:15:00,OBJ_1001,0.2184
2026-04-01 20:30:00,OBJ_1012,17.2451
2026-04-03 11:15:00,OBJ_1005,-1.1033
2026-04-03 04:15:00,OBJ_1008,3.2032
2026-04-01 07:15:00,OBJ_1014,2.7005
2026-04-01 13:00:00,OBJ_1008,10.4052
2026-04-01 02:15:00,OBJ_1005,0.9129
2026-04-03 02:00:00,OBJ_1006,0.0
2026-04-01 20:30:00,OBJ_1006,0.0
2026-04-03 14:45:00,OBJ_1006,3.6902
2026-04-02 01:45:00,OBJ_1012,3.7401
2026-04-01 13:15:00,OBJ_1001,4.8098
2026-04-01 00:15:00,OBJ_1010,4.9173
2026-04-01 07:15:00,OBJ_1005,0.7977
2026-04-03 04:30:00,OBJ_1014,3.2952
2026-04-03 13:30:00,OBJ_1005,-0.9798
2026-04-02 13:15:00,OBJ_1001,3.7334
2026-04-01 01:15:00,OBJ_1011,1.1051
2026-04-02 06:45:00,OBJ_1009,1.0857
2026-04-03 09:30:00,OBJ_1010,3.657
2026-04-01 13:15:00,OBJ_1007,3.8768
2026-04-01 23:15:00,OBJ_1011,1.2837
2026-04-02 00:30:00,OBJ_1011,1.0803
2026-04-01 08:45:00,OBJ_1011,0.9731
2026-04-02 05:30:00,OBJ_1006,0.0
2026-04-03 18:45:00,OBJ_1009,1.7141
2026-04-01 17:30:00,OBJ_1004,1.2121
2026-04-01 23:30:00,OBJ_1001,0.0
2026-04-03 05:15:00,OBJ_1014,3.3913
2026-04-02 15:15:00,OBJ_1012,11.2837
2026-04-03 19:00:00,OBJ_1004,1.1452
2026-04-03 12:30:00,OBJ_1011,-1.3045
2026-04-01 22:45:00,OBJ_1012,4.8469
2026-04-02 04:30:00,OBJ_1008,3.799
2026-04-03 23:15:00,OBJ_1002,4.3615
2026-04-03 12:15:00,OBJ_1010,4.5032
2026-04-02 10:45:00,OBJ_1010,2.488
2026-04-01 08:30:00,OBJ_1007,3.7325
2026-04-01 09:30:00,OBJ_1009,3.8559
2026-04-02 11:45:00,OBJ_1008,9.2098
2026-04-01 14:45:00,OBJ_1002,6.8578
2026-04-02 00:45:00,OBJ_1004,1.1858
2026-04-03 20:30:00,OBJ_1012,14.615
2026-04-03 16:45:00,OBJ_1005,0.8286
2026-04-03 01:30:00,OBJ_1008,4.6546
2026-04-03 07:15:00,OBJ_1012,15.6079
2026-04-03 04:30:00,OBJ_1002,6.6142
2026-04-02 03:45:00,OBJ_1004,1.0119
2026-04-01 20:30:00,OBJ_1011,1.2832
2026-04-01 11:00:00,OBJ_1008,10.2969
2026-04-01 19:30:00,OBJ_1005,0.9387
2026-04-02 19:45:00,OBJ_1014,2.59
2026-04-01 09:30:00,OBJ_1014,2.1946
2026-04-02 08:30:00,OBJ_1002,4.4495
2026-04-03 10:00:00,OBJ_1014,1.377
2026-04-01 09:15:00,OBJ_1009,3.3031
2026-04-02 19:00:00,OBJ_1009,1.0932
2026-04-01 07:30:00,OBJ_1007,4.2093
2026-04-03 07:45:00,OBJ_1002,5.694
2026-04-01 19:15:00,OBJ_1014,2.9182
2026-04-02 02:30:00,OBJ_1006,0.0
2026-04-03 07:30:00,OBJ_1011,1.0601
2026-04-02 18:15:00,OBJ_1004,1.0751
2026-04-03 08:30:00,OBJ_1012,15.2318
2026-04-03 11:45:00,OBJ_1010,3.5093
2026-04-01 19:00:00,OBJ_1008,12.8547
2026-04-02 00:45:00,OBJ_1006,0.0
2026-04-01 17:30:00,OBJ_1002,8.7396
2026-04-03 18:00:00,OBJ_1012,17.7693
2026-04-03 16:30:00,OBJ_1008,10.5183
2026-04-01 18:00:00,OBJ_1002,7.0234
2026-04-03 13:15:00,OBJ_1014,2.5331
2026-04-02 18:45:00,OBJ_1006,1.1363
2026-04-01 19:15:00,OBJ_1009,0.8883
2026-04-02 00:00:00,OBJ_1004,1.133
2026-04-03 19:00:00,OBJ_1014,2.5596
2026-04-01 08:15:00,OBJ_1010,4.6441
2026-04-02 18:30:00,OBJ_1001,1.3605
2026-04-03 19:45:00,OBJ_1011,1.2788
2026-04-01 17:00:00,OBJ_1010,6.0473
2026-04-02 06:00:00,OBJ_1014,2.6559
2026-04-03 17:15:00,OBJ_1010,6.6459
2026-04-01 22:15:00,OBJ_1014,1.4266
2026-04-02 07:30:00,OBJ_1001,1.4109
2026-04-02 23:15:00,OBJ_1011,1.3993
2026-04-01 22:45:00,OBJ_1008,3.7682
2026-04-03 19:15:00,OBJ_1002,6.2692
2026-04-01 11:00:00,OBJ_1002,3.7926
2026-04-02 02:30:00,OBJ_1008,4.1466
2026-04-01 07:30:00,OBJ_1014,2.4761
2026-04-02 01:15:00,OBJ_1008,3.9733
2026-04-01 12:00:00,OBJ_1011,-1.768
2026-04-01 15:30:00,OBJ_1004,1.248
2026-04-02 22:30:00,OBJ_1010,2.3659
2026-04-03 21:45:00,OBJ_1009,0.0
2026-04-03 12:30:00,OBJ_1006,4.3576
2026-04-02 18:30:00,OBJ_1012,19.207
2026-04-02 12:30:00,OBJ_1001,3.9907
2026-04-01 23:00:00,OBJ_1004,1.16
2026-04-03 21:15:00,OBJ_1004,1.1174
2026-04-03 23:30:00,OBJ_1005,0.6017
2026-04-01 18:00:00,OBJ_1008,9.9069
2026-04-02 01:30:00,OBJ_1012,4.6291
2026-04-03 01:30:00,OBJ_1014,2.5812
2026-04-03 03:15:00,OBJ_1007,4.8802
2026-04-03 00:00:00,OBJ_1008,4.2117
2026-04-02 18:45:00,OBJ_1010,5.419
2026-04-01 07:30:00,OBJ_1010,5.0582
2026-04-03 14:30:00,OBJ_1002,5.7355
2026-04-02 10:30:00,OBJ_1007,2.5987
2026-04-01 10:15:00,OBJ_1005,-0.9599
2026-04-01 21:00:00,OBJ_1002,4.0198
2026-04-03 10:00:00,OBJ_1011,-1.5529
2026-04-01 15:15:00,OBJ_1002,7.8097
2026-04-02 22:15:00,OBJ_1005,0.7278
2026-04-03 22:30:00,OBJ_1008,3.7924
2026-04-02 02:00:00,OBJ_1007,4.9343
2026-04-03 15:15:00,OBJ_1002,7.0115
2026-04-02 04:00:00,OBJ_1005,0.8212
2026-04-02 11:00:00,OBJ_1006,4.1835
2026-04-01 16:00:00,OBJ_1011,1.209
2026-04-03 18:00:00,OBJ_1005,0.9563
2026-04-01 22:30:00,OBJ_1014,1.2678
2026-04-03 07:30:00,OBJ_1005,0.6023
2026-04-01 15:00:00,OBJ_1005,0.7563
2026-04-01 01:15:00,OBJ_1006,0.0
2026-04-03 18:00:00,OBJ_1008,12.4139
2026-04-01 08:45:00,OBJ_1010,4.4749
2026-04-03 10:15:00,OBJ_1011,-1.4449
2026-04-03 02:15:00,OBJ_1001,0.0
2026-04-01 21:15:00,OBJ_1014,2.1996
2026-04-01 12:00:00,OBJ_1014,2.4679
2026-04-03 21:30:00,OBJ_1008,9.2419
2026-04-02 21:15:00,OBJ_1008,11.9379
2026-04-02 02:45:00,OBJ_1008,3.7303
2026-04-03 16:00:00,OBJ_1004,1.1759
2026-04-01 13:45:00,OBJ_1007,4.2438
2026-04-02 19:00:00,OBJ_1010,5.4784
2026-04-03 14:45:00,OBJ_1012,14.0972
2026-04-01 15:15:00,OBJ_1001,3.3607
2026-04-02 16:45:00,OBJ_1012,15.2844
2026-04-02 21:00:00,OBJ_1008,10.9256
2026-04-03 07:15:00,OBJ_1002,5.9412
2026-04-01 00:30:00,OBJ_9999,0.0
2026-04-01 22:00:00,OBJ_1002,2.6984
2026-04-02 03:00:00,OBJ_1006,0.0
2026-04-01 18:30:00,OBJ_1004,1.0171
2026-04-01 06:30:00,OBJ_1007,4.1162
2026-04-03 11:45:00,OBJ_1006,3.3687
2026-04-01 13:00:00,OBJ_1001,4.2178
2026-04-02 10:00:00,OBJ_1005,-0.9191
2026-04-02 07:00:00,OBJ_1011,1.4458
2026-04-03 17:15:00,OBJ_1012,13.6179
2026-04-03 18:15:00,OBJ_1012,12.9679
2026-04-01 19:45:00,OBJ_1008,12.3192
2026-04-01 22:00:00,OBJ_1008,3.8728
2026-04-02 18:15:00,OBJ_1002,6.335
2026-04-02 10:45:00,OBJ_1009,4.6223
2026-04-02 16:30:00,OBJ_1005,0.8359
2026-04-03 18:30:00,OBJ_1007,4.1148
2026-04-02 17:30:00,OBJ_1006,2.2523
2026-04-02 21:15:00,OBJ_1010,3.6977
2026-04-02 08:15:00,OBJ_1007,3.3418
2026-04-02 21:45:00,OBJ_1005,0.7571
2026-04-02 18:45:00,OBJ_1014,2.8568
2026-04-03 21:30:00,OBJ_1014,1.694
2026-04-01 10:45:00,OBJ_1006,3.4432
2026-04-03 20:45:00,OBJ_1014,2.434
2026-04-02 20:00:00,OBJ_1004,1.1199
2026-04-02 12:15:00,OBJ_1012,16.4373
2026-04-02 17:30:00,OBJ_1005,0.7896
2026-04-02 08:00:00,OBJ_1004,1.0882
2026-04-03 01:45:00,OBJ_1008,3.3844
2026-04-01 10:30:00,OBJ_1002,3.4594
2026-04-02 06:30:00,OBJ_1012,4.1414
2026-04-01 18:00:00,OBJ_1014,3.37
2026-04-03 12:00:00,OBJ_1008,12.8792
2026-04-03 06:15:00,OBJ_1012,4.2301
2026-04-01 14:45:00,OBJ_1004,1.173
2026-04-01 08:30:00,OBJ_1001,1.9722
2026-04-02 13:45:00,OBJ_1006,3.8605
2026-04-02 10:45:00,OBJ_1002,3.7631
2026-04-02 14:15:00,OBJ_1012,11.5566
2026-04-02 23:45:00,OBJ_1007,2.5668
2026-04-03 17:15:00,OBJ_1005,0.8483
2026-04-03 07:30:00,OBJ_1004,1.1486
2026-04-02 10:45:00,OBJ_1014,1.4585
2026-04-03 02:15:00,OBJ_1005,0.7506
2026-04-02 21:30:00,OBJ_1014,2.4447
2026-04-01 15:45:00,OBJ_1014,2.8916
2026-04-03 15:15:00,OBJ_1011,0.9976
2026-04-01 07:30:00,OBJ_1004,1.1205
2026-04-01 03:45:00,OBJ_1008,4.3913
2026-04-02 06:45:00,OBJ_1001,0.7032
2026-04-03 18:15:00,OBJ_1004,1.1254
2026-04-01 21:45:00,OBJ_1007,3.0009
2026-04-02 02:30:00,OBJ_1010,6.0312
2026-04-02 10:15:00,OBJ_1011,-1.3116
2026-04-01 02:30:00,OBJ_1008,2.9795
2026-04-01 09:15:00,OBJ_1012,18.5223
2026-04-02 05:45:00,OBJ_1002,8.1496
2026-04-02 11:15:00,OBJ_1004,0.9475
2026-04-03 22:30:00,OBJ_1012,4.9722
2026-04-03 16:15:00,OBJ_1001,3.4856
2026-04-01 20:00:00,OBJ_1010,4.7756
2026-04-03 23:30:00,OBJ_1009,0.0
2026-04-02 20:45:00,OBJ_1011,1.277
2026-04-01 20:15:00,OBJ_1010,4.6948
2026-04-02 14:30:00,OBJ_1006,4.2621
2026-04-03 21:00:00,OBJ_1005,0.9272
2026-04-02 12:00:00,OBJ_1005,-0.9037
2026-04-03 13:15:00,OBJ_1006,4.158
2026-04-01 06:30:00,OBJ_1012,5.4532
2026-04-03 15:00:00,OBJ_1006,3.8658
2026-04-02 21:30:00,OBJ_1001,0.0
2026-04-03 07:45:00,OBJ_1010,4.7141
2026-04-02 21:15:00,OBJ_1007,2.9166
2026-04-01 03:00:00,OBJ_1004,1.3117
2026-04-03 12:45:00,OBJ_1010,4.818
2026-04-02 19:45:00,OBJ_1001,0.2242
2026-04-01 18:45:00,OBJ_1006,1.2172
2026-04-03 03:00:00,OBJ_1012,5.4228
2026-04-03 14:45:00,OBJ_1010,5.8433
2026-04-03 21:30:00,OBJ_1006,0.0
2026-04-02 12:45:00,OBJ_1009,5.5902
2026-04-03 13:00:00,OBJ_1004,1.2501
2026-04-01 06:00:00,OBJ_1014,3.1482
2026-04-01 18:45:00,OBJ_1010,5.5686
2026-04-03 13:15:00,OBJ_1005,-0.9493
2026-04-01 20:45:00,OBJ_1007,3.3611
2026-04-03 01:00:00,OBJ_1012,4.9422
2026-04-03 07:30:00,OBJ_1001,1.2358
2026-04-02 21:30:00,OBJ_1002,4.5142
2026-04-01 22:45:00,OBJ_1011,1.3495
2026-04-01 00:30:00,OBJ_1005,0.8574
2026-04-03 05:30:00,OBJ_1002,7.0495
2026-04-03 10:45:00,OBJ_1011,-1.4583
2026-04-03 00:30:00,OBJ_1009,0.0
2026-04-02 19:45:00,OBJ_1004,1.1163
2026-04-01 16:45:00,OBJ_1011,1.0437
2026-04-01 22:30:00,OBJ_1007,2.2624
2026-04-03 00:00:00,OBJ_1001,0.0
2026-04-02 10:45:00,OBJ_1001,3.6261
2026-04-01 11:30:00,OBJ_1009,4.9698
2026-04-03 07:45:00,OBJ_1011,1.4765
2026-04-01 14:15:00,OBJ_1004,1.3672
2026-04-01 00:30:00,OBJ_1010,4.2038
2026-04-02 22:00:00,OBJ_1005,0.6351
2026-04-02 23:15:00,OBJ_1005,1.0515
2026-04-03 19:45:00,OBJ_1004,1.1226
2026-04-02 02:00:00,OBJ_1001,0.0
2026-04-03 07:30:00,OBJ_1014,2.9672
2026-04-03 13:45:00,OBJ_1008,10.8984
2026-04-01 21:15:00,OBJ_1011,1.2555
2026-04-03 23:15:00,OBJ_1008,4.5457
2026-04-01 19:30:00,OBJ_1006,0.4189
2026-04-01 06:45:00,OBJ_1008,4.378
2026-04-02 13:30:00,OBJ_1012,14.9955
2026-04-03 12:30:00,OBJ_1005,-0.872
2026-04-03 12:45:00,OBJ_1011,-1.4844
2026-04-01 21:45:00,OBJ_1014,1.8763
2026-04-01 09:15:00,OBJ_1011,1.393
2026-04-01 03:00:00,OBJ_1010,5.8439
2026-04-03 05:45:00,OBJ_1002,6.5538
2026-04-02 02:45:00,OBJ_1009,0.0
2026-04-02 01:15:00,OBJ_1005,0.71
2026-04-03 05:45:00,OBJ_1001,0.0
2026-04-01 04:15:00,OBJ_1009,0.0
2026-04-02 11:15:00,OBJ_1007,2.5334
2026-04-02 19:00:00,OBJ_1007,3.6444
2026-04-02 13:00:00,OBJ_1007,3.9442
2026-04-01 03:45:00,OBJ_1005,0.7751
2026-04-02 19:45:00,OBJ_1010,5.8889
2026-04-02 21:15:00,OBJ_1009,0.0
2026-04-03 19:15:00,OBJ_1010,4.9096
2026-04-02 11:30:00,OBJ_1011,-1.8567
2026-04-03 10:45:00,OBJ_1002,3.1332
2026-04-01 15:00:00,OBJ_1004,1.252
2026-04-01 11:15:00,OBJ_1004,1.0603
2026-04-01 11:00:00,OBJ_1012,17.3534
2026-04-03 00:45:00,OBJ_1011,0.9289
2026-04-03 08:15:00,OBJ_1011,1.38
2026-04-01 11:45:00,OBJ_1002,3.9147
2026-04-01 14:45:00,OBJ_1001,3.8354
2026-04-01 17:30:00,OBJ_1001,2.3502
2026-04-02 05:00:00,OBJ_1002,7.1782
2026-04-03 09:00:00,OBJ_1007,2.4838
2026-04-02 02:15:00,OBJ_1010,6.2257
2026-04-01 01:00:00,OBJ_1006,0.0
2026-04-03 17:30:00,OBJ_1007,4.2218
2026-04-01 22:15:00,OBJ_1005,0.6748
2026-04-02 12:30:00,OBJ_1005,-1.2244
2026-04-01 22:00:00,OBJ_1009,0.0
2026-04-02 15:45:00,OBJ_1012,11.2968
2026-04-03 23:00:00,OBJ_1002,3.7707
2026-04-03 05:00:00,OBJ_1001,0.0
2026-04-02 15:30:00,OBJ_1007,5.0387
2026-04-03 21:30:00,OBJ_1002,5.1961
2026-04-01 20:15:00,OBJ_1005,0.6118
2026-04-02 01:00:00,OBJ_1001,0.0
2026-04-03 09:15:00,OBJ_1009,3.7193
2026-04-03 20:45:00,OBJ_1010,4.262
2026-04-01 11:15:00,OBJ_1009,4.992
2026-04-01 04:45:00,OBJ_1010,6.1772
2026-04-03 17:15:00,OBJ_1009,3.2499
2026-04-03 23:45:00,OBJ_1004,0.9346
2026-04-03 07:15:00,OBJ_1005,0.6282
2026-04-02 17:00:00,OBJ_1012,14.0991
2026-04-01 01:45:00,OBJ_1012,3.9711
2026-04-01 09:45:00,OBJ_1011,1.2584
2026-04-01 11:15:00,OBJ_1011,-1.6632
2026-04-03 01:30:00,OBJ_1006,0.0
2026-04-02 22:45:00,OBJ_1007,1.9362
2026-04-01 20:45:00,OBJ_1006,0.0
2026-04-03 10:15:00,OBJ_1007,2.4286
2026-04-01 17:00:00,OBJ_1009,3.655
2026-04-02 02:15:00,OBJ_1009,0.0
2026-04-03 19:30:00,OBJ_1009,0.6372
2026-04-02 23:30:00,OBJ_1014,1.9847
2026-04-03 04:15:00,OBJ_1011,1.5292
2026-04-01 05:45:00,OBJ_1012,5.231
2026-04-01 09:15:00,OBJ_1014,1.771
2026-04-03 14:45:00,OBJ_1009,5.8009
2026-04-01 14:15:00,OBJ_1008,12.0107
2026-04-03 12:15:00,OBJ_1007,3.3389
2026-04-01 09:30:00,OBJ_1006,3.0716
2026-04-02 13:15:00,OBJ_1006,3.8606
2026-04-02 20:30:00,OBJ_1005,0.8165
2026-04-02 18:30:00,OBJ_1005,0.9866
2026-04-03 18:00:00,OBJ_1001,2.1259
2026-04-01 22:30:00,OBJ_1002,2.9878
2026-04-01 20:15:00,OBJ_1006,0.0
2026-04-02 09:00:00,OBJ_1012,17.2076
2026-04-02 00:45:00,OBJ_1007,3.3094
2026-04-03 08:45:00,OBJ_1014,2.374
2026-04-02 02:15:00,OBJ_1008,3.9196
2026-04-03 17:30:00,OBJ_1011,1.4816
2026-04-02 05:30:00,OBJ_1004,1.2039
2026-04-02 04:00:00,OBJ_1006,0.0
2026-04-03 13:00:00,OBJ_1014,2.5846
2026-04-01 20:30:00,OBJ_1004,1.1621
2026-04-03 22:30:00,OBJ_1007,2.2915
2026-04-03 03:30:00,OBJ_1006,0.0
2026-04-03 15:45:00,OBJ_1005,1.0464
2026-04-03 15:45:00,OBJ_1010,4.8088
2026-04-03 04:15:00,OBJ_1004,1.2601
2026-04-03 21:15:00,OBJ_1002,3.7981
2026-04-02 05:45:00,OBJ_1009,0.0
2026-04-03 12:45:00,OBJ_1006,4.8436
2026-04-03 16:00:00,OBJ_1012,17.8394
2026-04-02 07:00:00,OBJ_1014,2.6706
2026-04-02 06:15:00,OBJ_1006,0.2166
2026-04-02 18:00:00,OBJ_1008,11.1423
2026-04-01 23:30:00,OBJ_1004,1.1117
2026-04-01 07:45:00,OBJ_1014,2.9533
2026-04-02 23:15:00,OBJ_1010,4.0589
2026-04-02 20:45:00,OBJ_1009,0.0
2026-04-01 19:30:00,OBJ_1012,14.8905
2026-04-03 20:30:00,OBJ_1011,1.0154
2026-04-01 00:30:00,OBJ_1001,0.3
2026-04-02 18:45:00,OBJ_1004,1.2162
2026-04-01 00:30:00,OBJ_1003,1.6056
2026-04-02 19:45:00,OBJ_1009,0.3577
2026-04-01 06:15:00,OBJ_1009,0.3309
2026-04-01 14:15:00,OBJ_1014,3.2149
2026-04-03 16:45:00,OBJ_1009,3.092
2026-04-03 03:45:00,OBJ_1005,0.7957
2026-04-03 19:45:00,OBJ_1006,0.2358
2026-04-02 12:15:00,OBJ_1006,4.5667
2026-04-03 06:15:00,OBJ_1011,1.0264
2026-04-03 09:00:00,OBJ_1001,2.8055
2026-04-03 08:30:00,OBJ_1004,1.0048
2026-04-01 15:15:00,OBJ_1008,12.7575
2026-04-03 01:45:00,OBJ_1006,0.0
2026-04-03 00:15:00,OBJ_1007,3.0545
2026-04-01 09:45:00,OBJ_1006,2.8974
2026-04-03 01:45:00,OBJ_1011,1.216
2026-04-01 20:30:00,OBJ_1001,0.0
2026-04-01 04:00:00,OBJ_1004,1.0133
2026-04-03 09:45:00,OBJ_1004,1.0523
2026-04-01 18:30:00,OBJ_1011,0.9833
2026-04-03 01:30:00,OBJ_1007,4.1267
2026-04-01 16:15:00,OBJ_1007,5.3573
2026-04-01 04:45:00,OBJ_1014,2.9421
2026-04-01 03:15:00,OBJ_1007,5.2673
2026-04-02 13:45:00,OBJ_1007,4.4948
2026-04-01 04:00:00,OBJ_1008,4.3695
2026-04-02 14:45:00,OBJ_1002,6.7709
2026-04-02 03:00:00,OBJ_1010,6.695
2026-04-01 00:15:00,OBJ_1012,4.1356
2026-04-01 12:00:00,OBJ_1012,14.5618
2026-04-02 15:00:00,OBJ_1010,6.9676
2026-04-01 15:30:00,OBJ_1006,3.5098
2026-04-01 00:30:00,OBJ_1006,0.0
2026-04-03 13:15:00,OBJ_1009,5.601
2026-04-03 12:45:00,OBJ_1001,3.7231
2026-04-03 01:30:00,OBJ_1011,1.3269
2026-04-02 05:15:00,OBJ_1014,3.4744
2026-04-02 23:30:00,OBJ_1004,1.1466
2026-04-02 21:00:00,OBJ_1001,0.0
2026-04-02 06:00:00,OBJ_1007,5.0939
2026-04-03 09:00:00,OBJ_1008,10.6334
2026-04-03 16:00:00,OBJ_1010,5.9
2026-04-01 04:45:00,OBJ_1009,0.0
2026-04-02 05:45:00,OBJ_1011,1.3822
2026-04-01 10:30:00,OBJ_1014,1.4556
2026-04-02 17:15:00,OBJ_1010,6.05
2026-04-02 15:45:00,OBJ_1002,6.1938
2026-04-02 06:15:00,OBJ_1002,6.4979
2026-04-01 21:00:00,OBJ_1004,1.1074
2026-04-01 04:30:00,OBJ_1008,3.5118
2026-04-01 19:15:00,OBJ_1002,7.341
2026-04-01 02:30:00,OBJ_9999,0.0
2026-04-01 16:30:00,OBJ_1004,1.0275
2026-04-02 16:00:00,OBJ_1011,1.1687
2026-04-03 20:00:00,OBJ_1007,3.4858
2026-04-01 11:30:00,OBJ_1005,-0.805
2026-04-03 03:45:00,OBJ_1010,5.6515
2026-04-02 12:45:00,OBJ_1002,6.4436
2026-04-02 12:45:00,OBJ_1006,4.8325
2026-04-03 01:15:00,OBJ_1011,1.1628
2026-04-03 14:30:00,OBJ_1010,6.4396
2026-04-02 04:00:00,OBJ_1001,0.0
2026-04-01 11:15:00,OBJ_1012,13.7725
2026-04-02 07:30:00,OBJ_1004,1.0036
2026-04-01 05:15:00,OBJ_1007,5.0876
2026-04-02 10:15:00,OBJ_1014,1.5035
2026-04-01 21:15:00,OBJ_1012,12.8808
2026-04-01 13:00:00,OBJ_1005,-0.8985
2026-04-02 07:15:00,OBJ_1006,1.0992
2026-04-02 06:00:00,OBJ_1005,0.7661
2026-04-01 01:45:00,OBJ_1014,2.5693
2026-04-02 03:15:00,OBJ_1009,0.0
2026-04-01 18:15:00,OBJ_1010,5.771
2026-04-02 11:15:00,OBJ_1006,3.4372
2026-04-01 13:30:00,OBJ_1004,1.3358
2026-04-02 03:45:00,OBJ_1001,0.0
2026-04-01 02:30:00,OBJ_1006,0.0
2026-04-03 18:15:00,OBJ_1005,0.8906
2026-04-03 03:30:00,OBJ_1012,6.1564
2026-04-01 00:00:00,OBJ_1014,2.1847
2026-04-01 05:15:00,OBJ_1004,1.1556
2026-04-02 00:30:00,OBJ_1001,0.0
2026-04-03 15:00:00,OBJ_1011,1.3714
2026-04-02 05:00:00,OBJ_1014,3.187
2026-04-01 20:15:00,OBJ_1001,0.0
2026-04-03 12:00:00,OBJ_1009,5.5305
2026-04-01 04:30:00,OBJ_1004,1.0908
2026-04-02 11:00:00,OBJ_1010,2.9912
2026-04-01 15:15:00,OBJ_1006,3.9986
2026-04-02 09:30:00,OBJ_1010,3.1377
2026-04-02 17:15:00,OBJ_1001,2.6522
2026-04-02 02:45:00,OBJ_1002,7.2018
2026-04-02 14:15:00,OBJ_1006,3.8723
2026-04-03 22:15:00,OBJ_1002,2.7599
2026-04-01 15:45:00,OBJ_1001,3.4706
2026-04-03 02:45:00,OBJ_1012,5.8812
2026-04-01 08:45:00,OBJ_1005,0.8104
2026-04-03 03:00:00,OBJ_1009,0.0
2026-04-01 04:15:00,OBJ_1008,4.0227
2026-04-02 16:45:00,OBJ_1005,0.6416
2026-04-02 06:30:00,OBJ_1011,0.9782
2026-04-03 15:45:00,OBJ_1002,6.9876
2026-04-02 16:00:00,OBJ_1012,13.8228
2026-04-02 00:30:00,OBJ_1007,3.7846
2026-04-03 03:45:00,OBJ_1006,0.0
2026-04-02 03:30:00,OBJ_1006,0.0
2026-04-03 07:00:00,OBJ_1005,0.6405
2026-04-03 03:15:00,OBJ_1002,6.8432
2026-04-01 11:45:00,OBJ_1014,1.6344
2026-04-03 13:00:00,OBJ_1010,4.4784
2026-04-02 09:00:00,OBJ_1002,3.6478
2026-04-01 10:30:00,OBJ_1001,3.3096
2026-04-02 22:00:00,OBJ_1004,1.2142
2026-04-03 17:45:00,OBJ_1014,3.6607
2026-04-01 05:00:00,OBJ_1009,0.0
2026-04-02 23:45:00,OBJ_1006,0.0
2026-04-03 04:30:00,OBJ_1011,1.0934
2026-04-01 16:30:00,OBJ_1001,3.0216
2026-04-01 21:45:00,OBJ_1001,0.0
2026-04-03 23:45:00,OBJ_1012,5.7862
2026-04-02 13:45:00,OBJ_1002,6.6389
2026-04-03 16:00:00,OBJ_1002,7.1719
2026-04-01 04:00:00,OBJ_1011,1.2735
2026-04-03 05:15:00,OBJ_1009,0.0
2026-04-02 14:45:00,OBJ_1012,14.7426
2026-04-02 00:00:00,OBJ_1006,0.0
2026-04-02 16:00:00,OBJ_1001,2.8431
2026-04-01 07:30:00,OBJ_1008,9.839
2026-04-01 12:00:00,OBJ_1002,4.767
2026-04-02 19:15:00,OBJ_1009,0.9796
2026-04-03 21:00:00,OBJ_1009,0.0
2026-04-03 23:00:00,OBJ_1004,1.0458
2026-04-01 08:30:00,OBJ_1006,2.3537
2026-04-03 19:15:00,OBJ_1011,1.03
2026-04-02 06:00:00,OBJ_1004,1.112
2026-04-02 15:45:00,OBJ_1005,0.8118
2026-04-02 19:15:00,OBJ_1008,9.6092
2026-04-03 09:15:00,OBJ_1002,4.1026
2026-04-02 21:00:00,OBJ_1014,1.7921
2026-04-03 20:30:00,OBJ_1006,0.0
2026-04-03 02:30:00,OBJ_1002,5.8346
2026-04-03 12:00:00,OBJ_1006,4.6935
2026-04-03 18:15:00,OBJ_1002,8.0087
2026-04-03 01:45:00,OBJ_1007,4.2504
2026-04-03 01:30:00,OBJ_1012,5.4145
2026-04-01 03:45:00,OBJ_1014,3.0472
2026-04-01 04:00:00,OBJ_1009,0.0
2026-04-02 09:45:00,OBJ_1005,0.8123
2026-04-01 20:45:00,OBJ_1009,0.0
2026-04-01 19:45:00,OBJ_1004,1.2835
2026-04-02 05:30:00,OBJ_1002,7.6058
2026-04-02 20:45:00,OBJ_1012,15.6707
2026-04-01 11:45:00,OBJ_1006,4.0911
2026-04-02 22:00:00,OBJ_1008,4.6392
2026-04-02 16:30:00,OBJ_1007,4.1324
2026-04-02 12:00:00,OBJ_1009,5.1333
2026-04-03 10:30:00,OBJ_1012,14.8012
2026-04-02 12:30:00,OBJ_1002,5.1499
2026-04-03 21:00:00,OBJ_1001,0.0
2026-04-03 12:45:00,OBJ_1014,2.0164
2026-04-02 10:00:00,OBJ_1008,8.2669
2026-04-03 20:00:00,OBJ_1002,5.4779
2026-04-02 07:30:00,OBJ_1005,0.6659
2026-04-01 03:45:00,OBJ_1010,5.2983
2026-04-02 04:30:00,OBJ_1011,1.1419
2026-04-02 23:45:00,OBJ_1004,1.1773
2026-04-03 00:45:00,OBJ_1014,2.9015
2026-04-01 13:00:00,OBJ_1007,4.0463
2026-04-03 01:15:00,OBJ_1005,0.9006
2026-04-01 21:45:00,OBJ_1002,4.0978
2026-04-03 16:00:00,OBJ_1007,4.5462
2026-04-03 04:00:00,OBJ_1014,2.8223
2026-04-03 16:45:00,OBJ_1007,5.0441
2026-04-03 12:00:00,OBJ_1010,4.2916
2026-04-01 06:00:00,OBJ_1002,6.5095
2026-04-03 15:15:00,OBJ_1005,1.0901
2026-04-03 03:30:00,OBJ_1005,0.7513
2026-04-03 05:30:00,OBJ_1012,4.3328
2026-04-02 07:30:00,OBJ_1007,4.4514
2026-04-01 00:15:00,OBJ_1011,1.0767
2026-04-02 03:15:00,OBJ_1006,0.0
2026-04-02 07:15:00,OBJ_1001,1.1413
2026-04-02 05:00:00,OBJ_1005,0.8198
2026-04-02 07:45:00,OBJ_1005,0.912
2026-04-03 13:45:00,OBJ_1006,3.994
2026-04-03 11:15:00,OBJ_1002,4.4362
2026-04-01 23:15:00,OBJ_1004,1.2867
2026-04-01 02:00:00,OBJ_1008,3.814
2026-04-02 04:15:00,OBJ_1007,4.2754
2026-04-01 05:15:00,OBJ_1011,1.3384
2026-04-03 21:30:00,OBJ_1010,3.8317
2026-04-03 06:15:00,OBJ_1009,0.2765
2026-04-02 16:00:00,OBJ_1004,1.1228
2026-04-03 03:00:00,OBJ_1011,1.0656
2026-04-01 23:00:00,OBJ_1011,1.339
2026-04-01 03:00:00,OBJ_1007,4.7786
2026-04-01 13:30:00,OBJ_1012,12.9177
2026-04-02 19:30:00,OBJ_1005,0.6632
2026-04-03 00:45:00,OBJ_1006,0.0
2026-04-01 04:30:00,OBJ_1011,0.9527
2026-04-02 06:00:00,OBJ_1006,0.0
2026-04-01 10:15:00,OBJ_1008,10.2989
2026-04-03 21:00:00,OBJ_1010,3.7343
2026-04-01 05:00:00,OBJ_1001,0.0
2026-04-01 16:30:00,OBJ_1010,5.3208
2026-04-03 09:30:00,OBJ_1009,4.0774
2026-04-01 00:15:00,OBJ_9999,0.0
2026-04-02 18:00:00,OBJ_1009,2.2483
2026-04-02 13:30:00,OBJ_1011,-1.4358
2026-04-02 03:30:00,OBJ_1014,3.1754
2026-04-03 08:00:00,OBJ_1009,2.51
2026-04-02 14:00:00,OBJ_1007,4.941
2026-04-01 08:15:00,OBJ_1006,1.9038
2026-04-02 13:15:00,OBJ_1008,9.1015
2026-04-01 17:45:00,OBJ_1010,6.3444
2026-04-03 19:45:00,OBJ_1001,0.2363
2026-04-01 14:30:00,OBJ_1011,-1.8949
2026-04-03 15:30:00,OBJ_1004,1.1381
2026-04-01 09:30:00,OBJ_1007,3.3468
2026-04-01 04:45:00,OBJ_1002,6.6954
2026-04-03 19:00:00,OBJ_1009,1.1132
2026-04-02 20:15:00,OBJ_1011,1.3745
2026-04-01 07:15:00,OBJ_1011,0.9508
2026-04-02 11:45:00,OBJ_1010,2.9786
2026-04-01 23:00:00,OBJ_1014,1.6127
2026-04-01 23:15:00,OBJ_1008,4.08
2026-04-03 12:45:00,OBJ_1012,14.7611
2026-04-03 20:00:00,OBJ_1011,0.8532
2026-04-02 23:00:00,OBJ_1004,1.1852
2026-04-01 10:00:00,OBJ_1007,2.1141
2026-04-02 17:00:00,OBJ_1006,2.3578
2026-04-03 04:00:00,OBJ_1002,7.4999
2026-04-01 09:00:00,OBJ_1007,3.0323
2026-04-01 03:45:00,OBJ_1002,7.4072
2026-04-03 01:45:00,OBJ_1001,0.0
2026-04-02 15:30:00,OBJ_1008,10.0116
2026-04-03 21:15:00,OBJ_1012,16.8158
2026-04-01 21:00:00,OBJ_1010,3.7213
2026-04-02 18:30:00,OBJ_1014,2.6145
2026-04-01 20:00:00,OBJ_1007,3.0738
2026-04-03 23:45:00,OBJ_1008,3.5596
2026-04-02 19:45:00,OBJ_1012,18.3061
2026-04-01 06:00:00,OBJ_1011,1.1578
2026-04-01 11:00:00,OBJ_1011,-1.3666
2026-04-02 21:15:00,OBJ_1014,2.0529
2026-04-02 11:30:00,OBJ_1001,3.7345
2026-04-02 19:15:00,OBJ_1007,4.608
2026-04-02 02:00:00,OBJ_1002,7.4631
2026-04-03 06:00:00,OBJ_1005,0.8378
2026-04-03 15:00:00,OBJ_1007,4.8326
2026-04-02 07:15:00,OBJ_1009,1.5305
2026-04-03 00:15:00,OBJ_1006,0.0
2026-04-03 04:30:00,OBJ_1009,0.0
2026-04-01 09:00:00,OBJ_1014,1.8043
2026-04-01 00:00:00,OBJ_1006,0.0
2026-04-03 09:00:00,OBJ_1012,11.7796
2026-04-03 22:45:00,OBJ_1001,0.0
2026-04-02 17:45:00,OBJ_1001,1.9453
2026-04-01 22:00:00,OBJ_1007,2.2185
2026-04-03 10:30:00,OBJ_1007,2.409
2026-04-01 10:15:00,OBJ_1012,13.3317
2026-04-02 15:45:00,OBJ_1011,1.2081
2026-04-03 22:15:00,OBJ_1007,2.5061
2026-04-03 12:15:00,OBJ_1006,4.1379
2026-04-02 02:45:00,OBJ_1007,4.4297
2026-04-02 03:00:00,OBJ_1005,0.7
2026-04-01 04:00:00,OBJ_1001,0.0
2026-04-02 08:45:00,OBJ_1006,2.2088
2026-04-03 22:30:00,OBJ_1010,2.6118
2026-04-01 19:45:00,OBJ_1012,12.7012
2026-04-01 03:00:00,OBJ_1008,2.9834
2026-04-01 13:30:00,OBJ_1005,-1.0653
2026-04-01 18:15:00,OBJ_1005,0.8514
2026-04-03 20:15:00,OBJ_1005,0.9974
2026-04-01 14:00:00,OBJ_1010,4.9991
2026-04-02 05:45:00,OBJ_1010,5.8116
2026-04-03 14:45:00,OBJ_1004,1.2066
2026-04-01 23:00:00,OBJ_1002,4.1332
2026-04-01 11:00:00,OBJ_1006,4.0688
2026-04-01 14:00:00,OBJ_1006,4.3366
2026-04-03 16:15:00,OBJ_1011,1.0738
2026-04-02 17:30:00,OBJ_1009,3.0758
2026-04-03 04:30:00,OBJ_1005,0.8065
2026-04-03 01:30:00,OBJ_1002,5.3869
2026-04-03 22:15:00,OBJ_1009,0.0
2026/04/01 00:30:00,OBJ_1002,2.8
2026-04-02 23:15:00,OBJ_1012,4.4828
2026-04-02 19:45:00,OBJ_1008,10.5214
2026-04-03 18:00:00,OBJ_1011,1.2295
2026-04-03 22:15:00,OBJ_1008,4.565
2026-04-03 08:00:00,OBJ_1006,1.9362
2026-04-02 08:00:00,OBJ_1005,0.8114
2026-04-01 04:15:00,OBJ_1010,5.284
2026-04-01 07:15:00,OBJ_1002,6.3337
2026-04-01 02:15:00,OBJ_1002,6.7521
2026-04-03 00:00:00,OBJ_1009,0.0
2026-04-01 00:15:00,OBJ_1005,0.8804
2026-04-03 17:30:00,OBJ_1001,2.3835
2026-04-01 17:30:00,OBJ_1012,11.2702
2026-04-03 04:15:00,OBJ_1005,0.8326
2026-04-03 15:15:00,OBJ_1007,4.6294
2026-04-01 04:15:00,OBJ_1014,2.9737
2026-04-03 10:00:00,OBJ_1010,2.9172
2026-04-03 02:45:00,OBJ_1005,0.7197
2026-04-03 00:15:00,OBJ_1009,0.0
2026-04-03 01:00:00,OBJ_1009,0.0
2026-04-02 05:45:00,OBJ_1005,0.8481
2026-04-03 07:00:00,OBJ_1014,2.9203
2026-04-02 15:15:00,OBJ_1008,11.2722
2026-04-01 08:15:00,OBJ_1011,1.4855
2026-04-02 02:30:00,OBJ_1009,0.0
2026-04-01 01:30:00,OBJ_1002,5.2852
2026-04-03 06:45:00,OBJ_1006,0.6878
2026-04-03 00:15:00,OBJ_1005,0.7285
2026-04-03 13:30:00,OBJ_1009,5.8939
2026-04-01 21:00:00,OBJ_1008,11.4362
2026-04-03 10:00:00,OBJ_1009,3.8277
2026-04-03 16:45:00,OBJ_1010,6.3577
2026-04-01 15:00:00,OBJ_1011,1.0575
2026-04-03 16:15:00,OBJ_1010,6.3772
2026-04-02 14:30:00,OBJ_1009,5.2611
2026-04-01 14:15:00,OBJ_1006,3.8128
2026-04-03 02:45:00,OBJ_1008,3.4272
2026-04-03 05:15:00,OBJ_1005,0.7468
2026-04-03 10:45:00,OBJ_1010,2.5034
2026-04-02 02:00:00,OBJ_1006,0.0
2026-04-03 16:00:00,OBJ_1006,3.3293
2026-04-02 15:30:00,OBJ_1001,3.5842
2026-04-01 02:30:00,OBJ_1014,3.5536
2026-04-03 14:00:00,OBJ_1002,5.666
2026-04-03 08:00:00,OBJ_1007,3.6718
2026-04-01 15:45:00,OBJ_1011,0.8513
2026-04-01 04:00:00,OBJ_1006,0.0
2026-04-02 04:00:00,OBJ_1012,6.1795
2026-04-03 00:45:00,OBJ_1004,1.1464
2026-04-01 02:15:00,OBJ_1012,4.8255
2026-04-01 20:45:00,OBJ_1008,9.1148
2026-04-02 09:15:00,OBJ_1005,0.5867
2026-04-03 18:00:00,OBJ_1010,5.2257
2026-04-02 04:30:00,OBJ_1002,8.2703
2026-04-02 23:30:00,OBJ_1001,0.0
2026-04-03 09:15:00,OBJ_1011,0.9786
2026-04-01 08:45:00,OBJ_1004,1.2958
2026-04-02 13:00:00,OBJ_1002,5.5905
2026-04-03 01:45:00,OBJ_1009,0.0
2026-04-01 18:45:00,OBJ_1004,1.1171
2026-04-01 18:15:00,OBJ_1001,1.6265
2026-04-03 12:45:00,OBJ_1002,5.5596
2026-04-01 05:15:00,OBJ_1006,0.0
2026-04-01 05:30:00,OBJ_1014,3.3816
2026-04-02 09:45:00,OBJ_1007,2.3168
2026-04-01 12:15:00,OBJ_1007,3.463
2026-04-03 13:30:00,OBJ_1008,9.3347
2026-04-01 08:45:00,OBJ_1002,6.0287
2026-04-03 04:00:00,OBJ_1005,0.7939
2026-04-03 12:15:00,OBJ_1012,16.0206
2026-04-03 09:45:00,OBJ_1001,2.802
2026-04-01 02:45:00,OBJ_1010,6.1946
2026-04-03 22:00:00,OBJ_1005,0.813
2026-04-02 20:15:00,OBJ_1006,0.0
2026-04-01 08:00:00,OBJ_1004,1.1888
2026-04-01 16:30:00,OBJ_1006,2.7635
2026-04-02 11:30:00,OBJ_1006,4.0647
2026-04-03 07:00:00,OBJ_1004,1.0092
2026-04-01 02:30:00,OBJ_1002,6.9755
2026-04-03 02:15:00,OBJ_1002,6.3866
2026-04-02 06:30:00,OBJ_1004,1.0361
2026-04-01 08:00:00,OBJ_1001,1.7628
2026-04-01 11:30:00,OBJ_1010,3.7093
2026-04-01 00:00:00,OBJ_1004,1.1484
2026-04-01 17:15:00,OBJ_1010,5.4803
2026-04-03 07:15:00,OBJ_1008,11.135
2026-04-02 01:15:00,OBJ_1010,4.8001
2026-04-03 05:15:00,OBJ_1002,5.8328
2026-04-03 03:45:00,OBJ_1014,3.8138
2026-04-02 15:00:00,OBJ_1002,7.9044
2026-04-01 00:30:00,OBJ_1004,0.9932
2026-04-02 04:15:00,OBJ_1004,1.1515
2026-04-01 07:45:00,OBJ_1010,4.5138
2026-04-02 17:15:00,OBJ_1011,1.4792
2026-04-03 02:30:00,OBJ_1009,0.0
2026-04-02 18:15:00,OBJ_1008,10.1392
2026-04-03 10:00:00,OBJ_1005,-1.0063
2026-04-03 04:00:00,OBJ_1008,2.8958
2026-04-03 00:00:00,OBJ_1007,3.8111
2026-04-01 22:00:00,OBJ_1001,0.0
2026-04-02 07:15:00,OBJ_1014,3.2302
2026-04-01 15:15:00,OBJ_1010,6.0486
2026-04-02 08:45:00,OBJ_1008,11.2781
2026-04-03 21:15:00,OBJ_1006,0.0
2026-04-01 20:15:00,OBJ_1007,3.3243
2026-04-03 22:45:00,OBJ_1009,0.0
2026-04-02 02:15:00,OBJ_1007,4.9392
2026-04-01 01:15:00,OBJ_9999,0.0
2026-04-03 14:00:00,OBJ_1008,12.4107
2026-04-03 06:00:00,OBJ_1006,0.0
2026-04-02 15:15:00,OBJ_1001,3.7453
2026-04-02 14:30:00,OBJ_1014,3.6717
2026-04-01 14:00:00,OBJ_1004,1.1606
2026-04-01 22:30:00,OBJ_1004,1.2016
2026-04-01 17:45:00,OBJ_1011,1.0534
2026-04-02 15:15:00,OBJ_1011,1.0729
2026-04-03 13:00:00,OBJ_1005,-1.0134
2026-04-02 18:45:00,OBJ_1008,13.08
2026-04-01 22:45:00,OBJ_1004,1.0213
2026-04-01 12:30:00,OBJ_1012,15.8078
2026-04-01 12:30:00,OBJ_1011,-1.2971
2026-04-02 01:30:00,OBJ_1006,0.0
2026-04-03 02:45:00,OBJ_1007,5.1685
2026-04-01 11:45:00,OBJ_1005,-0.8552
2026-04-02 04:15:00,OBJ_1005,0.7191
2026-04-02 15:15:00,OBJ_1007,4.8425
2026-04-03 09:30:00,OBJ_1002,4.094
2026-04-02 00:00:00,OBJ_1008,3.9422
2026-04-01 07:45:00,OBJ_1005,0.9556
2026-04-01 05:15:00,OBJ_1002,7.5551
2026-04-03 13:15:00,OBJ_1011,-1.6156
2026-04-02 07:15:00,OBJ_1008,14.4875
2026-04-01 11:15:00,OBJ_1002,3.6126
2026-04-01 04:00:00,OBJ_1005,0.8516
2026-04-02 00:45:00,OBJ_1011,1.1031
2026-04-03 01:00:00,OBJ_1002,5.1592
2026-04-02 21:45:00,OBJ_1009,0.0
2026-04-02 13:00:00,OBJ_1011,-1.6179
2026-04-01 05:45:00,OBJ_1008,2.8281
2026-04-03 16:15:00,OBJ_1009,3.9929
2026-04-01 07:45:00,OBJ_1009,2.1162
2026-04-03 04:15:00,OBJ_1009,0.0
2026-04-02 10:30:00,OBJ_1001,3.3932
2026-04-03 13:00:00,OBJ_1006,3.8409
2026-04-01 00:45:00,OBJ_1004,1.012
2026-04-01 17:15:00,OBJ_1008,12.0562
2026-04-03 16:30:00,OBJ_1009,3.5451
2026-04-02 18:30:00,OBJ_1008,11.262
2026-04-03 15:00:00,OBJ_1009,4.5943
2026-04-01 03:00:00,OBJ_1012,3.9596
2026-04-02 05:00:00,OBJ_1011,1.2664
2026-04-03 17:45:00,OBJ_1002,7.4164
2026-04-03 07:30:00,OBJ_1012,13.1159
2026-04-03 03:30:00,OBJ_1001,0.0
2026-04-02 09:15:00,OBJ_1008,12.838
2026-04-01 11:45:00,OBJ_1004,1.1453
2026-04-02 21:15:00,OBJ_1004,1.1148
2026-04-03 00:30:00,OBJ_1005,0.895
2026-04-02 01:15:00,OBJ_1011,1.3303
2026-04-01 05:45:00,OBJ_1007,4.5581
2026-04-02 15:15:00,OBJ_1002,8.2662
2026-04-01 02:15:00,OBJ_1007,4.4524
2026-04-02 08:00:00,OBJ_1008,9.2913
2026-04-02 02:15:00,OBJ_1004,1.1361
2026-04-02 21:30:00,OBJ_1006,0.0
2026-04-03 07:45:00,OBJ_1005,0.6185
2026-04-02 19:30:00,OBJ_1006,0.4153
2026-04-03 17:15:00,OBJ_1002,7.9281
2026-04-03 16:15:00,OBJ_1006,2.9018
2026-04-03 13:00:00,OBJ_1001,4.4296
2026-04-02 06:30:00,OBJ_1002,6.689
2026-04-03 07:45:00,OBJ_1008,11.2948
2026-04-01 14:30:00,OBJ_1002,7.5725
2026-04-03 20:45:00,OBJ_1005,0.9187
2026-04-02 08:30:00,OBJ_1008,10.2799
2026-04-02 13:15:00,OBJ_1004,0.9752
2026-04-01 04:45:00,OBJ_1004,1.1861
2026-04-03 14:15:00,OBJ_1004,1.1639
2026-04-02 05:30:00,OBJ_1009,0.0
2026-04-02 23:45:00,OBJ_1001,0.0
2026-04-03 14:30:00,OBJ_1006,4.324
2026-04-03 12:15:00,OBJ_1009,5.0837
2026-04-02 07:30:00,OBJ_1009,1.7476
2026-04-02 03:45:00,OBJ_1012,5.4541
2026-04-03 00:45:00,OBJ_1002,4.7567
2026-04-02 05:15:00,OBJ_1004,1.2403
2026-04-02 08:45:00,OBJ_1009,3.076
2026-04-03 04:15:00,OBJ_1012,4.1568
2026-04-01 15:00:00,OBJ_1010,6.8159
2026-04-03 04:30:00,OBJ_1004,1.1413
2026-04-03 08:30:00,OBJ_1008,12.677
2026-04-03 10:30:00,OBJ_1002,2.6262
2026-04-02 23:30:00,OBJ_1009,0.0
2026-04-02 09:30:00,OBJ_1009,4.3207
2026-04-01 08:15:00,OBJ_1014,2.44
2026-04-03 07:15:00,OBJ_1006,0.9917
2026-04-02 17:45:00,OBJ_1006,2.2486
2026-04-01 16:30:00,OBJ_1002,7.1749
2026-04-03 17:00:00,OBJ_1005,0.7725
2026-04-01 23:45:00,OBJ_1002,4.8953
2026-04-01 21:00:00,OBJ_1007,2.829
2026-04-03 17:30:00,OBJ_1014,3.2198
2026-04-03 23:15:00,OBJ_1012,4.6235
2026-04-03 02:30:00,OBJ_1010,5.7075
2026-04-01 08:00:00,OBJ_1008,10.2317
2026-04-02 14:45:00,OBJ_1004,1.1503
2026-04-03 18:00:00,OBJ_1002,6.6139
2026-04-01 17:00:00,OBJ_1011,1.1431
2026-04-02 23:15:00,OBJ_1002,4.0014
2026-04-01 04:15:00,OBJ_1011,1.5006
2026-04-03 09:45:00,OBJ_1012,16.4939
2026-04-03 17:00:00,OBJ_1011,1.5238
2026-04-01 14:30:00,OBJ_1001,4.1632
2026-04-01 01:15:00,OBJ_1002,5.9225
2026-04-01 14:45:00,OBJ_1014,3.4368
2026-04-03 20:00:00,OBJ_1004,1.14
2026-04-03 20:15:00,OBJ_1006,0.0
2026-04-01 22:45:00,OBJ_1006,0.0
2026-04-03 19:15:00,OBJ_1012,14.5831
2026-04-03 18:30:00,OBJ_1011,0.9649
2026-04-01 14:30:00,OBJ_1007,4.7769
2026-04-03 14:30:00,OBJ_1001,4.0244
2026-04-02 08:45:00,OBJ_1001,2.4486
2026-04-03 01:45:00,OBJ_1004,1.0982
2026-04-01 03:30:00,OBJ_1011,1.1278
2026-04-01 00:45:00,OBJ_1002,4.8639
2026-04-02 15:45:00,OBJ_1001,3.713
2026-04-02 01:30:00,OBJ_1010,4.6234
2026-04-01 08:00:00,OBJ_1006,1.9027
2026-04-03 17:45:00,OBJ_1012,15.0597
2026-04-03 15:00:00,OBJ_1008,9.8768
2026-04-02 17:15:00,OBJ_1005,0.6247
2026-04-03 23:15:00,OBJ_1009,0.0
2026-04-03 09:30:00,OBJ_1004,1.1823
2026-04-03 07:00:00,OBJ_1009,1.2396
2026-04-02 13:00:00,OBJ_1001,4.2218
2026-04-02 15:00:00,OBJ_1008,8.8382
2026-04-03 16:15:00,OBJ_1007,4.8769
2026-04-01 21:45:00,OBJ_1005,0.894
2026-04-02 11:15:00,OBJ_1012,15.0886
2026-04-03 15:45:00,OBJ_1008,9.559
2026-04-01 01:15:00,OBJ_1003,1.9514
2026-04-02 01:00:00,OBJ_1005,0.9072
2026-04-01 14:15:00,OBJ_1010,6.0558
2026-04-03 02:45:00,OBJ_1009,0.0
2026-04-01 04:45:00,OBJ_1007,4.8096
2026-04-02 14:15:00,OBJ_1014,2.8913
2026-04-01 11:30:00,OBJ_1002,3.5452
2026-04-02 04:15:00,OBJ_1006,0.0
2026-04-01 10:00:00,OBJ_1004,1.0556
2026-04-01 00:00:00,OBJ_1009,0.0
2026-04-03 10:45:00,OBJ_1004,1.0649
2026-04-02 18:00:00,OBJ_1005,0.7477
2026-04-01 03:15:00,OBJ_1001,0.0
2026-04-03 01:15:00,OBJ_1007,4.4699
2026-04-03 06:00:00,OBJ_1010,4.625
2026-04-02 07:45:00,OBJ_1010,4.189
2026-04-03 22:15:00,OBJ_1014,1.6876
2026-04-03 02:30:00,OBJ_1004,1.0909
2026-04-03 00:45:00,OBJ_1010,4.878
2026-04-01 15:15:00,OBJ_1011,0.9663
2026-04-01 06:45:00,OBJ_1014,3.1049
2026-04-01 08:30:00,OBJ_1012,15.2088
2026-04-01 18:00:00,OBJ_1012,16.9988
2026-04-02 17:45:00,OBJ_1014,3.1179
2026-04-02 17:00:00,OBJ_1001,2.4576
2026-04-03 21:30:00,OBJ_1011,1.2669
2026-04-02 22:30:00,OBJ_1005,0.6033
2026-04-01 07:00:00,OBJ_1004,1.0918
2026-04-02 08:45:00,OBJ_1007,3.5001
2026-04-01 05:30:00,OBJ_1002,7.6649
2026-04-01 04:00:00,OBJ_1014,3.0954
2026-04-02 14:00:00,OBJ_1012,14.725
2026-04-01 20:15:00,OBJ_1004,1.0581
2026-04-03 21:30:00,OBJ_1004,1.0545
2026-04-03 00:00:00,OBJ_1012,5.8819
2026-04-02 21:00:00,OBJ_1009,0.0
2026-04-01 18:15:00,OBJ_1006,1.5222
2026-04-03 07:45:00,OBJ_1004,1.0632
2026-04-01 08:30:00,OBJ_1005,0.7221
2026-04-01 23:15:00,OBJ_1001,0.0
2026-04-03 04:30:00,OBJ_1001,0.0
2026-04-02 08:15:00,OBJ_1006,1.8416
2026-04-01 23:45:00,OBJ_1011,1.2513
2026-04-02 23:15:00,OBJ_1007,2.9754
2026-04-03 17:45:00,OBJ_1007,4.9378
2026-04-01 04:45:00,OBJ_1012,4.7979
2026-04-02 13:15:00,OBJ_1011,-1.7827
2026-04-03 11:30:00,OBJ_1005,-0.9092
2026-04-02 14:30:00,OBJ_1010,6.1473
2026-04-03 05:00:00,OBJ_1008,4.1074
2026-04-02 00:45:00,OBJ_1001,0.0
2026-04-03 06:15:00,OBJ_1007,5.1166
2026-04-01 00:00:00,OBJ_9999,0.0
2026-04-02 17:00:00,OBJ_1008,11.5366
2026-04-03 09:00:00,OBJ_1009,3.2438
2026-04-03 16:45:00,OBJ_1014,2.8931
2026-04-02 12:45:00,OBJ_1005,-1.0925
2026-04-03 02:00:00,OBJ_1007,5.4848
2026-04-03 22:00:00,OBJ_1002,3.3933
2026-04-01 22:45:00,OBJ_1007,1.7862
2026-04-03 14:45:00,OBJ_1008,14.0201
2026-04-01 03:00:00,OBJ_1014,3.2007
2026-04-03 06:30:00,OBJ_1014,3.5073
2026-04-02 07:00:00,OBJ_1009,1.1781
2026-04-02 06:30:00,OBJ_1007,5.3257
2026-04-01 16:45:00,OBJ_1012,16.377
2026-04-03 19:45:00,OBJ_1010,5.7916
2026-04-02 10:30:00,OBJ_1005,-1.2323
2026-04-03 22:45:00,OBJ_1002,3.1157
2026-04-01 01:30:00,OBJ_1014,2.3965
2026-04-03 21:45:00,OBJ_1010,3.7101
2026-04-01 22:30:00,OBJ_1009,0.0
2026-04-01 00:00:00,OBJ_1011,1.2859
2026-04-02 09:00:00,OBJ_1004,1.3635
2026-04-02 13:15:00,OBJ_1002,5.8972
2026-04-02 22:30:00,OBJ_1002,3.8127
2026-04-02 04:30:00,OBJ_1014,3.4734
2026-04-02 15:15:00,OBJ_1004,0.9596
2026-04-02 06:00:00,OBJ_1012,5.8977
2026-04-01 12:45:00,OBJ_1005,-1.2268
2026-04-03 18:00:00,OBJ_1006,1.7625
2026-04-02 04:00:00,OBJ_1010,5.7374
2026-04-02 19:15:00,OBJ_1010,5.2239
2026-04-03 21:30:00,OBJ_1007,2.9735
2026-04-01 13:15:00,OBJ_1012,14.632
2026-04-02 17:00:00,OBJ_1010,6.2411
2026-04-02 10:45:00,OBJ_1011,-1.6001
2026-04-02 01:45:00,OBJ_1004,1.0809
2026-04-02 09:45:00,OBJ_1014,2.0044
2026-04-01 17:45:00,OBJ_1005,1.0175
2026-04-01 20:00:00,OBJ_1014,2.7196
2026-04-03 18:30:00,OBJ_1008,11.0845
2026-04-02 02:45:00,OBJ_1001,0.0
2026-04-02 01:00:00,OBJ_1009,0.0
2026-04-02 12:45:00,OBJ_1008,10.1817
2026-04-02 22:45:00,OBJ_1010,2.7531
2026-04-02 20:30:00,OBJ_1002,5.8944
2026-04-02 18:45:00,OBJ_1012,15.1928
2026-04-03 12:45:00,OBJ_1004,0.9833
2026-04-03 14:30:00,OBJ_1009,5.1707
2026-04-01 22:45:00,OBJ_1014,1.6681
2026-04-03 16:30:00,OBJ_1001,3.3238
2026-04-03 13:45:00,OBJ_1009,5.337
2026-04-03 10:45:00,OBJ_1014,1.5632
2026-04-02 13:30:00,OBJ_1014,2.9471
2026-04-02 06:00:00,OBJ_1009,0.0
2026-04-01 18:30:00,OBJ_1005,0.9737
2026-04-03 08:15:00,OBJ_1006,2.1235
2026-04-02 02:00:00,OBJ_1008,3.3892
2026-04-02 05:45:00,OBJ_1007,4.3137
2026-04-03 09:15:00,OBJ_1012,14.5434
2026-04-01 22:30:00,OBJ_1005,0.6651
2026-04-02 04:15:00,OBJ_1009,0.0
2026-04-02 16:00:00,OBJ_1010,5.7475
2026-04-01 11:30:00,OBJ_1011,-1.9464
2026-04-03 16:30:00,OBJ_1014,3.15
2026-04-01 14:00:00,OBJ_1011,-1.7052
2026-04-02 04:45:00,OBJ_1011,0.9374
2026-04-01 09:00:00,OBJ_1001,2.6219
2026-04-01 08:30:00,OBJ_1008,9.2641
2026-04-01 21:15:00,OBJ_1009,0.0
2026-04-02 09:00:00,OBJ_1011,1.3234
2026-04-03 08:30:00,OBJ_1009,2.5147
2026-04-01 00:00:00,OBJ_1008,2.7636
2026-04-01 14:15:00,OBJ_1009,5.1678
2026-04-03 20:30:00,OBJ_1010,4.7665
2026-04-03 15:15:00,OBJ_1008,9.5927
2026-04-01 14:30:00,OBJ_1009,5.2067
2026-04-03 22:00:00,OBJ_1004,1.1643
2026-04-02 08:30:00,OBJ_1004,1.1965
2026-04-01 00:15:00,OBJ_1009,0.0
2026-04-03 08:15:00,OBJ_1005,0.7937
2026-04-02 09:15:00,OBJ_1012,16.0862
2026-04-01 07:30:00,OBJ_1012,13.4023
2026-04-01 08:30:00,OBJ_1009,2.9541
2026-04-01 11:45:00,OBJ_1008,10.5385
2026-04-01 21:00:00,OBJ_1009,0.0
2026-04-02 01:45:00,OBJ_1001,0.0
2026-04-01 21:45:00,OBJ_1009,0.0
2026-04-03 05:30:00,OBJ_1014,3.2944
2026-04-02 21:15:00,OBJ_1012,18.1516
2026-04-02 13:30:00,OBJ_1002,5.1843
2026-04-03 10:45:00,OBJ_1007,2.1737
2026-04-01 14:15:00,OBJ_1002,8.0521
2026-04-02 12:15:00,OBJ_1009,6.2246
2026-04-03 09:30:00,OBJ_1014,2.1683
2026-04-03 19:15:00,OBJ_1001,0.6696
2026-04-01 10:30:00,OBJ_1012,17.5182
2026-04-01 07:00:00,OBJ_1001,0.8948
2026-04-03 16:45:00,OBJ_1008,10.6859
2026-04-03 09:15:00,OBJ_1001,2.783
2026-04-02 10:45:00,OBJ_1012,15.921
2026-04-01 02:15:00,OBJ_9999,0.0
2026-04-01 18:00:00,OBJ_1001,1.9463
2026-04-02 06:45:00,OBJ_1012,5.1925
2026-04-03 14:00:00,OBJ_1006,4.1395
2026-04-02 22:00:00,OBJ_1002,2.6134
2026-04-01 13:45:00,OBJ_1005,-1.0011
2026-04-01 16:45:00,OBJ_1004,1.0532
2026-04-02 04:00:00,OBJ_1007,4.7665
2026-04-01 19:45:00,OBJ_1002,7.1241
2026-04-01 21:00:00,OBJ_1014,2.0456
2026-04-02 14:15:00,OBJ_1011,-1.9058
2026-04-03 22:45:00,OBJ_1004,1.137
2026-04-01 10:45:00,OBJ_1001,4.0596
2026-04-01 01:15:00,OBJ_1007,4.4923
2026-04-03 14:15:00,OBJ_1001,3.9217
2026-04-03 12:30:00,OBJ_1002,4.6527
2026-04-02 16:30:00,OBJ_1014,3.4483
2026-04-02 23:00:00,OBJ_1002,4.4226
2026-04-02 06:00:00,OBJ_1002,6.2208
2026-04-01 06:30:00,OBJ_1011,1.4312
2026-04-01 15:30:00,OBJ_1002,6.0549
2026-04-03 21:45:00,OBJ_1014,1.8489
2026-04-02 03:45:00,OBJ_1014,3.8256
2026-04-03 05:45:00,OBJ_1004,1.0958
2026-04-01 08:45:00,OBJ_1012,16.0182
2026-04-01 12:45:00,OBJ_1010,3.9761
2026-04-02 13:30:00,OBJ_1010,5.4762
2026-04-03 10:15:00,OBJ_1001,3.3798
2026-04-02 04:30:00,OBJ_1001,0.0
2026-04-02 03:15:00,OBJ_1014,3.1355
2026-04-01 05:00:00,OBJ_1014,2.8407
2026-04-02 21:45:00,OBJ_1004,1.2265
2026-04-02 12:15:00,OBJ_1002,4.1775
2026-04-03 15:30:00,OBJ_1007,4.8447
2026-04-02 19:45:00,OBJ_1002,6.5115
2026-04-03 18:30:00,OBJ_1012,16.637
2026-04-01 13:30:00,OBJ_1010,4.8755
2026-04-01 14:00:00,OBJ_1012,16.5665
2026-04-03 22:30:00,OBJ_1009,0.0
2026-04-03 16:15:00,OBJ_1002,7.7501
2026-04-02 15:30:00,OBJ_1010,5.8392
2026-04-03 16:00:00,OBJ_1008,12.0952
2026-04-01 19:00:00,OBJ_1010,5.1731
2026-04-03 20:00:00,OBJ_1001,0.0
2026-04-01 06:15:00,OBJ_1005,0.7791
2026-04-03 11:15:00,OBJ_1014,1.707
2026-04-02 01:00:00,OBJ_1006,0.0
2026-04-01 02:30:00,OBJ_1001,0.0
2026-04-03 19:15:00,OBJ_1005,0.6795
2026-04-01 01:30:00,OBJ_1006,0.0
2026-04-01 06:30:00,OBJ_1008,3.5275
2026-04-03 17:30:00,OBJ_1008,11.9621
2026-04-02 23:30:00,OBJ_1008,3.634
2026-04-03 05:30:00,OBJ_1008,3.6678
2026-04-02 09:15:00,OBJ_1006,2.7505
2026-04-02 08:30:00,OBJ_1011,1.3242
2026-04-02 06:15:00,OBJ_1008,3.8003
2026-04-01 13:00:00,OBJ_1012,18.022
2026-04-02 07:00:00,OBJ_1008,9.5178
2026-04-03 03:00:00,OBJ_1001,0.0
2026-04-01 17:00:00,OBJ_1008,11.4322
2026-04-03 08:00:00,OBJ_1012,16.2181
2026-04-01 12:30:00,OBJ_1002,5.777
2026-04-03 18:30:00,OBJ_1006,1.6227
2026-04-02 08:15:00,OBJ_1005,0.8531
2026-04-01 15:15:00,OBJ_1005,0.9634
2026-04-02 16:45:00,OBJ_1008,9.5948
2026-04-03 03:15:00,OBJ_1005,0.8425
2026-04-03 11:45:00,OBJ_1001,3.9284
2026-04-03 17:45:00,OBJ_1005,0.9009
2026-04-01 14:15:00,OBJ_1012,15.7913
2026-04-01 16:45:00,OBJ_1002,7.015
2026-04-03 19:15:00,OBJ_1006,0.7375
2026-04-03 14:15:00,OBJ_1006,4.0498
2026-04-02 05:15:00,OBJ_1010,6.3
2026-04-03 11:30:00,OBJ_1011,-1.2382
2026-04-02 17:30:00,OBJ_1010,5.7469
2026-04-03 10:45:00,OBJ_1008,10.5957
2026-04-01 04:00:00,OBJ_1007,5.6182
2026-04-01 21:45:00,OBJ_1004,1.0568
2026-04-03 18:45:00,OBJ_1012,16.1951
2026-04-03 10:30:00,OBJ_1006,3.3703
2026-04-02 16:15:00,OBJ_1008,9.9559
2026-04-02 13:30:00,OBJ_1006,4.0378
2026-04-01 19:30:00,OBJ_1004,1.063
2026-04-01 02:45:00,OBJ_1002,6.8999
2026-04-03 21:45:00,OBJ_1008,11.9276
2026-04-01 12:00:00,OBJ_1009,6.0317
2026-04-02 20:45:00,OBJ_1014,2.1144
2026-04-01 03:00:00,OBJ_1005,0.6142
2026-04-03 12:15:00,OBJ_1005,-1.0921
2026-04-02 15:45:00,OBJ_1007,4.58
2026-04-02 06:15:00,OBJ_1014,3.0451
2026-04-03 20:00:00,OBJ_1005,0.781
2026-04-02 23:45:00,OBJ_1002,4.2782
2026-04-01 04:30:00,OBJ_1007,5.2014
2026-04-01 20:45:00,OBJ_1011,1.1199
2026-04-01 16:30:00,OBJ_1011,1.0368
2026-04-03 19:45:00,OBJ_1005,0.751
2026-04-01 08:00:00,OBJ_1012,14.1508
2026-04-03 08:15:00,OBJ_1007,3.7715
2026-04-02 02:00:00,OBJ_1004,1.151
2026-04-01 01:30:00,OBJ_1011,0.9878
2026-04-02 09:45:00,OBJ_1010,3.6664
2026-04-02 20:30:00,OBJ_1007,4.0689
2026-04-03 11:45:00,OBJ_1011,-1.7959
2026-04-03 06:00:00,OBJ_1012,4.8567
2026-04-02 10:00:00,OBJ_1001,3.2231
2026-04-03 00:30:00,OBJ_1008,3.5384
2026-04-01 07:00:00,OBJ_1005,0.9313
2026-04-03 05:00:00,OBJ_1005,0.8015
2026-04-03 00:15:00,OBJ_1010,4.8031
2026-04-02 00:15:00,OBJ_1010,5.3381
2026-04-02 10:00:00,OBJ_1004,1.0669
2026-04-01 15:00:00,OBJ_1014,3.0266
2026-04-02 05:45:00,OBJ_1008,2.8639
2026-04-02 05:15:00,OBJ_1001,0.0
2026-04-02 04:45:00,OBJ_1004,1.1449
2026-04-01 15:30:00,OBJ_1010,7.0618
2026-04-02 21:30:00,OBJ_1012,13.5946
2026-04-02 23:15:00,OBJ_1006,0.0
2026-04-03 02:15:00,OBJ_1014,3.1117
2026-04-01 07:30:00,OBJ_1006,1.3305
2026-04-01 20:00:00,OBJ_1008,10.0822
2026-04-01 00:00:00,OBJ_1007,3.1714
2026-04-02 13:30:00,OBJ_1005,-0.8949
2026-04-03 05:45:00,OBJ_1008,3.147
2026-04-02 21:00:00,OBJ_1006,0.0
2026-04-02 07:45:00,OBJ_1011,1.0941
2026-04-02 15:45:00,OBJ_1008,9.7498
2026-04-02 18:45:00,OBJ_1009,1.5241
2026-04-02 22:30:00,OBJ_1011,1.4011
2026-04-03 16:30:00,OBJ_1010,5.9272
2026-04-03 02:30:00,OBJ_1014,3.2758
2026-04-03 11:30:00,OBJ_1008,9.3027
2026-04-02 19:30:00,OBJ_1012,18.2577
2026-04-03 15:00:00,OBJ_1004,1.2028
2026-04-01 04:15:00,OBJ_1005,0.8815
2026-04-01 03:30:00,OBJ_1002,7.2568
2026-04-02 23:45:00,OBJ_1014,1.9199
2026-04-03 15:45:00,OBJ_1006,3.5671
2026-04-03 09:15:00,OBJ_1005,0.9191
2026-04-02 01:30:00,OBJ_1001,0.0
2026-04-01 06:45:00,OBJ_1005,0.7228
2026-04-01 14:15:00,OBJ_1007,3.8789
2026-04-01 07:00:00,OBJ_1002,6.2502
2026-04-02 02:00:00,OBJ_1005,0.5811
2026-04-01 10:15:00,OBJ_1009,4.5975
2026-04-03 11:30:00,OBJ_1002,3.4175
2026-04-03 00:45:00,OBJ_1008,2.9019
2026-04-01 18:15:00,OBJ_1007,5.3527
2026-04-03 04:45:00,OBJ_1008,3.4246
2026-04-03 17:30:00,OBJ_1010,6.7077
2026-04-02 01:00:00,OBJ_1008,3.6702
2026-04-02 11:45:00,OBJ_1014,2.02
2026-04-03 23:00:00,OBJ_1006,0.0
2026-04-02 11:45:00,OBJ_1007,2.5766
2026-04-01 10:00:00,OBJ_1005,-0.9296
2026-04-03 17:30:00,OBJ_1002,8.5911
2026-04-01 05:00:00,OBJ_1005,0.7366
2026-04-01 15:45:00,OBJ_1005,0.8931
2026-04-03 19:00:00,OBJ_1002,5.8463
2026-04-01 01:15:00,OBJ_1005,0.6047
2026-04-01 20:00:00,OBJ_1012,13.8548
2026-04-03 02:15:00,OBJ_1010,5.7073
2026-04-01 06:30:00,OBJ_1006,0.4629
2026-04-01 18:15:00,OBJ_1012,14.8979
2026-04-03 21:00:00,OBJ_1011,0.911
2026-04-03 06:45:00,OBJ_1010,5.2557
2026-04-02 14:00:00,OBJ_1009,5.3246
2026-04-03 10:15:00,OBJ_1010,2.3932
2026-04-03 06:30:00,OBJ_1006,0.4715
2026-04-03 00:30:00,OBJ_1011,1.2112
2026-04-02 19:15:00,OBJ_1005,0.725
2026-04-02 02:30:00,OBJ_1007,5.0335
2026-04-03 09:00:00,OBJ_1011,1.038
2026-04-01 10:15:00,OBJ_1007,2.2639
2026-04-01 03:15:00,OBJ_1004,1.0727
2026-04-03 19:30:00,OBJ_1008,11.453
2026-04-02 20:45:00,OBJ_1010,3.5633
2026-04-02 00:00:00,OBJ_1011,1.3517
2026-04-01 17:45:00,OBJ_1009,3.009
2026-04-01 17:00:00,OBJ_1005,0.8358
2026-04-03 04:15:00,OBJ_1007,5.2746
2026-04-03 06:30:00,OBJ_1008,4.6773
2026-04-01 15:15:00,OBJ_1014,3.1643
2026-04-03 19:00:00,OBJ_1012,17.9173
2026-04-01 23:00:00,OBJ_1009,0.0
2026-04-03 01:45:00,OBJ_1005,0.7295
2026-04-01 04:00:00,OBJ_1012,5.3533
2026-04-01 06:30:00,OBJ_1002,6.889
2026-04-01 19:45:00,OBJ_1005,0.8714
2026-04-02 17:00:00,OBJ_1014,2.8035
2026-04-03 07:30:00,OBJ_1006,1.3944
2026-04-01 09:30:00,OBJ_1002,4.7722
2026-04-02 20:00:00,OBJ_1002,5.4557
2026-04-01 06:15:00,OBJ_1006,0.2427
2026-04-01 04:30:00,OBJ_1005,0.9078
2026-04-01 10:45:00,OBJ_1014,1.4799
2026-04-02 08:15:00,OBJ_1002,6.09
2026-04-03 02:15:00,OBJ_1012,6.3406
2026-04-03 05:45:00,OBJ_1006,0.0
2026-04-01 17:15:00,OBJ_1001,2.6513
2026-04-03 16:30:00,OBJ_1007,4.0111
2026-04-03 20:15:00,OBJ_1011,1.3875
2026-04-01 12:45:00,OBJ_1006,4.0016
2026-04-01 21:30:00,OBJ_1004,1.4002
2026-04-03 03:30:00,OBJ_1014,3.1403
2026-04-02 14:15:00,OBJ_1001,4.1598
2026-04-01 20:30:00,OBJ_1008,10.2222
2026-04-03 06:45:00,OBJ_1002,7.3252
2026-04-02 23:00:00,OBJ_1007,2.5609
2026-04-01 09:30:00,OBJ_1010,3.1042
2026-04-03 07:45:00,OBJ_1001,1.6604
2026-04-02 01:15:00,OBJ_1007,3.2982
2026-04-03 22:00:00,OBJ_1012,4.6089
2026-04-03 12:30:00,OBJ_1014,2.2525
2026-04-01 22:00:00,OBJ_1012,4.9548
2026-04-02 01:00:00,OBJ_1010,4.3028
2026-04-02 06:30:00,OBJ_1006,0.5475
2026-04-02 05:00:00,OBJ_1007,5.1561
2026-04-03 06:30:00,OBJ_1009,0.5754
2026-04-01 00:45:00,OBJ_1003,2.3601
2026-04-03 16:00:00,OBJ_1011,1.16
2026-04-02 10:30:00,OBJ_1002,2.9809
2026-04-02 04:15:00,OBJ_1008,3.5204
2026-04-02 02:45:00,OBJ_1012,5.6188
2026-04-01 14:00:00,OBJ_1008,11.5479
2026-04-02 07:30:00,OBJ_1010,4.478
2026-04-02 10:15:00,OBJ_1012,15.6956
2026-04-01 23:45:00,OBJ_1006,0.0
2026-04-02 00:30:00,OBJ_1008,4.3022
2026-04-01 11:00:00,OBJ_1001,4.0234
2026-04-02 14:00:00,OBJ_1002,7.1139
2026-04-03 16:15:00,OBJ_1004,1.1264
2026-04-03 11:30:00,OBJ_1001,3.8133
2026-04-02 09:30:00,OBJ_1014,1.9265
2026-04-03 08:00:00,OBJ_1001,1.7905
2026-04-03 06:45:00,OBJ_1007,4.0382
2026-04-03 07:15:00,OBJ_1004,1.1581
2026-04-02 19:15:00,OBJ_1004,0.9487
2026-04-01 04:45:00,OBJ_1008,3.5128
2026-04-03 11:15:00,OBJ_1012,17.8721
2026-04-02 04:30:00,OBJ_1012,5.7673
2026-04-02 22:15:00,OBJ_1007,2.2655
2026-04-01 19:45:00,OBJ_1014,2.982
2026-04-02 16:15:00,OBJ_1002,6.6767
2026-04-02 09:15:00,OBJ_1002,5.0574
2026-04-02 21:45:00,OBJ_1010,3.2906
2026-04-03 23:15:00,OBJ_1001,0.0
2026-04-01 11:15:00,OBJ_1006,4.2572
2026-04-01 01:30:00,OBJ_1007,3.7625
2026-04-03 03:15:00,OBJ_1004,1.3321
2026-04-01 02:45:00,OBJ_1006,0.0
2026-04-02 17:00:00,OBJ_1007,4.9831
2026-04-01 08:45:00,OBJ_1014,2.7887
2026-04-02 15:30:00,OBJ_1012,15.6461
2026-04-02 00:00:00,OBJ_1014,2.1273
2026-04-03 10:15:00,OBJ_1005,-0.9003
2026-04-03 08:45:00,OBJ_1010,4.1732
2026-04-03 16:00:00,OBJ_1001,3.375
2026-04-03 08:00:00,OBJ_1005,0.6544
2026-04-03 21:45:00,OBJ_1001,0.0
2026-04-02 00:15:00,OBJ_1002,6.2389
2026-04-01 17:45:00,OBJ_1007,5.3358
2026-04-03 06:00:00,OBJ_1001,0.0
2026-04-03 22:15:00,OBJ_1001,0.0
2026-04-01 00:30:00,OBJ_1001,0.0
2026-04-03 09:15:00,OBJ_1008,11.0496
2026-04-01 01:45:00,OBJ_1009,0.0
2026-04-03 23:45:00,OBJ_1002,3.5765
2026-04-01 09:15:00,OBJ_1010,4.435
2026-04-03 19:30:00,OBJ_1002,7.0411
2026-04-01 11:45:00,OBJ_1001,4.1972
2026-04-03 19:00:00,OBJ_1011,1.4707
2026-04-02 02:15:00,OBJ_1006,0.0
2026-04-01 03:45:00,OBJ_1004,1.116
2026-04-01 08:15:00,OBJ_1009,2.9929
2026-04-03 20:00:00,OBJ_1014,2.327
2026-04-02 11:45:00,OBJ_1012,13.0545
2026-04-01 06:00:00,OBJ_1009,0.0
2026-04-01 11:15:00,OBJ_1010,3.4766
2026-04-02 03:00:00,OBJ_1007,4.9474
2026-04-02 06:45:00,OBJ_1006,0.6626
2026-04-02 07:00:00,OBJ_1004,1.1775
2026-04-02 19:00:00,OBJ_1008,10.9785
2026-04-03 09:00:00,OBJ_1004,1.0235
2026-04-02 04:00:00,OBJ_1011,1.3802
2026-04-03 06:15:00,OBJ_1004,1.1226
2026-04-02 17:15:00,OBJ_1012,12.2598
2026-04-03 00:30:00,OBJ_1007,3.5453
2026-04-02 13:30:00,OBJ_1001,3.7128
2026-04-01 21:30:00,OBJ_1007,2.9316
2026-04-02 00:00:00,OBJ_1010,4.2271
2026-04-03 10:30:00,OBJ_1009,4.5875
2026-04-02 07:00:00,OBJ_1007,4.353
2026-04-02 15:00:00,OBJ_1005,0.8739
2026-04-02 09:15:00,OBJ_1001,2.8317
2026-04-02 04:15:00,OBJ_1011,1.1955
2026-04-02 12:30:00,OBJ_1004,1.0573
2026-04-01 21:45:00,OBJ_1011,1.1426
2026-04-02 08:30:00,OBJ_1006,2.4774
2026-04-02 11:15:00,OBJ_1009,4.7351
2026-04-02 22:45:00,OBJ_1006,0.0
2026-04-02 13:45:00,OBJ_1014,3.4393
2026-04-03 11:00:00,OBJ_1005,-0.9582
2026-04-03 15:15:00,OBJ_1010,5.6115
2026-04-02 16:00:00,OBJ_1014,3.3029
2026-04-01 22:00:00,OBJ_1005,0.9429
2026-04-03 19:30:00,OBJ_1005,0.634
2026-04-03 09:45:00,OBJ_1007,3.1945
2026-04-03 13:45:00,OBJ_1004,1.0993
2026-04-01 12:00:00,OBJ_1010,4.6761
2026-04-03 20:30:00,OBJ_1004,1.2267
2026-04-02 02:30:00,OBJ_1002,6.2047
2026-04-02 18:45:00,OBJ_1001,1.0329
2026-04-01 19:30:00,OBJ_1009,0.5872
2026-04-03 10:15:00,OBJ_1009,4.9262
2026-04-02 10:00:00,OBJ_1006,3.1464
2026-04-01 14:15:00,OBJ_1001,3.5314
2026-04-01 17:00:00,OBJ_1004,1.2841
2026-04-01 19:00:00,OBJ_1009,1.2169
2026-04-02 17:00:00,OBJ_1002,6.6424
2026-04-02 15:00:00,OBJ_1009,4.9535
2026-04-01 22:00:00,OBJ_1014,1.3839
2026-04-03 09:45:00,OBJ_1010,3.4116
2026-04-01 09:15:00,OBJ_1006,2.95
2026-04-02 21:15:00,OBJ_1001,0.0
2026-04-03 06:30:00,OBJ_1012,4.4655
2026-04-03 05:00:00,OBJ_1010,6.0066
2026-04-03 19:30:00,OBJ_1004,1.023
2026-04-02 21:30:00,OBJ_1007,2.9152
2026-04-02 06:15:00,OBJ_1007,4.646
2026-04-03 04:00:00,OBJ_1009,0.0
2026-04-03 19:15:00,OBJ_1007,4.4997
2026-04-02 11:30:00,OBJ_1005,-1.0563
2026-04-01 00:15:00,OBJ_1004,1.3361
2026-04-03 04:00:00,OBJ_1011,1.2749
2026-04-03 00:45:00,OBJ_1009,0.0
2026-04-01 13:00:00,OBJ_1014,2.908
2026-04-01 08:15:00,OBJ_1001,1.9912
2026-04-03 03:15:00,OBJ_1010,5.8781
2026-04-01 15:00:00,OBJ_1002,6.9336
2026-04-01 02:45:00,OBJ_1009,0.0
2026-04-01 20:15:00,OBJ_1012,15.0829
2026-04-01 01:30:00,OBJ_1004,1.0464
2026-04-01 20:15:00,OBJ_1008,12.8615
2026-04-01 23:30:00,OBJ_1002,3.5506
2026-04-03 07:15:00,OBJ_1014,2.9739
2026-04-03 04:45:00,OBJ_1014,3.7109
2026-04-01 15:00:00,OBJ_1009,4.9429
2026-04-01 12:30:00,OBJ_1005,-1.0403
2026-04-02 01:30:00,OBJ_1002,7.2834
2026-04-01 03:15:00,OBJ_1006,0.0
2026-04-03 02:45:00,OBJ_1004,0.9889
2026-04-02 03:45:00,OBJ_1009,0.0
2026-04-02 18:15:00,OBJ_1014,2.9462
2026-04-03 04:30:00,OBJ_1008,3.4248
2026-04-03 20:45:00,OBJ_1009,0.0
2026-04-01 02:15:00,OBJ_1001,0.0
2026-04-03 15:45:00,OBJ_1004,1.1214
2026-04-01 12:30:00,OBJ_1008,10.2539
2026-04-01 00:45:00,OBJ_1001,-0.1
2026-04-02 13:30:00,OBJ_1007,3.9943
2026-04-01 06:00:00,OBJ_1004,1.097
2026-04-01 10:15:00,OBJ_1004,1.0737
2026-04-01 02:00:00,OBJ_1012,4.5417
2026-04-01 17:30:00,OBJ_1014,3.2332
2026-04-03 21:15:00,OBJ_1008,11.0762
2026-04-03 06:15:00,OBJ_1005,0.7585
2026-04-01 08:30:00,OBJ_1014,2.1031
2026-04-03 02:15:00,OBJ_1009,0.0
2026-04-03 08:15:00,OBJ_1014,2.3196
2026-04-03 05:15:00,OBJ_1012,6.2551
2026-04-03 01:00:00,OBJ_1001,0.0
2026-04-03 17:00:00,OBJ_1001,2.4389
2026-04-03 08:30:00,OBJ_1011,1.0847
2026-04-01 10:45:00,OBJ_1002,3.1358
2026-04-01 18:30:00,OBJ_1014,2.8679
2026-04-01 09:30:00,OBJ_1012,16.5317
2026-04-01 00:30:00,OBJ_1012,3.824
2026-04-01 06:00:00,OBJ_1006,0.0
2026-04-01 10:15:00,OBJ_1011,-1.3847
2026-04-01 16:45:00,OBJ_1010,5.7784
2026-04-03 14:00:00,OBJ_1001,4.4509
2026-04-02 09:45:00,OBJ_1008,13.8446
2026-04-02 03:30:00,OBJ_1012,4.4921
2026-04-01 05:45:00,OBJ_1004,1.1081
2026-04-02 12:45:00,OBJ_1004,1.1185
2026-04-03 20:00:00,OBJ_1012,13.8802
2026-04-02 09:30:00,OBJ_1004,0.9957
2026-04-02 01:00:00,OBJ_1012,5.3732
2026-04-01 19:00:00,OBJ_1012,14.5326
2026-04-01 06:15:00,OBJ_1002,6.6623
2026-04-02 12:15:00,OBJ_1007,2.9976
2026-04-02 03:00:00,OBJ_1014,3.2627
2026-04-03 11:00:00,OBJ_1007,2.7225
2026-04-03 13:30:00,OBJ_1002,5.9909
2026-04-03 02:45:00,OBJ_1001,0.0
2026-04-01 00:30:00,OBJ_1011,1.394
2026-04-03 09:45:00,OBJ_1009,3.9333
2026-04-01 08:15:00,OBJ_1004,1.023
2026-04-01 20:45:00,OBJ_1002,4.795
2026-04-02 21:45:00,OBJ_1011,1.2355
2026-04-01 01:00:00,OBJ_1001,0.0
2026-04-03 07:30:00,OBJ_1009,2.1079
2026-04-03 13:45:00,OBJ_1007,4.2401
2026-04-01 16:00:00,OBJ_1002,6.8044
2026-04-02 21:00:00,OBJ_1002,3.9616
2026-04-01 17:30:00,OBJ_1007,4.8646
2026-04-03 05:30:00,OBJ_1004,1.1519
2026-04-01 04:45:00,OBJ_1011,0.8667
2026-04-03 14:00:00,OBJ_1010,5.0136
2026-04-03 23:15:00,OBJ_1011,1.2035
2026-04-02 13:45:00,OBJ_1008,13.105
2026-04-02 18:30:00,OBJ_1002,5.496
2026-04-01 03:00:00,OBJ_1009,0.0
2026-04-01 08:45:00,OBJ_1006,2.4084
2026-04-03 20:30:00,OBJ_1001,0.0
2026-04-02 10:15:00,OBJ_1007,1.8405
2026-04-03 04:45:00,OBJ_1012,5.9941
2026-04-01 21:15:00,OBJ_1006,0.0
2026-04-03 12:45:00,OBJ_1009,5.8945
2026-04-03 23:00:00,OBJ_1008,3.563
2026-04-02 15:15:00,OBJ_1010,6.7616
2026-04-01 17:15:00,OBJ_1009,3.2409
2026-04-01 22:15:00,OBJ_1007,1.9455
2026-04-01 10:30:00,OBJ_1004,1.1095
2026-04-02 08:00:00,OBJ_1006,1.7735
2026-04-02 17:15:00,OBJ_1002,7.9438
2026-04-02 07:45:00,OBJ_1004,1.3187
2026-04-02 11:30:00,OBJ_1014,2.2014
2026-04-02 06:30:00,OBJ_1010,6.6204
2026-04-02 00:30:00,OBJ_1009,0.0
2026-04-03 06:45:00,OBJ_1004,1.1439
2026-04-02 20:00:00,OBJ_1012,15.8201
2026-04-01 15:00:00,OBJ_1007,4.6077
2026-04-01 22:00:00,OBJ_1011,1.2103
2026-04-02 03:30:00,OBJ_1008,4.3347
2026-04-01 19:45:00,OBJ_1010,3.9964
2026-04-02 15:30:00,OBJ_1004,1.0223
2026-04-02 17:15:00,OBJ_1009,3.5025
2026-04-02 06:45:00,OBJ_1014,2.7206
2026-04-02 18:00:00,OBJ_1006,1.8102
2026-04-01 23:15:00,OBJ_1014,1.8145
2026-04-03 16:30:00,OBJ_1006,2.9157
2026-04-02 08:00:00,OBJ_1011,1.1011
2026-04-02 04:45:00,OBJ_1010,5.8077
2026-04-01 20:45:00,OBJ_1010,4.3248
2026-04-03 14:00:00,OBJ_1009,5.3657
2026-04-01 22:30:00,OBJ_1006,0.0
2026-04-01 19:30:00,OBJ_1010,5.4048
2026-04-01 12:15:00,OBJ_1001,4.5891
2026-04-03 06:15:00,OBJ_1001,0.2332
2026-04-03 04:15:00,OBJ_1010,6.3292
2026-04-02 22:45:00,OBJ_1001,0.0
2026-04-02 16:30:00,OBJ_1006,2.8693
2026-04-01 01:45:00,OBJ_1005,0.6688
2026-04-03 21:00:00,OBJ_1002,3.8065
2026-04-02 01:45:00,OBJ_1008,4.2563
2026-04-03 22:00:00,OBJ_1010,3.0459
2026-04-01 06:45:00,OBJ_1010,5.2824
2026-04-01 10:30:00,OBJ_1007,2.1598
2026-04-03 21:00:00,OBJ_1012,16.9345
2026-04-01 04:30:00,OBJ_1012,5.4253
2026-04-02 06:15:00,OBJ_1005,0.6394
2026-04-01 07:15:00,OBJ_1004,1.2504
2026-04-03 08:45:00,OBJ_1001,2.5162
2026-04-02 14:15:00,OBJ_1010,6.0647
2026-04-03 14:15:00,OBJ_1008,10.5176
2026-04-03 03:30:00,OBJ_1002,6.9718
2026-04-02 14:30:00,OBJ_1012,17.9535
2026-04-02 00:15:00,OBJ_1014,2.3015
2026-04-01 15:30:00,OBJ_1011,1.0726
2026-04-03 12:30:00,OBJ_1001,3.6155
2026-04-02 01:45:00,OBJ_1014,2.6866
2026-04-02 12:45:00,OBJ_1001,4.2642
2026-04-02 23:45:00,OBJ_1005,0.9199
2026-04-03 21:00:00,OBJ_1006,0.0
2026-04-03 09:00:00,OBJ_1005,0.9496
2026-04-01 06:30:00,OBJ_1010,5.573
2026-04-01 20:00:00,OBJ_1001,0.0
2026-04-03 04:45:00,OBJ_1006,0.0
2026-04-01 07:00:00,OBJ_1009,1.2907
2026-04-01 05:45:00,OBJ_1001,0.0
2026-04-01 16:45:00,OBJ_1005,0.7013
2026-04-01 02:15:00,OBJ_1011,1.3226
2026-04-03 06:45:00,OBJ_1005,0.8346
2026-04-01 21:15:00,OBJ_1008,10.4718
2026-04-02 17:45:00,OBJ_1005,0.7755
2026-04-02 21:45:00,OBJ_1012,16.2359
2026-04-01 21:45:00,OBJ_1010,3.4919
2026-04-01 11:30:00,OBJ_1008,11.553
2026-04-02 19:00:00,OBJ_1006,0.9551
2026-04-03 21:15:00,OBJ_1007,2.8268
2026-04-02 19:45:00,OBJ_1011,0.9911
2026-04-03 00:30:00,OBJ_1014,2.3799
2026-04-01 00:15:00,OBJ_1008,3.2545
2026-04-02 09:30:00,OBJ_1006,2.7638
2026-04-02 19:30:00,OBJ_1004,1.2582
2026-04-01 07:45:00,OBJ_1004,1.3245
2026-04-03 15:45:00,OBJ_1001,3.5174
2026-04-01 06:30:00,OBJ_1001,0.4429
2026-04-03 10:00:00,OBJ_1012,15.7554
2026-04-03 22:30:00,OBJ_1006,0.0
2026-04-01 15:30:00,OBJ_1014,3.3226
2026-04-02 08:15:00,OBJ_1004,1.2952
2026-04-01 23:30:00,OBJ_1008,3.5769
2026-04-01 19:30:00,OBJ_1014,2.7057
2026-04-03 12:00:00,OBJ_1004,1.2226
2026-04-03 09:00:00,OBJ_1002,4.2407
2026-04-01 22:45:00,OBJ_1002,3.4967
2026-04-03 08:45:00,OBJ_1009,3.1181
2026-04-02 15:00:00,OBJ_1012,12.8008
2026-04-02 10:45:00,OBJ_1008,11.4075
2026-04-02 23:45:00,OBJ_1009,0.0
2026-04-01 04:15:00,OBJ_1006,0.0
2026-04-02 08:45:00,OBJ_1004,1.2039
2026-04-03 06:15:00,OBJ_1010,5.5323
2026-04-01 03:15:00,OBJ_1002,7.747
2026-04-02 18:15:00,OBJ_1006,1.3776
2026-04-02 01:30:00,OBJ_1004,1.0609
2026-04-03 18:15:00,OBJ_1010,5.4569
2026-04-02 10:15:00,OBJ_1004,1.2298
2026-04-03 21:15:00,OBJ_1005,0.8318
2026-04-01 10:00:00,OBJ_1006,3.0377
2026-04-01 07:00:00,OBJ_1010,4.1847
2026-04-03 19:45:00,OBJ_1012,13.7657
2026-04-01 18:00:00,OBJ_1005,1.0847
2026-04-03 13:00:00,OBJ_1012,14.8872
2026-04-01 23:15:00,OBJ_1009,0.0
2026-04-03 20:00:00,OBJ_1006,0.0
2026-04-01 07:30:00,OBJ_1001,1.4584
2026-04-03 14:45:00,OBJ_1002,5.6973
2026-04-02 12:45:00,OBJ_1014,2.8794
2026-04-03 17:00:00,OBJ_1004,1.2544
2026-04-03 23:00:00,OBJ_1009,0.0
2026-04-02 09:15:00,OBJ_1010,3.9845
2026-04-03 06:30:00,OBJ_1005,1.0138
2026-04-02 00:15:00,OBJ_1011,0.9116
2026-04-01 02:00:00,OBJ_1004,1.0576
2026-04-02 02:15:00,OBJ_1014,3.738
2026-04-01 03:45:00,OBJ_1011,0.9569
2026-04-02 13:00:00,OBJ_1012,11.8455
2026-04-02 23:15:00,OBJ_1001,0.0
2026-04-01 02:45:00,OBJ_1007,4.4314
2026-04-03 18:45:00,OBJ_1014,2.9553
2026-04-03 17:45:00,OBJ_1009,2.4995
2026-04-03 21:45:00,OBJ_1011,1.0536
2026-04-03 05:30:00,OBJ_1009,0.0
2026-04-01 09:45:00,OBJ_1002,4.0592
2026-04-01 07:45:00,OBJ_1011,1.0943
2026-04-02 17:00:00,OBJ_1005,0.6666
2026-04-03 04:30:00,OBJ_1010,6.1029
2026-04-02 20:45:00,OBJ_1005,0.7434
2026-04-01 18:30:00,OBJ_1007,4.6721
2026-04-02 12:30:00,OBJ_1009,5.7377
2026-04-02 22:30:00,OBJ_1006,0.0
2026-04-03 20:15:00,OBJ_1008,9.3783
2026-04-01 06:15:00,OBJ_1008,3.2769
2026-04-01 19:15:00,OBJ_1006,0.6784
2026-04-02 16:15:00,OBJ_1014,3.0147
2026-04-03 12:00:00,OBJ_1005,-1.0081
2026-04-02 23:00:00,OBJ_1014,1.5107
2026-04-03 23:30:00,OBJ_1002,3.9903
2026-04-01 02:00:00,OBJ_1009,0.0
2026-04-01 23:30:00,OBJ_1007,2.7575
2026-04-02 05:30:00,OBJ_1011,1.0467
2026-04-03 03:00:00,OBJ_1010,6.9232
2026-04-01 03:45:00,OBJ_1012,3.8314
2026-04-03 16:00:00,OBJ_1014,2.867
2026-04-03 06:30:00,OBJ_1002,6.6736
2026-04-03 14:45:00,OBJ_1014,3.4953
2026-04-01 03:45:00,OBJ_1007,5.6447
2026-04-02 16:15:00,OBJ_1012,16.6162
2026-04-02 08:15:00,OBJ_1012,13.4966
2026-04-02 23:30:00,OBJ_1002,3.5602
2026-04-01 15:30:00,OBJ_1005,0.6535
2026-04-03 05:45:00,OBJ_1011,1.4783
2026-04-01 01:30:00,OBJ_1005,0.7191
2026-04-03 10:45:00,OBJ_1006,3.3724
2026-04-01 08:15:00,OBJ_1007,3.2282
2026-04-02 10:30:00,OBJ_1006,3.9565
2026-04-01 22:30:00,OBJ_1010,2.7772
2026-04-02 01:30:00,OBJ_1005,0.653
2026-04-01 22:00:00,OBJ_1006,0.0
2026-04-02 03:30:00,OBJ_1001,0.0
2026-04-02 00:45:00,OBJ_1014,2.4548
2026-04-02 12:15:00,OBJ_1011,-1.5725
2026-04-01 09:15:00,OBJ_1007,3.3403
2026-04-01 07:00:00,OBJ_1012,16.1456
2026-04-01 06:30:00,OBJ_1014,3.1044
2026-04-02 21:00:00,OBJ_1005,0.9133
2026-04-01 11:00:00,OBJ_1007,3.1788
2026-04-02 14:45:00,OBJ_1009,5.4314
2026-04-01 15:30:00,OBJ_1009,5.2697
2026-04-01 11:15:00,OBJ_1014,1.9958
2026-04-01 09:45:00,OBJ_1001,2.9113
2026-04-01 14:45:00,OBJ_1008,12.0887
2026-04-01 10:45:00,OBJ_1009,4.5745
2026-04-01 18:30:00,OBJ_1010,6.9788
2026-04-01 03:45:00,OBJ_1006,0.0
2026-04-01 18:00:00,OBJ_1007,4.9252
2026-04-02 20:00:00,OBJ_1006,0.0
2026-04-01 19:00:00,OBJ_1001,0.93
2026-04-02 06:45:00,OBJ_1010,6.172
2026-04-03 15:30:00,OBJ_1012,11.6231
2026-04-03 01:15:00,OBJ_1014,2.8932
2026-04-01 00:45:00,OBJ_1008,2.8135
2026-04-01 16:15:00,OBJ_1001,2.7481
2026-04-01 15:15:00,OBJ_1007,4.2451
2026-04-02 22:30:00,OBJ_1009,0.0
2026-04-02 00:15:00,OBJ_1009,0.0
2026-04-03 12:00:00,OBJ_1012,14.8463
2026-04-03 10:45:00,OBJ_1005,-1.006
2026-04-02 10:00:00,OBJ_1009,4.0232
2026-04-02 06:15:00,OBJ_1011,1.2431
2026-04-01 19:15:00,OBJ_1005,0.6516
2026-04-01 02:45:00,OBJ_1001,0.0
2026-04-02 05:45:00,OBJ_1001,0.0
2026-04-02 03:30:00,OBJ_1002,8.2236
2026-04-03 12:45:00,OBJ_1007,3.6464
2026-04-03 04:45:00,OBJ_1010,5.8224
2026-04-02 15:45:00,OBJ_1010,6.0647
2026-04-03 02:00:00,OBJ_1010,6.212
2026-04-03 09:30:00,OBJ_1011,0.9853
2026-04-03 03:00:00,OBJ_1006,0.0
2026-04-03 20:30:00,OBJ_1009,0.0
2026-04-02 13:15:00,OBJ_1012,16.8471
2026-04-03 02:00:00,OBJ_1011,1.3581
2026-04-01 16:00:00,OBJ_1012,15.0228
2026-04-03 08:45:00,OBJ_1005,0.8674
2026-04-02 14:15:00,OBJ_1007,4.2513
2026-04-02 22:15:00,OBJ_1014,1.6269
2026-04-02 23:30:00,OBJ_1011,0.8727
2026-04-02 20:00:00,OBJ_1014,2.3727
2026-04-02 22:45:00,OBJ_1008,3.9257
2026-04-02 23:00:00,OBJ_1012,4.3385
2026-04-03 00:15:00,OBJ_1012,3.6382
2026-04-01 13:15:00,OBJ_1010,4.9031
2026-04-01 09:15:00,OBJ_1005,0.685
2026-04-01 08:45:00,OBJ_1007,3.6292
2026-04-01 17:00:00,OBJ_1014,3.0606
2026-04-02 09:30:00,OBJ_1008,11.8495
2026-04-01 07:00:00,OBJ_1011,1.368
2026-04-02 20:00:00,OBJ_1009,0.0
2026-04-03 11:00:00,OBJ_1010,2.9377
2026-04-03 07:45:00,OBJ_1012,16.4539
2026-04-02 23:45:00,OBJ_1010,3.1459
2026-04-03 01:15:00,OBJ_1002,7.0894
2026-04-03 01:30:00,OBJ_1010,5.8262
2026-04-02 06:00:00,OBJ_1001,0.0
2026-04-02 20:15:00,OBJ_1002,5.2661
2026-04-01 15:45:00,OBJ_1010,5.5311
2026-04-03 08:00:00,OBJ_1014,2.5563
2026-04-03 13:30:00,OBJ_1010,5.2961
2026-04-03 01:00:00,OBJ_1005,0.716
2026-04-03 19:15:00,OBJ_1008,11.8838
2026-04-01 16:30:00,OBJ_1005,0.9505
2026-04-02 02:15:00,OBJ_1001,0.0
2026-04-01 21:30:00,OBJ_1010,3.6543
2026-04-01 21:15:00,OBJ_1005,0.8149
2026-04-03 01:00:00,OBJ_1011,1.1459
2026-04-01 13:30:00,OBJ_1014,2.6207
2026-04-01 14:30:00,OBJ_1008,9.7726
2026-04-01 22:15:00,OBJ_1008,3.2285
2026-04-02 13:15:00,OBJ_1007,4.451
2026-04-03 03:00:00,OBJ_1005,0.9439
2026-04-01 18:30:00,OBJ_1009,1.8179
2026-04-02 20:15:00,OBJ_1012,16.5683
2026-04-02 04:30:00,OBJ_1004,1.1731
2026-04-02 13:30:00,OBJ_1008,8.9512
2026-04-01 08:45:00,OBJ_1001,2.7918
2026-04-01 11:30:00,OBJ_1007,2.7299
2026-04-02 08:30:00,OBJ_1009,2.7843
2026-04-02 20:30:00,OBJ_1010,4.9539
2026-04-01 00:45:00,OBJ_1014,2.2114
2026-04-03 03:00:00,OBJ_1014,3.0713
2026-04-02 08:00:00,OBJ_1002,4.289
2026-04-03 21:00:00,OBJ_1007,2.7799
2026-04-02 12:15:00,OBJ_1005,-0.9825
2026-04-01 16:15:00,OBJ_1010,6.9783
2026-04-03 23:15:00,OBJ_1006,0.0
2026-04-02 21:30:00,OBJ_1010,3.5147
2026-04-02 21:45:00,OBJ_1006,0.0
2026-04-01 18:45:00,OBJ_1009,1.4203
2026-04-01 18:45:00,OBJ_1012,18.0111
2026-04-02 06:15:00,OBJ_1010,5.935
2026-04-03 16:30:00,OBJ_1005,0.9628
2026-04-01 03:15:00,OBJ_1014,2.7978
2026-04-02 12:00:00,OBJ_1010,3.8201
2026-04-01 04:15:00,OBJ_1002,7.2756
2026-04-03 23:30:00,OBJ_1008,4.4844
2026-04-03 07:00:00,OBJ_1007,4.3456
2026-04-01 19:00:00,OBJ_1002,4.9977
2026-04-03 15:00:00,OBJ_1002,8.257
2026-04-02 12:00:00,OBJ_1014,2.1657
2026-04-03 23:30:00,OBJ_1004,1.1762
2026-04-02 12:30:00,OBJ_1014,2.073
2026-04-02 00:30:00,OBJ_1014,2.2543
2026-04-01 18:30:00,OBJ_1006,1.305
2026-04-01 13:00:00,OBJ_1010,4.8592
2026-04-03 18:00:00,OBJ_1004,0.9939
2026-04-03 18:45:00,OBJ_1004,1.1669
2026-04-03 11:15:00,OBJ_1009,5.3701
2026-04-03 06:15:00,OBJ_1002,6.6523
2026-04-01 23:45:00,OBJ_1007,3.2421
2026-04-02 19:15:00,OBJ_1001,0.7602
2026-04-03 04:15:00,OBJ_1014,3.0474
2026-04-01 14:00:00,OBJ_1009,4.7277
2026-04-02 15:00:00,OBJ_1004,0.9299
2026-04-01 20:30:00,OBJ_1010,4.9986
2026-04-01 18:45:00,OBJ_1008,11.556
2026-04-03 16:00:00,OBJ_1009,3.9726
2026-04-03 12:15:00,OBJ_1014,2.2201
2026-04-03 11:45:00,OBJ_1008,11.9404
2026-04-01 10:30:00,OBJ_1009,4.7337
2026-04-03 00:30:00,OBJ_1002,4.9041
2026-04-01 23:00:00,OBJ_1001,0.0
2026-04-01 07:45:00,OBJ_1002,5.6654
2026-04-03 23:45:00,OBJ_1007,2.6613
2026-04-01 01:15:00,OBJ_1014,3.2047
2026-04-01 17:15:00,OBJ_1007,5.575
2026-04-02 08:30:00,OBJ_1012,15.6298
2026-04-01 14:30:00,OBJ_1010,6.2813
2026-04-01 18:45:00,OBJ_1001,1.3176
2026-04-03 14:00:00,OBJ_1004,1.1501
2026-04-03 17:30:00,OBJ_1004,1.2525
2026-04-01 12:45:00,OBJ_1012,17.2814
2026-04-01 20:00:00,OBJ_1011,1.0171
2026-04-02 06:00:00,OBJ_1011,1.4777
2026-04-03 17:45:00,OBJ_1010,5.8344
2026-04-01 18:45:00,OBJ_1005,1.0489
2026-04-01 19:30:00,OBJ_1011,1.408
2026-04-01 20:30:00,OBJ_1002,5.9116
2026-04-02 12:30:00,OBJ_1011,-1.4857
2026-04-02 00:15:00,OBJ_1001,0.0
2026-04-01 23:30:00,OBJ_1010,3.7143
2026-04-03 18:45:00,OBJ_1007,5.0179
2026-04-01 09:30:00,OBJ_1001,3.0345
2026-04-01 00:45:00,OBJ_1007,3.3416
2026-04-03 18:30:00,OBJ_1009,1.7057
2026-04-02 21:30:00,OBJ_1011,1.5361
2026-04-01 17:15:00,OBJ_1014,3.4602
2026-04-03 05:45:00,OBJ_1010,6.2506
2026-04-01 08:00:00,OBJ_1011,1.465
2026-04-03 10:00:00,OBJ_1004,1.1409
2026-04-01 22:45:00,OBJ_1010,2.4541
2026-04-01 09:00:00,OBJ_1011,0.982
2026-04-02 21:30:00,OBJ_1009,0.0
2026-04-01 05:45:00,OBJ_1014,3.5843
2026-04-01 03:30:00,OBJ_1001,0.0
2026-04-01 04:30:00,OBJ_1010,5.9706
2026-04-02 20:30:00,OBJ_1014,1.9623
2026-04-01 10:15:00,OBJ_1014,1.405
2026-04-03 15:30:00,OBJ_1014,3.5507
2026-04-01 11:45:00,OBJ_1011,-1.76
2026-04-01 10:00:00,OBJ_1012,16.5773
2026-04-02 21:00:00,OBJ_1007,2.5037
2026-04-03 16:30:00,OBJ_1012,16.7206
2026-04-02 13:15:00,OBJ_1005,-0.9278
2026-04-03 05:30:00,OBJ_1006,0.0
2026-04-01 09:00:00,OBJ_1004,1.2856
2026-04-02 21:15:00,OBJ_1005,0.7528
2026-04-02 12:15:00,OBJ_1014,2.6658
2026-04-03 22:15:00,OBJ_1011,1.2647
2026-04-03 22:30:00,OBJ_1005,0.9329
2026-04-03 14:45:00,OBJ_1011,-1.5181
2026-04-02 11:45:00,OBJ_1009,5.3908
2026-04-03 08:45:00,OBJ_1004,1.0875
2026-04-01 23:30:00,OBJ_1009,0.0
2026-04-03 01:15:00,OBJ_1012,5.6344
2026-04-02 18:00:00,OBJ_1014,2.6705
2026-04-02 20:15:00,OBJ_1005,1.0325
2026-04-01 16:00:00,OBJ_1008,13.6063
2026-04-01 05:30:00,OBJ_1011,0.9084
2026-04-01 00:15:00,OBJ_1002,4.884
2026-04-02 21:30:00,OBJ_1008,11.9923
2026-04-02 08:00:00,OBJ_1009,2.238
2026-04-01 10:30:00,OBJ_1008,9.4351
2026-04-01 21:30:00,OBJ_1005,0.9126
2026-04-03 02:30:00,OBJ_1012,4.3982
2026-04-03 03:15:00,OBJ_1001,0.0
2026-04-01 12:15:00,OBJ_1014,2.0247
2026-04-02 21:30:00,OBJ_1005,0.8888
2026-04-02 15:00:00,OBJ_1011,1.3068
2026-04-01 23:00:00,OBJ_1007,2.6141
2026-04-02 17:15:00,OBJ_1006,2.4052
2026-04-02 09:15:00,OBJ_1011,1.3962
2026-04-03 21:30:00,OBJ_1012,12.6033
2026-04-03 14:30:00,OBJ_1008,9.3618
2026-04-02 18:15:00,OBJ_1010,5.9064
2026-04-01 15:30:00,OBJ_1008,11.9468
2026-04-03 01:15:00,OBJ_1010,5.5725
2026-04-03 07:00:00,OBJ_1006,0.9223
2026-04-02 22:15:00,OBJ_1008,4.1492
2026-04-02 00:45:00,OBJ_1008,3.8245
2026-04-01 10:00:00,OBJ_1001,3.1167
2026-04-01 14:45:00,OBJ_1005,-1.1857
2026-04-02 20:15:00,OBJ_1009,0.0
2026-04-03 11:30:00,OBJ_1012,16.3688
2026-04-01 17:15:00,OBJ_1012,17.2608
2026-04-02 03:15:00,OBJ_1010,6.3771
2026-04-03 15:00:00,OBJ_1005,0.9775
2026-04-03 13:30:00,OBJ_1007,4.2169
2026-04-02 01:00:00,OBJ_1011,1.0959
2026-04-03 00:00:00,OBJ_1011,1.2961
2026-04-03 02:45:00,OBJ_1006,0.0
2026-04-02 12:00:00,OBJ_1011,-1.5507
2026-04-01 22:30:00,OBJ_1001,0.0
2026-04-01 23:45:00,OBJ_1001,0.0
2026-04-02 11:00:00,OBJ_1008,12.89
2026-04-02 20:00:00,OBJ_1011,1.4655
2026-04-02 04:30:00,OBJ_1007,4.7511
2026-04-01 16:15:00,OBJ_1008,10.6914
2026-04-02 02:00:00,OBJ_1009,0.0
2026-04-02 05:30:00,OBJ_1014,3.9538
2026-04-01 16:15:00,OBJ_1006,2.6564
2026-04-03 17:00:00,OBJ_1010,5.767
2026-04-03 09:30:00,OBJ_1007,3.4716
2026-04-02 02:30:00,OBJ_1004,1.0317
2026-04-01 19:15:00,OBJ_1012,14.1663
2026-04-02 19:45:00,OBJ_1006,0.2344
2026-04-02 00:30:00,OBJ_1010,4.3001
2026-04-01 23:00:00,OBJ_1010,3.6001
2026-04-01 22:45:00,OBJ_1009,0.0
2026-04-03 15:15:00,OBJ_1014,2.744
2026-04-03 15:15:00,OBJ_1009,4.1542
2026-04-02 20:00:00,OBJ_1008,12.1329
2026-04-02 05:00:00,OBJ_1004,0.9396
2026-04-03 19:00:00,OBJ_1006,1.068
2026-04-01 07:45:00,OBJ_1001,1.6506
2026-04-02 04:45:00,OBJ_1001,0.0
2026-04-03 01:15:00,OBJ_1008,4.005
2026-04-01 11:30:00,OBJ_1004,1.3201
2026-04-01 02:00:00,OBJ_9999,0.0
2026-04-02 17:30:00,OBJ_1008,12.9742
2026-04-02 19:30:00,OBJ_1009,0.5588
2026-04-03 11:45:00,OBJ_1012,18.6417
2026-04-02 02:15:00,OBJ_1005,1.0136
2026-04-03 07:15:00,OBJ_1011,0.964
2026-04-03 13:30:00,OBJ_1011,-1.6138
2026-04-02 05:00:00,OBJ_1009,0.0
2026-04-03 23:45:00,OBJ_1011,1.3163
2026-04-03 04:45:00,OBJ_1011,1.1642
2026-04-02 09:30:00,OBJ_1005,0.8801
2026-04-01 23:30:00,OBJ_1011,1.5578
2026-04-03 12:30:00,OBJ_1010,4.1149
2026-04-03 00:30:00,OBJ_1004,1.117
2026-04-03 17:00:00,OBJ_1008,8.9604
2026-04-03 17:45:00,OBJ_1006,2.0158
2026-04-01 05:30:00,OBJ_1010,5.9759
2026-04-02 11:30:00,OBJ_1008,9.8113
2026-04-01 02:30:00,OBJ_1009,0.0
2026-04-03 13:30:00,OBJ_1001,3.9979
2026-04-01 06:15:00,OBJ_1010,6.7728
2026-04-02 18:15:00,OBJ_1011,1.0721
2026-04-02 00:30:00,OBJ_1005,0.7322
2026-04-02 20:15:00,OBJ_1014,2.4955
2026-04-03 01:15:00,OBJ_1009,0.0
2026-04-01 13:15:00,OBJ_1011,-1.3555
2026-04-02 10:30:00,OBJ_1012,15.1975
2026-04-02 19:15:00,OBJ_1014,2.9583
2026-04-02 16:45:00,OBJ_1010,5.6102
2026-04-01 10:45:00,OBJ_1008,9.7988
2026-04-01 19:00:00,OBJ_1011,0.9898
2026-04-03 17:45:00,OBJ_1008,12.3348
2026-04-02 23:00:00,OBJ_1008,4.1479
2026-04-02 07:45:00,OBJ_1009,1.92
2026-04-01 16:15:00,OBJ_1011,1.4785
2026-04-01 02:15:00,OBJ_1008,4.4165
2026-04-03 15:45:00,OBJ_1009,4.9555
2026-04-03 16:30:00,OBJ_1011,1.2883
2026-04-03 03:30:00,OBJ_1004,1.2704
2026-04-03 03:45:00,OBJ_1012,5.7926
2026-04-03 13:15:00,OBJ_1010,5.8257
2026-04-02 10:30:00,OBJ_1011,-1.2495
2026-04-01 22:15:00,OBJ_1010,3.1465
2026-04-03 08:30:00,OBJ_1007,3.3645
2026-04-02 06:45:00,OBJ_1008,3.8942
2026-04-02 11:15:00,OBJ_1002,4.1909
2026-04-01 21:00:00,OBJ_1006,0.0
2026-04-03 03:00:00,OBJ_1004,1.0677
2026-04-01 06:00:00,OBJ_1012,5.0669
2026-04-03 21:15:00,OBJ_1009,0.0
2026-04-02 16:45:00,OBJ_1001,2.568
2026-04-03 08:00:00,OBJ_1010,4.7797
2026-04-01 12:15:00,OBJ_1010,4.1959
2026-04-02 19:30:00,OBJ_1001,0.4819
2026-04-03 12:00:00,OBJ_1011,-1.7978
2026-04-03 11:15:00,OBJ_1001,3.9084
2026-04-01 06:00:00,OBJ_1005,0.6288
2026-04-03 23:30:00,OBJ_1007,2.6042
2026-04-03 02:00:00,OBJ_1009,0.0
2026-04-01 14:30:00,OBJ_1004,1.2186
2026-04-01 08:15:00,OBJ_1012,16.2798
2026-04-03 06:45:00,OBJ_1014,3.4607
2026-04-03 08:30:00,OBJ_1006,2.424
2026-04-03 02:00:00,OBJ_1002,6.562
2026-04-02 23:30:00,OBJ_1010,3.8841
2026-04-01 16:00:00,OBJ_1007,4.5575
2026-04-03 22:30:00,OBJ_1011,1.1144
2026-04-03 14:45:00,OBJ_1005,-1.0026
2026-04-01 20:45:00,OBJ_1005,0.891
2026-04-03 08:15:00,OBJ_1010,3.9231
2026-04-01 11:30:00,OBJ_1012,15.538
2026-04-03 19:30:00,OBJ_1001,0.4919
2026-04-01 00:45:00,OBJ_1001,0.0
2026-04-03 15:30:00,OBJ_1006,3.2094
2026-04-03 11:30:00,OBJ_1010,3.9609
2026-04-02 20:45:00,OBJ_1001,0.0
2026-04-03 05:30:00,OBJ_1001,0.0
2026-04-03 23:45:00,OBJ_1005,0.585
2026-04-03 22:15:00,OBJ_1005,0.8178
2026-04-01 05:00:00,OBJ_1008,3.6386
2026-04-02 07:30:00,OBJ_1014,3.0993
2026-04-03 06:00:00,OBJ_1011,1.1184
2026-04-03 06:30:00,OBJ_1001,0.4724
2026-04-03 23:00:00,OBJ_1010,2.9438
2026-04-03 22:30:00,OBJ_1001,0.0
2026-04-01 12:30:00,OBJ_1006,4.3669
2026-04-01 17:15:00,OBJ_1002,7.0455
2026-04-01 19:45:00,OBJ_1006,0.2216
2026-04-01 03:15:00,OBJ_1009,0.0
2026-04-01 09:45:00,OBJ_1009,3.9632
2026-04-02 11:15:00,OBJ_1001,3.6587
2026-04-01 15:45:00,OBJ_1006,3.4093
2026-04-01 05:30:00,OBJ_1012,4.5672
2026-04-02 16:45:00,OBJ_1002,6.1086
2026-04-03 22:45:00,OBJ_1010,2.9981
2026-04-03 11:00:00,OBJ_1002,4.6785
2026-04-03 14:30:00,OBJ_1011,-1.9294
2026-04-02 14:00:00,OBJ_1006,4.004
2026-04-01 16:45:00,OBJ_1001,3.0833
2026-04-01 15:45:00,OBJ_1012,16.4414
2026-04-01 07:15:00,OBJ_1008,11.0778
2026-04-01 13:45:00,OBJ_1006,4.3459
2026-04-01 02:00:00,OBJ_1005,0.6972
2026-04-03 02:15:00,OBJ_1011,1.3372
2026-04-03 13:15:00,OBJ_1001,4.1389
2026-04-01 20:45:00,OBJ_1001,0.0
2026-04-02 19:15:00,OBJ_1002,7.5813
2026-04-02 10:00:00,OBJ_1014,1.7301
2026-04-02 16:30:00,OBJ_1001,2.671
2026-04-03 02:00:00,OBJ_1014,3.2801
2026-04-03 05:30:00,OBJ_1011,1.1411
2026-04-03 20:00:00,OBJ_1009,0.0
2026-04-03 11:45:00,OBJ_1005,-0.8153
2026-04-03 02:15:00,OBJ_1007,3.9253
2026-04-02 12:00:00,OBJ_1002,4.9292
2026-04-02 23:30:00,OBJ_1005,0.8332
2026-04-02 13:00:00,OBJ_1014,2.6548
2026-04-01 23:45:00,OBJ_1005,0.6108
2026-04-01 02:45:00,OBJ_1008,4.219
2026-04-03 18:15:00,OBJ_1001,1.5933
2026-04-02 11:30:00,OBJ_1004,1.1969
2026-04-03 02:45:00,OBJ_1010,4.8085
2026-04-02 22:15:00,OBJ_1009,0.0
2026-04-02 07:15:00,OBJ_1011,1.2115
2026-04-02 20:45:00,OBJ_1006,0.0
2026-04-01 01:45:00,OBJ_1001,0.0
2026-04-03 15:15:00,OBJ_1001,3.7146
2026-04-02 07:15:00,OBJ_1002,6.0484
2026-04-02 18:15:00,OBJ_1007,5.1479
2026-04-02 13:15:00,OBJ_1009,6.1492
2026-04-03 16:15:00,OBJ_1008,11.9696
2026-04-03 00:00:00,OBJ_1002,5.7337
2026-04-03 09:15:00,OBJ_1004,1.232
2026-04-01 11:45:00,OBJ_1009,5.9567
2026-04-01 14:00:00,OBJ_1002,7.9888
2026-04-03 20:45:00,OBJ_1006,0.0
2026-04-01 09:45:00,OBJ_1010,3.8271
2026-04-02 13:45:00,OBJ_1012,17.3349
2026-04-01 19:30:00,OBJ_1001,0.4821
2026-04-02 18:00:00,OBJ_1007,4.0313
2026-04-02 05:00:00,OBJ_1001,0.0
2026-04-01 19:00:00,OBJ_1006,0.9329
2026-04-01 15:30:00,OBJ_1007,5.5526
2026-04-02 01:45:00,OBJ_1005,0.644
2026-04-01 03:30:00,OBJ_1014,3.4391
2026-04-02 08:00:00,OBJ_1010,4.2556
2026-04-01 15:00:00,OBJ_1006,3.7305
2026-04-02 09:00:00,OBJ_1005,0.7795
2026-04-01 00:15:00,OBJ_1014,2.1409
2026-04-03 12:00:00,OBJ_1001,4.0996
2026-04-02 17:15:00,OBJ_1014,3.9344
2026-04-02 17:00:00,OBJ_1009,3.9439
2026-04-01 16:45:00,OBJ_1014,3.1221
2026-04-01 06:30:00,OBJ_1005,1.0389
2026-04-03 22:00:00,OBJ_1006,0.0
2026-04-01 09:15:00,OBJ_1008,10.8057
2026-04-03 15:30:00,OBJ_1011,1.2462
2026-04-03 21:15:00,OBJ_1001,0.0
2026-04-02 00:45:00,OBJ_1002,4.9016
2026-04-01 03:15:00,OBJ_1010,6.0096
2026-04-01 13:45:00,OBJ_1009,5.5115
2026-04-02 01:00:00,OBJ_1002,6.3819
2026-04-02 14:30:00,OBJ_1005,-1.0541
2026-04-03 12:45:00,OBJ_1008,11.3074
2026-04-02 17:45:00,OBJ_1010,6.0875
2026-04-02 20:00:00,OBJ_1007,3.163
2026-04-01 10:00:00,OBJ_1002,3.3451
2026-04-03 03:45:00,OBJ_1009,0.0
2026-04-01 04:00:00,OBJ_1010,5.5987
2026-04-02 21:30:00,OBJ_1004,1.1823
2026-04-02 09:00:00,OBJ_1008,11.7704
2026-04-03 00:00:00,OBJ_1004,1.2112
2026-04-01 23:15:00,OBJ_1012,4.7632
2026-04-03 22:45:00,OBJ_1007,2.3526
2026-04-01 15:15:00,OBJ_1004,1.0597
2026-04-02 18:45:00,OBJ_1007,4.206
2026-04-01 05:45:00,OBJ_1010,5.9813
2026-04-02 13:45:00,OBJ_1011,-1.4446
2026-04-02 19:00:00,OBJ_1012,13.5902
2026-04-01 02:15:00,OBJ_1010,5.6841
2026-04-01 10:45:00,OBJ_1012,13.3044
2026-04-01 00:45:00,OBJ_1009,0.0
2026-04-03 13:45:00,OBJ_1011,-1.5044
2026-04-02 11:00:00,OBJ_1002,3.4184
2026-04-01 18:15:00,OBJ_1014,3.1467
2026-04-02 14:30:00,OBJ_1001,3.8602
2026-04-03 09:45:00,OBJ_1014,1.8556
2026-04-02 02:15:00,OBJ_1011,1.1673
2026-04-03 08:15:00,OBJ_1009,2.7191
2026-04-01 02:45:00,OBJ_1011,1.1598
2026-04-02 16:00:00,OBJ_1005,0.8354
2026-04-01 20:30:00,OBJ_1007,3.4421
2026-04-03 13:45:00,OBJ_1005,-1.0082
2026-04-02 08:15:00,OBJ_1010,5.4282
2026-04-02 14:45:00,OBJ_1005,-1.2562
2026-04-01 08:00:00,OBJ_1002,5.3041
2026-04-01 20:45:00,OBJ_1012,12.3417
2026-04-01 07:00:00,OBJ_1006,0.8989
2026-04-01 07:45:00,OBJ_1008,12.984
2026-04-02 22:15:00,OBJ_1010,2.3394
2026-04-01 21:30:00,OBJ_1001,0.0
2026-04-03 20:45:00,OBJ_1012,14.0099
2026-04-01 07:15:00,OBJ_1010,4.5929
2026-04-03 13:15:00,OBJ_1012,13.009
2026-04-01 03:15:00,OBJ_1005,0.8715
2026-04-03 18:15:00,OBJ_1009,2.0978
2026-04-01 02:15:00,OBJ_1006,0.0
2026-04-02 17:45:00,OBJ_1007,5.385
2026-04-02 05:45:00,OBJ_1012,5.4932
2026-04-02 12:00:00,OBJ_1006,3.6453
2026-04-01 08:15:00,OBJ_1008,10.5786
2026-04-02 21:45:00,OBJ_1014,1.5842
2026-04-02 08:30:00,OBJ_1014,2.5079
2026-04-03 12:30:00,OBJ_1008,11.1032
2026-04-01 21:45:00,OBJ_1006,0.0
2026-04-03 02:15:00,OBJ_1004,1.1943
2026-04-02 05:45:00,OBJ_1014,3.2014
2026-04-02 03:15:00,OBJ_1002,6.6343
2026-04-02 18:30:00,OBJ_1010,6.663
2026-04-01 02:30:00,OBJ_1012,5.2307
2026-04-02 17:45:00,OBJ_1011,1.0014
2026-04-03 06:15:00,OBJ_1014,3.1427
2026-04-02 16:45:00,OBJ_1006,2.8707
2026-04-02 12:30:00,OBJ_1006,4.503
2026-04-02 01:45:00,OBJ_1011,0.88
2026-04-01 17:45:00,OBJ_1002,7.6022
2026-04-03 22:30:00,OBJ_1014,1.4412
2026-04-02 09:00:00,OBJ_1007,2.5063
2026-04-02 05:15:00,OBJ_1002,7.4737
2026-04-03 21:15:00,OBJ_1014,1.7081
2026-04-03 18:30:00,OBJ_1005,0.7268
2026-04-02 10:15:00,OBJ_1009,3.836
2026-04-02 06:30:00,OBJ_1001,0.4224
2026-04-02 12:00:00,OBJ_1001,3.8382
2026-04-01 10:00:00,OBJ_1010,2.415
2026-04-02 14:30:00,OBJ_1008,12.6249
2026-04-01 21:30:00,OBJ_1009,0.0
2026-04-03 11:30:00,OBJ_1009,5.0796
2026-04-01 06:00:00,OBJ_1007,4.9892
2026-04-03 16:45:00,OBJ_1012,16.0367
2026-04-03 08:45:00,OBJ_1008,10.1537
2026-04-01 10:15:00,OBJ_1006,3.4005
2026-04-02 01:00:00,OBJ_1014,2.4783
2026-04-03 06:00:00,OBJ_1014,3.014
2026-04-01 01:15:00,OBJ_1009,0.0
2026-04-03 08:00:00,OBJ_1004,1.1083
2026-04-03 23:00:00,OBJ_1001,0.0
2026-04-01 08:00:00,OBJ_1014,2.9057
2026-04-02 22:00:00,OBJ_1014,1.658
2026-04-03 12:15:00,OBJ_1004,1.1597
2026-04-02 01:45:00,OBJ_1007,4.0328
2026-04-02 10:30:00,OBJ_1010,3.2697
2026-04-01 20:30:00,OBJ_1009,0.0
2026-04-03 18:45:00,OBJ_1011,1.3348
2026-04-01 06:00:00,OBJ_1010,6.8422
2026-04-03 23:45:00,OBJ_1014,1.8325
2026-04-03 16:30:00,OBJ_1002,6.9202
2026-04-03 15:30:00,OBJ_1001,3.8603
2026-04-02 19:00:00,OBJ_1005,0.7572
2026-04-01 00:00:00,OBJ_1005,0.667
2026-04-01 16:00:00,OBJ_1006,3.1239
2026-04-01 13:15:00,OBJ_1002,6.3259
2026-04-02 14:30:00,OBJ_1004,1.1994
2026-04-01 19:15:00,OBJ_1001,0.7348
2026-04-01 09:00:00,OBJ_1006,2.5039
2026-04-02 10:45:00,OBJ_1006,4.2347
2026-04-02 05:45:00,OBJ_1004,1.1479
2026-04-03 01:00:00,OBJ_1014,3.4204
2026-04-03 08:30:00,OBJ_1001,2.0969
2026-04-03 07:15:00,OBJ_1009,1.7648
2026-04-02 20:30:00,OBJ_1009,0.0
2026-04-02 09:30:00,OBJ_1012,17.5385
2026-04-02 22:45:00,OBJ_1005,0.6809
2026-04-03 12:30:00,OBJ_1004,1.1583
2026-04-02 03:45:00,OBJ_1002,8.2718
2026-04-01 09:45:00,OBJ_1004,1.1353
2026-04-03 14:30:00,OBJ_1004,1.3221
2026-04-02 04:30:00,OBJ_1006,0.0
2026-04-01 19:15:00,OBJ_1007,4.0004
2026-04-01 14:00:00,OBJ_1005,-1.2069
2026-04-02 22:45:00,OBJ_1004,1.0834
2026-04-01 21:30:00,OBJ_1014,2.1455
2026-04-01 00:15:00,OBJ_1007,3.483
2026-04-03 01:00:00,OBJ_1008,3.6194
2026-04-01 08:45:00,OBJ_1008,9.8563
2026-04-02 20:15:00,OBJ_1007,3.2848
2026-04-01 03:30:00,OBJ_1006,0.0
2026-04-02 22:15:00,OBJ_1011,1.1576
2026-04-02 18:45:00,OBJ_1002,7.5233
2026-04-01 09:30:00,OBJ_1005,0.65
2026-04-02 11:45:00,OBJ_1001,3.869
2026-04-01 06:45:00,OBJ_1004,1.198
2026-04-02 09:45:00,OBJ_1006,2.835
2026-04-03 23:00:00,OBJ_1007,2.7961
2026-04-03 22:45:00,OBJ_1012,5.8555
2026-04-03 18:30:00,OBJ_1001,1.3434
2026-04-03 11:15:00,OBJ_1010,3.345
2026-04-02 22:00:00,OBJ_1007,2.1429
2026-04-02 05:00:00,OBJ_1010,7.4024
2026-04-03 03:00:00,OBJ_1007,5.0888
2026-04-01 12:15:00,OBJ_1009,6.0217
2026-04-02 19:00:00,OBJ_1004,1.0328
2026-04-02 05:15:00,OBJ_1005,0.7436
2026-04-01 03:30:00,OBJ_1010,6.4559
2026-04-03 07:45:00,OBJ_1007,4.4269
2026-04-02 22:00:00,OBJ_1001,0.0
2026-04-03 17:15:00,OBJ_1008,10.7909
2026-04-02 15:45:00,OBJ_1006,3.1083
2026-04-02 06:30:00,OBJ_1008,3.032
2026-04-03 18:30:00,OBJ_1010,5.7227
2026-04-03 08:15:00,OBJ_1012,19.1119
2026-04-01 21:30:00,OBJ_1008,9.8659
2026-04-03 03:15:00,OBJ_1009,0.0
2026-04-01 07:15:00,OBJ_1009,1.5337
2026-04-03 22:00:00,OBJ_1014,1.5952
2026-04-03 09:00:00,OBJ_1014,1.6781
2026-04-02 10:45:00,OBJ_1005,-0.9783
2026-04-02 22:15:00,OBJ_1002,3.0045
2026-04-02 18:00:00,OBJ_1012,12.0059
2026-04-03 18:45:00,OBJ_1001,1.1507
2026-04-03 19:15:00,OBJ_1004,1.1462
2026-04-02 05:30:00,OBJ_1010,7.1051
2026-04-02 15:45:00,OBJ_1009,4.5692
2026-04-02 07:45:00,OBJ_1001,1.5664
2026-04-02 10:15:00,OBJ_1002,3.616
2026-04-03 01:30:00,OBJ_1001,0.0
2026-04-01 14:45:00,OBJ_1007,5.0382
2026-04-03 18:00:00,OBJ_1009,2.5491
2026-04-02 05:30:00,OBJ_1007,4.5327
2026-04-03 19:30:00,OBJ_1006,0.4579
2026-04-01 12:15:00,OBJ_1011,-1.5005
2026-04-02 22:00:00,OBJ_1009,0.0
2026-04-02 23:00:00,OBJ_1001,0.0
2026-04-02 07:30:00,OBJ_1011,1.3289
2026-04-02 07:45:00,OBJ_1007,3.9775
2026-04-01 13:45:00,OBJ_1014,2.629
2026-04-02 22:15:00,OBJ_1004,1.1301
2026-04-02 16:15:00,OBJ_1006,3.2315
2026-04-02 14:45:00,OBJ_1011,-1.321
2026-04-02 07:15:00,OBJ_1007,3.6927
2026-04-03 03:00:00,OBJ_1002,6.8914
2026-04-01 07:30:00,OBJ_1005,0.6677
2026-04-02 07:00:00,OBJ_1006,1.0048
2026-04-02 00:15:00,OBJ_1012,5.3987
2026-04-01 04:00:00,OBJ_1002,7.8208
2026-04-01 19:45:00,OBJ_1001,0.2487
2026-04-03 11:45:00,OBJ_1014,1.7475
2026-04-02 23:30:00,OBJ_1012,5.1385
2026-04-02 13:00:00,OBJ_1010,4.7928
2026-04-03 05:15:00,OBJ_1006,0.0
2026-04-03 18:15:00,OBJ_1006,1.4796
2026-04-01 00:00:00,OBJ_1010,4.4101
2026-04-02 14:00:00,OBJ_1004,1.0557
2026-04-03 23:30:00,OBJ_1001,0.0
2026-04-03 11:00:00,OBJ_1006,3.9471
2026-04-01 23:00:00,OBJ_1012,4.3657
2026-04-03 20:15:00,OBJ_1009,0.0
2026-04-01 22:45:00,OBJ_1005,0.7603
2026-04-01 17:15:00,OBJ_1005,0.6768
2026-04-01 00:15:00,OBJ_1003,2.1278
2026-04-03 17:45:00,OBJ_1011,1.2918
2026-04-01 23:45:00,OBJ_1004,1.1267
2026-04-03 12:30:00,OBJ_1007,3.3926
2026-04-01 03:45:00,OBJ_1001,0.0
2026-04-03 01:00:00,OBJ_1004,1.2556
2026-04-01 01:00:00,OBJ_1009,0.0
2026-04-01 14:45:00,OBJ_1011,-1.7921
2026-04-02 11:00:00,OBJ_1012,15.0201
2026-04-02 15:30:00,OBJ_1014,3.7876
2026-04-02 12:45:00,OBJ_1010,4.4714
2026-04-03 13:30:00,OBJ_1014,2.5752
2026-04-01 03:00:00,OBJ_1011,1.2141
2026-04-01 02:30:00,OBJ_1005,0.872
2026-04-02 08:00:00,OBJ_1012,14.4523
2026-04-02 09:45:00,OBJ_1011,1.3335
2026-04-03 17:30:00,OBJ_1005,0.622
2026-04-01 18:15:00,OBJ_1009,2.0311
2026-04-01 00:00:00,OBJ_1003,1.6838
2026-04-01 05:15:00,OBJ_1010,6.4389
2026-04-02 16:45:00,OBJ_1011,1.343
2026-04-03 00:00:00,OBJ_1005,0.9913
2026-04-01 01:45:00,OBJ_1011,1.1753
2026-04-01 23:00:00,OBJ_1005,0.7837
2026-04-01 23:15:00,OBJ_1005,0.5491
2026-04-02 23:30:00,OBJ_1006,0.0
2026-04-03 01:15:00,OBJ_1004,1.209
2026-04-02 14:45:00,OBJ_1007,4.5473
2026-04-01 20:00:00,OBJ_1002,4.6732
2026-04-01 07:15:00,OBJ_1007,3.9172
2026-04-03 09:45:00,OBJ_1002,4.7498
2026-04-01 01:00:00,OBJ_1004,0.9572
2026-04-01 14:45:00,OBJ_1010,6.296
2026-04-01 02:45:00,OBJ_9999,0.0
2026-04-01 02:30:00,OBJ_1007,4.3109
2026-04-01 10:15:00,OBJ_1001,3.8681
2026-04-03 07:00:00,OBJ_1012,18.7136
2026-04-02 14:45:00,OBJ_1014,2.7251
2026-04-01 22:15:00,OBJ_1011,1.2081
2026-04-03 09:45:00,OBJ_1011,0.8498
2026-04-02 01:45:00,OBJ_1002,5.4474
2026-04-01 10:00:00,OBJ_1014,1.5822
2026-04-01 02:45:00,OBJ_1014,3.1436
2026-04-02 01:15:00,OBJ_1009,0.0
2026-04-01 01:45:00,OBJ_1010,5.2469
2026-04-02 11:30:00,OBJ_1009,5.3493
2026-04-01 23:45:00,OBJ_1009,0.0
2026-04-01 06:15:00,OBJ_1014,3.0541
2026-04-02 07:45:00,OBJ_1006,1.6198
2026-04-02 12:00:00,OBJ_1008,13.3149
2026-04-01 16:15:00,OBJ_1002,7.619
2026-04-01 18:15:00,OBJ_1008,12.1902
2026-04-03 15:30:00,OBJ_1002,7.6634
2026-04-01 04:30:00,OBJ_1006,0.0
2026-04-01 08:15:00,OBJ_1005,1.0464
2026-04-01 13:30:00,OBJ_1008,12.1734
2026-04-03 00:15:00,OBJ_1004,1.0043
2026-04-03 14:00:00,OBJ_1012,15.4185
2026-04-03 21:45:00,OBJ_1006,0.0
2026-04-03 10:30:00,OBJ_1008,8.9178
2026-04-01 00:00:00,OBJ_1001,0.0
2026-04-01 23:15:00,OBJ_1010,3.3369
2026-04-01 00:45:00,OBJ_1012,4.5825
2026-04-03 16:45:00,OBJ_1001,3.0111
2026-04-03 04:45:00,OBJ_1007,5.2229
2026-04-01 02:30:00,OBJ_1010,6.0239
2026-04-01 00:00:00,OBJ_1002,4.7599
2026-04-01 09:00:00,OBJ_1010,3.5733
2026-04-03 04:30:00,OBJ_1007,5.028
2026-04-01 06:30:00,OBJ_1009,0.5791
2026-04-01 21:00:00,OBJ_1012,17.8707
2026-04-03 07:15:00,OBJ_1007,4.4146
2026-04-03 02:45:00,OBJ_1011,1.4231
2026-04-02 23:45:00,OBJ_1008,3.6832
2026-04-02 16:45:00,OBJ_1004,1.003
2026-04-03 07:45:00,OBJ_1014,3.2496
2026-04-01 14:00:00,OBJ_1007,4.5568
2026-04-03 03:15:00,OBJ_1008,3.6901
2026-04-02 09:15:00,OBJ_1007,2.4266
2026-04-02 15:00:00,OBJ_1006,3.3911
2026-04-03 11:15:00,OBJ_1008,11.3735
2026-04-03 23:15:00,OBJ_1005,0.7627
2026-04-03 15:30:00,OBJ_1008,13.1144
2026-04-03 22:00:00,OBJ_1009,0.0
2026-04-02 04:15:00,OBJ_1014,2.9916
2026-04-01 15:15:00,OBJ_1012,13.8882
2026-04-03 13:00:00,OBJ_1009,5.6098
2026-04-01 01:00:00,OBJ_1005,0.7752
2026-04-02 02:15:00,OBJ_1012,5.7424
2026-04-03 22:00:00,OBJ_1011,1.5171
2026-04-02 19:30:00,OBJ_1008,11.757
2026-04-03 13:45:00,OBJ_1012,13.7537
2026-04-01 21:30:00,OBJ_1002,3.48
2026-04-03 19:45:00,OBJ_1008,9.8364
2026-04-01 19:30:00,OBJ_1008,9.0506
2026-04-03 17:00:00,OBJ_1014,2.9688
2026-04-01 04:30:00,OBJ_1009,0.0
2026-04-03 14:15:00,OBJ_1010,5.7576
2026-04-02 06:45:00,OBJ_1005,0.9035
2026-04-03 20:45:00,OBJ_1007,3.6193
2026-04-03 02:30:00,OBJ_1008,2.9897
2026-04-01 18:15:00,OBJ_1002,8.1039
2026-04-02 01:15:00,OBJ_1014,3.1317
2026-04-03 00:30:00,OBJ_1010,4.2545
2026-04-03 08:00:00,OBJ_1008,10.7095
2026-04-01 17:30:00,OBJ_1005,0.936
2026-04-01 09:00:00,OBJ_1008,9.5953
2026-04-03 08:15:00,OBJ_1008,10.5471
2026-04-01 03:30:00,OBJ_1005,0.7107
2026-04-01 09:30:00,OBJ_1008,10.3342
2026-04-03 16:15:00,OBJ_1005,0.7217
2026-04-01 17:15:00,OBJ_1004,1.3303
2026-04-02 10:30:00,OBJ_1008,8.9792
2026-04-02 19:30:00,OBJ_1011,0.8625
2026-04-03 03:15:00,OBJ_1014,3.4421
2026-04-02 14:00:00,OBJ_1001,4.4085
2026-04-03 10:30:00,OBJ_1010,2.9213
2026-04-02 14:30:00,OBJ_1002,7.0375
2026-04-02 00:15:00,OBJ_1007,3.2124
2026-04-01 10:00:00,OBJ_1011,-1.4508
2026-04-02 09:30:00,OBJ_1001,3.2206
2026-04-01 22:00:00,OBJ_1004,1.1226
2026-04-02 03:45:00,OBJ_1010,5.4896
2026-04-01 16:30:00,OBJ_1012,18.0281
2026-04-02 04:30:00,OBJ_1005,0.702
2026-04-01 21:45:00,OBJ_1008,11.4115
2026-04-03 03:45:00,OBJ_1007,5.1315
2026-04-01 17:00:00,OBJ_1012,14.6904
2026-04-03 13:15:00,OBJ_1004,1.1433
2026-04-03 18:15:00,OBJ_1008,10.5657
2026-04-03 11:45:00,OBJ_1009,4.7797
2026-04-02 07:45:00,OBJ_1012,14.3534
2026-04-02 23:15:00,OBJ_1004,1.2512
2026-04-01 22:30:00,OBJ_1011,0.9472
2026-04-03 15:15:00,OBJ_1004,1.1783
2026-04-03 05:00:00,OBJ_1009,0.0
2026-04-03 05:30:00,OBJ_1005,1.0044
2026-04-01 00:30:00,OBJ_1009,0.0
2026-04-03 11:00:00,OBJ_1009,4.632
2026-04-01 12:45:00,OBJ_1014,2.0954
2026-04-01 18:00:00,OBJ_1010,5.3345
2026-04-02 09:45:00,OBJ_1009,4.1017
2026-04-01 14:00:00,OBJ_1001,4.0981
2026-04-02 19:15:00,OBJ_1012,16.2425
2026-04-03 23:45:00,OBJ_1006,0.0
2026-04-03 01:30:00,OBJ_1009,0.0
2026-04-01 06:45:00,OBJ_1009,0.8414
2026-04-02 05:45:00,OBJ_1006,0.0
2026-04-01 00:30:00,OBJ_1008,4.0264
2026-04-02 17:45:00,OBJ_1012,12.2209
2026-04-03 17:15:00,OBJ_1001,2.3473
2026-04-01 19:30:00,OBJ_1007,4.8196
2026-04-01 17:45:00,OBJ_1006,1.8453
2026-04-03 18:15:00,OBJ_1007,4.3424
2026-04-03 02:15:00,OBJ_1006,0.0
2026-04-03 11:00:00,OBJ_1008,12.2705
2026-04-01 03:15:00,OBJ_1011,0.9464
2026-04-03 09:15:00,OBJ_1010,3.6607
2026-04-02 22:45:00,OBJ_1011,1.2859
2026-04-02 11:15:00,OBJ_1010,3.7901
2026-04-03 19:00:00,OBJ_1007,4.0886
2026-04-02 18:00:00,OBJ_1001,1.6536
2026-04-03 20:45:00,OBJ_1008,13.2386
2026-04-02 19:30:00,OBJ_1002,5.885
2026-04-03 18:15:00,OBJ_1014,3.4049
2026-04-03 08:45:00,OBJ_1012,15.121
2026-04-03 06:00:00,OBJ_1009,0.0
2026-04-02 09:00:00,OBJ_1006,2.8886
2026-04-03 10:00:00,OBJ_1007,2.5896
2026-04-02 03:15:00,OBJ_1001,0.0
2026-04-02 18:30:00,OBJ_1004,1.1233
2026-04-01 11:30:00,OBJ_1014,1.8865
2026-04-03 14:15:00,OBJ_1007,4.7321
2026-04-01 19:45:00,OBJ_1007,4.722
2026-04-01 18:30:00,OBJ_1012,12.6873
2026-04-01 03:30:00,OBJ_1007,4.3367
2026-04-01 03:30:00,OBJ_1008,4.1952
2026-04-02 16:45:00,OBJ_1007,4.0965
2026-04-01 19:00:00,OBJ_1014,2.2733
2026-04-03 06:45:00,OBJ_1008,3.1784
2026-04-03 10:00:00,OBJ_1002,3.502
2026-04-01 02:00:00,OBJ_1006,0.0
2026-04-02 23:30:00,OBJ_1007,3.2964
2026-04-03 07:00:00,OBJ_1001,0.9393
2026-04-01 04:45:00,OBJ_1006,0.0
2026-04-01 20:15:00,OBJ_1011,0.9391
2026-04-01 19:15:00,OBJ_1010,5.334
2026-04-01 22:15:00,OBJ_1001,0.0
2026-04-01 09:45:00,OBJ_1007,2.7962
2026-04-01 13:30:00,OBJ_1006,4.4407
2026-04-02 14:15:00,OBJ_1002,7.2192
2026-04-01 17:30:00,OBJ_1011,1.1399
2026-04-01 07:30:00,OBJ_1009,1.749
2026-04-03 22:45:00,OBJ_1006,0.0
2026-04-01 13:00:00,OBJ_1004,1.0128
2026-04-02 09:45:00,OBJ_1002,4.2757
2026-04-03 06:45:00,OBJ_1001,0.613
2026-04-03 15:00:00,OBJ_1012,13.2069
2026-04-02 20:45:00,OBJ_1002,5.7452
2026-04-01 05:15:00,OBJ_1005,0.6877
2026-04-02 22:30:00,OBJ_1001,0.0
2026-04-02 10:00:00,OBJ_1011,-1.1345
2026-04-02 18:00:00,OBJ_1002,5.4872
2026-04-01 05:45:00,OBJ_1011,1.4925
2026-04-02 05:15:00,OBJ_1006,0.0
2026-04-02 11:00:00,OBJ_1004,1.2592
2026-04-03 16:45:00,OBJ_1004,1.1291
2026-04-02 04:45:00,OBJ_1008,3.4059
2026-04-02 06:15:00,OBJ_1004,0.9532
2026-04-01 00:15:00,OBJ_1002,
2026-04-01 07:45:00,OBJ_1007,4.4004
2026-04-01 20:00:00,OBJ_1005,0.7162
2026-04-01 13:45:00,OBJ_1012,16.5582
2026-04-02 20:30:00,OBJ_1008,9.9452
2026-04-01 08:30:00,OBJ_1004,1.2068
2026-04-01 12:45:00,OBJ_1011,-1.4371
2026-04-01 11:45:00,OBJ_1012,18.9457
2026-04-01 05:45:00,OBJ_1005,0.5906
2026-04-01 05:15:00,OBJ_1012,3.8511
2026-04-02 18:15:00,OBJ_1009,2.2032
2026-04-01 11:15:00,OBJ_1001,3.7624
2026-04-01 04:45:00,OBJ_1001,0.0
2026-04-02 19:30:00,OBJ_1010,5.27
2026-04-03 20:15:00,OBJ_1002,4.915
2026-04-03 22:45:00,OBJ_1014,1.6407
2026-04-03 00:15:00,OBJ_1001,0.0
2026-04-02 03:30:00,OBJ_1010,6.152
2026-04-02 00:00:00,OBJ_1009,0.0
2026-04-03 06:45:00,OBJ_1011,1.3898
2026-04-01 02:45:00,OBJ_1012,5.9014
2026-04-03 04:15:00,OBJ_1006,0.0
2026-04-03 10:00:00,OBJ_1001,3.0628
2026-04-01 15:00:00,OBJ_1012,13.3968
2026-04-02 09:45:00,OBJ_1001,3.1149
2026-04-02 03:30:00,OBJ_1009,0.0
2026-04-03 07:00:00,OBJ_1010,5.8435
2026-04-02 13:00:00,OBJ_1005,-1.093
2026-04-03 20:30:00,OBJ_1002,5.316
2026-04-01 02:00:00,OBJ_1011,1.404
2026-04-02 22:45:00,OBJ_1012,5.0905
2026-04-03 18:00:00,OBJ_1014,3.3835
2026-04-02 02:45:00,OBJ_1010,6.0834
2026-04-01 12:00:00,OBJ_1007,3.2158
2026-04-02 07:15:00,OBJ_1004,1.1773
2026-04-02 16:30:00,OBJ_1004,1.1831
2026-04-02 23:00:00,OBJ_1010,3.5351
2026-04-02 03:45:00,OBJ_1008,3.6144
2026-04-01 04:15:00,OBJ_1004,1.146
2026-04-03 16:00:00,OBJ_1005,1.0356
2026-04-01 01:15:00,OBJ_1012,4.4213
2026-04-02 03:30:00,OBJ_1005,0.8444
2026-04-03 17:30:00,OBJ_1012,13.4135
2026-04-03 02:00:00,OBJ_1005,0.6717
2026-04-01 13:45:00,OBJ_1010,6.0795
2026-04-02 00:15:00,OBJ_1005,0.8297
2026-04-02 14:30:00,OBJ_1011,-1.6642
2026-04-03 03:45:00,OBJ_1001,0.0
2026-04-03 13:45:00,OBJ_1002,5.7596
2026-04-01 23:30:00,OBJ_1005,0.7775
2026-04-02 14:45:00,OBJ_1010,5.7818
2026-04-01 23:15:00,OBJ_1007,2.649
2026-04-01 09:00:00,OBJ_1012,13.6614
2026-04-03 11:00:00,OBJ_1011,-1.8106
2026-04-02 13:45:00,OBJ_1010,6.0987
2026-04-03 02:30:00,OBJ_1011,1.021
2026-04-01 13:15:00,OBJ_1009,5.8167
2026-04-02 23:15:00,OBJ_1009,0.0
2026-04-02 08:30:00,OBJ_1007,3.9557
2026-04-03 05:15:00,OBJ_1010,6.5613
2026-04-03 20:45:00,OBJ_1004,1.1682
2026-04-01 12:30:00,OBJ_1007,3.5308
2026-04-03 14:15:00,OBJ_1014,2.9166
2026-04-02 07:15:00,OBJ_1012,17.432
2026-04-01 06:30:00,OBJ_1004,1.3381
2026-04-02 11:45:00,OBJ_1004,1.0081
2026-04-03 22:30:00,OBJ_1004,1.1028
2026-04-03 07:30:00,OBJ_1008,10.7607
2026-04-01 02:15:00,OBJ_1004,1.2298
2026-04-01 02:00:00,OBJ_1010,5.1389
2026-04-02 01:15:00,OBJ_1001,0.0
2026-04-01 12:15:00,OBJ_1005,-0.9844
2026-04-01 17:15:00,OBJ_1011,0.8647
2026-04-01 22:15:00,OBJ_1002,3.6249
2026-04-02 01:15:00,OBJ_1012,5.0399
2026-04-01 00:45:00,OBJ_1011,1.393
2026-04-02 12:00:00,OBJ_1007,4.1121
2026-04-02 08:00:00,OBJ_1007,3.7064
2026-04-01 21:00:00,OBJ_1011,1.171
2026-04-01 01:45:00,OBJ_9999,0.0
2026-04-02 19:00:00,OBJ_1001,0.9594
2026-04-02 20:30:00,OBJ_1011,0.9321
2026-04-01 16:30:00,OBJ_1009,3.5783
2026-04-01 05:00:00,OBJ_1011,1.105
2026-04-02 01:00:00,OBJ_1004,1.1626
2026-04-01 10:15:00,OBJ_1002,3.065
2026-04-03 03:30:00,OBJ_1009,0.0
2026-04-03 02:45:00,OBJ_1014,2.6931
2026-04-03 18:45:00,OBJ_1002,6.9094
2026-04-03 07:00:00,OBJ_1008,13.2348
2026-04-01 17:00:00,OBJ_1006,2.5553
2026-04-02 21:45:00,OBJ_1001,0.0
2026-04-03 03:30:00,OBJ_1008,3.3204
2026-04-02 02:45:00,OBJ_1005,0.9785
2026-04-02 17:15:00,OBJ_1008,9.8793
2026-04-02 03:15:00,OBJ_1005,0.8609
2026-04-03 18:45:00,OBJ_1005,0.9266
2026-04-01 12:15:00,OBJ_1004,1.3093
2026-04-03 20:45:00,OBJ_1002,5.0888
2026-04-02 17:00:00,OBJ_1011,1.1017
2026-04-03 04:45:00,OBJ_1004,1.0253
2026-04-02 06:15:00,OBJ_1009,0.3456
2026-04-02 03:45:00,OBJ_1011,1.1599
2026-04-01 00:15:00,OBJ_1001,0.0
2026-04-03 06:00:00,OBJ_1002,6.1341
2026-04-01 19:00:00,OBJ_1005,0.6644
2026-04-01 21:00:00,OBJ_1005,0.6719
2026-04-02 16:15:00,OBJ_1011,1.0512
2026-04-01 05:00:00,OBJ_1002,7.4342
2026-04-02 07:00:00,OBJ_1005,0.7256
2026-04-01 12:00:00,OBJ_1004,1.0476
2026-04-01 23:30:00,OBJ_1006,0.0
2026-04-01 16:15:00,OBJ_1014,3.5429
2026-04-02 09:00:00,OBJ_1014,1.7161
2026-04-01 00:45:00,OBJ_9999,0.0
2026-04-03 13:15:00,OBJ_1007,4.0068
2026-04-01 22:30:00,OBJ_1012,5.5156
2026-04-03 03:15:00,OBJ_1011,1.116
2026-04-02 15:15:00,OBJ_1014,4.0217
2026-04-02 17:45:00,OBJ_1009,2.8004
2026-04-02 21:00:00,OBJ_1010,3.7306
2026-04-01 06:45:00,OBJ_1012,5.5195
2026-04-02 03:15:00,OBJ_1012,5.4947
2026-04-03 22:15:00,OBJ_1004,1.2705
2026-04-01 12:30:00,OBJ_1010,3.8146
2026-04-02 08:45:00,OBJ_1002,5.1689
2026-04-01 08:00:00,OBJ_1010,4.7084
2026-04-02 19:30:00,OBJ_1007,3.8415
2026-04-03 18:30:00,OBJ_1002,6.1099
2026-04-01 01:30:00,OBJ_1010,4.8175
2026-04-02 16:00:00,OBJ_1007,5.216
2026-04-03 21:45:00,OBJ_1004,1.0235
2026-04-02 17:30:00,OBJ_1012,12.4375
2026-04-01 21:15:00,OBJ_1001,0.0
2026-04-03 17:15:00,OBJ_1014,3.8273
2026-04-03 04:00:00,OBJ_1001,0.0
2026-04-03 13:45:00,OBJ_1014,2.9628
2026-04-01 19:30:00,OBJ_1002,5.2685
2026-04-03 00:45:00,OBJ_1007,3.0622
2026-04-03 05:45:00,OBJ_1014,2.7718
2026-04-02 03:15:00,OBJ_1004,1.1828
2026-04-01 10:45:00,OBJ_1007,2.0533
2026-04-01 16:30:00,OBJ_1007,4.7305
2026-04-03 11:30:00,OBJ_1007,2.7649
2026-04-02 04:15:00,OBJ_1001,0.0
2026-04-03 01:15:00,OBJ_1001,0.0
2026-04-02 05:00:00,OBJ_1006,0.0
2026-04-02 23:15:00,OBJ_1008,3.3877
2026-04-01 23:45:00,OBJ_1012,3.641
2026-04-02 16:30:00,OBJ_1009,3.7903
2026-04-03 06:00:00,OBJ_1007,5.1318
2026-04-02 02:30:00,OBJ_1011,1.5289
2026-04-01 19:45:00,OBJ_1011,1.1269
2026-04-03 10:30:00,OBJ_1014,1.4662
2026-04-02 03:45:00,OBJ_1007,4.0434
2026-04-01 17:45:00,OBJ_1008,11.4408
2026-04-01 21:00:00,OBJ_1001,0.0
2026-04-02 11:30:00,OBJ_1007,2.6068
2026-04-03 19:45:00,OBJ_1002,6.4801
2026-04-02 14:00:00,OBJ_1010,6.1793
2026-04-01 01:30:00,OBJ_1001,0.0
2026-04-01 05:15:00,OBJ_1009,0.0
2026-04-02 16:15:00,OBJ_1010,6.9543
2026-04-03 00:00:00,OBJ_1014,2.5264
2026-04-02 07:30:00,OBJ_1002,6.2052
2026-04-01 10:45:00,OBJ_1011,-1.6415
2026-04-03 10:45:00,OBJ_1001,3.7648
2026-04-03 17:30:00,OBJ_1006,2.2126
2026-04-03 17:15:00,OBJ_1007,4.6835
2026-04-02 00:00:00,OBJ_1005,0.6639
2026-04-02 21:00:00,OBJ_1012,13.8175
2026-04-01 11:00:00,OBJ_1005,-1.0928
2026-04-03 03:00:00,OBJ_1008,3.3238
2026-04-03 17:00:00,OBJ_1007,5.6414
2026-04-03 04:00:00,OBJ_1012,4.2138
2026-04-02 12:30:00,OBJ_1008,9.5502
2026-04-03 04:45:00,OBJ_1002,8.7326
2026-04-03 10:15:00,OBJ_1008,11.8623
2026-04-02 02:30:00,OBJ_1001,0.0
2026-04-03 05:45:00,OBJ_1005,0.7652
2026-04-03 20:45:00,OBJ_1011,1.5534
2026-04-01 13:30:00,OBJ_1002,6.4538
2026-04-03 05:45:00,OBJ_1009,0.0
2026-04-02 02:15:00,OBJ_1002,7.3037
2026-04-01 01:00:00,OBJ_1008,3.6079
2026-04-01 01:45:00,OBJ_1003,2.3209
2026-04-02 11:30:00,OBJ_1002,3.6617
2026-04-01 18:15:00,OBJ_1004,1.0428
2026-04-02 18:00:00,OBJ_1011,1.1345
2026-04-02 20:15:00,OBJ_1001,0.0
2026-04-01 20:00:00,OBJ_1006,0.0
2026-04-01 12:00:00,OBJ_1006,3.9016
2026-04-02 00:30:00,OBJ_1012,5.8862
2026-04-03 03:45:00,OBJ_1008,3.089
2026-04-02 16:30:00,OBJ_1011,1.4319
2026-04-03 12:00:00,OBJ_1014,2.4247
2026-04-02 03:30:00,OBJ_1007,4.8161
2026-04-01 05:30:00,OBJ_1004,1.0654
2026-04-01 09:00:00,OBJ_1005,0.6968
2026-04-02 06:00:00,OBJ_1010,5.4048
2026-04-01 05:00:00,OBJ_1007,5.2618
2026-04-03 08:45:00,OBJ_1006,2.0644
2026-04-02 17:30:00,OBJ_1007,4.4055
2026-04-03 20:45:00,OBJ_1001,0.0
2026-04-02 13:00:00,OBJ_1009,6.0858
2026-04-02 12:45:00,OBJ_1011,-1.5451
2026-04-02 18:30:00,OBJ_1007,4.4852
2026-04-03 03:45:00,OBJ_1002,7.7563
2026-04-02 17:30:00,OBJ_1001,2.3399
2026-04-01 16:00:00,OBJ_1004,1.2132
2026-04-03 15:45:00,OBJ_1011,1.0136
2026-04-01 23:30:00,OBJ_1012,6.0539
2026-04-02 22:45:00,OBJ_1009,0.0
2026-04-02 01:45:00,OBJ_1010,4.7972
2026-04-03 20:30:00,OBJ_1007,3.6616
2026-04-02 09:15:00,OBJ_1004,1.0643
2026-04-02 18:15:00,OBJ_1012,17.594
2026-04-01 01:45:00,OBJ_1007,4.5702
2026-04-03 21:45:00,OBJ_1005,0.6265
2026-04-02 04:45:00,OBJ_1002,6.867
2026-04-01 23:00:00,OBJ_1008,4.367
2026-04-01 12:45:00,OBJ_1002,5.5393
2026-04-02 16:15:00,OBJ_1005,0.8002
2026-04-02 09:15:00,OBJ_1009,4.0275
2026-04-01 01:15:00,OBJ_1010,4.1199
2026-04-01 08:00:00,OBJ_1007,3.4631
2026-04-03 23:00:00,OBJ_1005,0.6368
2026-04-01 15:30:00,OBJ_1012,14.9889
2026-04-03 02:30:00,OBJ_1007,4.2713
2026-04-01 12:45:00,OBJ_1009,4.7632
2026-04-01 14:30:00,OBJ_1014,3.5087
2026-04-03 08:15:00,OBJ_1004,1.036
2026-04-02 13:00:00,OBJ_1006,3.6191
2026-04-01 01:00:00,OBJ_1012,4.9462
2026-04-02 07:00:00,OBJ_1012,14.9496
2026-04-02 10:00:00,OBJ_1007,2.0398
2026-04-01 12:30:00,OBJ_1014,2.6462
2026-04-03 05:45:00,OBJ_1012,5.2673
2026-04-02 08:30:00,OBJ_1005,0.7998
2026-04-02 03:00:00,OBJ_1002,7.526
2026-04-01 11:45:00,OBJ_1010,2.9845
2026-04-01 02:00:00,OBJ_1007,4.4298
2026-04-02 11:45:00,OBJ_1005,-0.939
2026-04-02 08:45:00,OBJ_1010,3.8704
2026-04-01 12:00:00,OBJ_1008,9.4434
2026-04-01 13:00:00,OBJ_1002,6.3909
2026-04-03 22:30:00,OBJ_1002,3.2797
2026-04-02 15:30:00,OBJ_1009,4.6211
2026-04-02 15:30:00,OBJ_1006,3.5092
2026-04-02 10:15:00,OBJ_1010,2.4029
2026-04-02 03:30:00,OBJ_1011,0.9933
2026-04-02 15:15:00,OBJ_1009,4.9306
2026-04-02 15:30:00,OBJ_1011,1.2417
2026-04-03 20:30:00,OBJ_1008,12.8159
2026-04-03 23:15:00,OBJ_1014,1.8189
2026-04-03 10:45:00,OBJ_1012,16.345
2026-04-03 23:30:00,OBJ_1011,1.3459
2026-04-03 20:00:00,OBJ_1010,3.7471
2026-04-03 02:00:00,OBJ_1008,4.1362
2026-04-01 19:15:00,OBJ_1004,1.1678
2026-04-01 16:00:00,OBJ_1014,3.5206
2026-04-02 22:30:00,OBJ_1007,1.7814
2026-04-03 21:00:00,OBJ_1004,1.1748
2026-04-02 17:30:00,OBJ_1014,3.2087
2026-04-03 19:30:00,OBJ_1011,1.0347
2026-04-02 18:30:00,OBJ_1009,1.7672
2026-04-02 07:30:00,OBJ_1008,10.537
2026-04-02 16:45:00,OBJ_1014,3.5595
2026-04-02 06:30:00,OBJ_1005,1.0299
2026-04-02 14:15:00,OBJ_1004,1.1367
2026-04-02 03:00:00,OBJ_1004,1.1316
2026-04-03 14:00:00,OBJ_1005,-0.8583
2026-04-01 22:15:00,OBJ_1009,0.0
2026-04-03 00:30:00,OBJ_1006,0.0
2026-04-01 05:30:00,OBJ_1008,3.2602
2026-04-03 09:45:00,OBJ_1008,8.682
2026-04-03 03:30:00,OBJ_1011,1.0542
2026-04-03 10:00:00,OBJ_1008,10.4987
2026-04-03 11:30:00,OBJ_1006,3.6013
2026-04-02 06:45:00,OBJ_1007,4.0117
2026-04-03 02:00:00,OBJ_1012,5.6508
2026-04-03 19:00:00,OBJ_1005,0.6649
2026-04-01 07:30:00,OBJ_1002,5.1283
2026-04-03 09:30:00,OBJ_1005,0.9637
2026-04-01 01:00:00,OBJ_1002,6.4853
2026-04-02 14:00:00,OBJ_1005,-0.8546
2026-04-03 13:00:00,OBJ_1008,13.5435
2026-04-03 09:30:00,OBJ_1001,3.0483
2026-04-01 06:45:00,OBJ_1006,0.6585
2026-04-02 12:30:00,OBJ_1012,12.4861
2026-04-03 04:45:00,OBJ_1009,0.0
2026-04-01 05:00:00,OBJ_1010,7.0172
2026-04-03 14:30:00,OBJ_1005,-0.9641
2026-04-02 05:15:00,OBJ_1008,3.2165
2026-04-02 18:00:00,OBJ_1010,5.3983
2026-04-01 05:15:00,OBJ_1008,4.7352
2026-04-01 05:15:00,OBJ_1001,0.0
2026-04-01 05:30:00,OBJ_1001,0.0
2026-04-01 13:45:00,OBJ_1001,4.555
2026-04-02 00:00:00,OBJ_1001,0.0
2026-04-01 21:15:00,OBJ_1004,1.2228
2026-04-03 10:15:00,OBJ_1006,3.8652
2026-04-03 07:45:00,OBJ_1009,2.3176
2026-04-01 00:30:00,OBJ_1007,3.5029
2026-04-03 21:30:00,OBJ_1001,0.0
2026-04-01 20:30:00,OBJ_1005,0.6521
2026-04-03 14:45:00,OBJ_1001,3.5557
2026-04-02 05:15:00,OBJ_1011,1.0488
2026-04-01 21:15:00,OBJ_1010,3.739
2026-04-02 12:15:00,OBJ_1010,4.7289
2026-04-01 18:30:00,OBJ_1008,13.8733
2026-04-02 00:15:00,OBJ_1008,3.0917
2026-04-03 06:30:00,OBJ_1010,7.0359
2026-04-02 19:00:00,OBJ_1014,2.7207
2026-04-03 22:15:00,OBJ_1012,3.7228
2026-04-03 03:15:00,OBJ_1006,0.0
2026-04-02 01:15:00,OBJ_1006,0.0
2026-04-03 02:30:00,OBJ_1005,0.7508
2026-04-03 06:00:00,OBJ_1004,1.0312
2026-04-02 09:30:00,OBJ_1011,1.1698
2026-04-01 13:45:00,OBJ_1008,8.9929
2026-04-01 19:15:00,OBJ_1011,1.1333
2026-04-02 03:15:00,OBJ_1011,0.8694
2026-04-01 15:45:00,OBJ_1004,1.2146
2026-04-01 16:00:00,OBJ_1005,0.6156
2026-04-01 06:15:00,OBJ_1004,1.2378
2026-04-03 11:45:00,OBJ_1004,1.135
2026-04-01 10:30:00,OBJ_1006,3.2817
2026-04-03 11:30:00,OBJ_1014,2.1041
2026-04-01 16:00:00,OBJ_1010,6.6958
2026-04-03 01:00:00,OBJ_1007,3.3724
2026-04-02 22:15:00,OBJ_1001,0.0
2026-04-03 23:30:00,OBJ_1012,5.4059
2026-04-01 22:15:00,OBJ_1004,1.0952
2026-04-01 16:45:00,OBJ_1008,11.058
2026-04-01 15:00:00,OBJ_1001,3.559
2026-04-03 16:30:00,OBJ_1004,1.0577
2026-04-01 00:30:00,OBJ_1002,5.1974
2026-04-02 19:15:00,OBJ_1006,0.6572
2026-04-01 15:45:00,OBJ_1002,5.7943
2026-04-02 13:45:00,OBJ_1001,4.4186
2026-04-01 05:00:00,OBJ_1004,1.0346
2026-04-03 02:30:00,OBJ_1001,0.0
2026-04-03 21:15:00,OBJ_1011,1.35
2026-04-03 14:15:00,OBJ_1011,-1.4874
2026-04-02 00:30:00,OBJ_1006,0.0
2026-04-02 16:00:00,OBJ_1002,8.0223
2026-04-01 15:45:00,OBJ_1009,4.0801
2026-04-03 12:15:00,OBJ_1001,3.9545
2026-04-03 03:30:00,OBJ_1010,6.0672
2026-04-02 18:15:00,OBJ_1001,1.568
2026-04-03 12:15:00,OBJ_1011,-1.7075
2026-04-01 16:45:00,OBJ_1007,4.7444
2026-04-02 16:30:00,OBJ_1008,9.6847
2026-04-01 16:15:00,OBJ_1012,15.8887
2026-04-02 21:00:00,OBJ_1011,1.4029
2026-04-03 05:15:00,OBJ_1008,3.8372
2026-04-02 03:15:00,OBJ_1007,4.5631
2026-04-01 01:00:00,OBJ_9999,0.0
2026-04-01 06:45:00,OBJ_1002,6.3744
2026-04-03 13:00:00,OBJ_1011,-1.7738
2026-04-01 04:15:00,OBJ_1001,0.0
2026-04-01 17:45:00,OBJ_1012,12.6425
2026-04-01 19:45:00,OBJ_1009,0.3262
2026-04-01 01:30:00,OBJ_9999,0.0
2026-04-03 18:45:00,OBJ_1008,10.9317
2026-04-01 00:15:00,OBJ_1006,0.0
2026-04-03 16:45:00,OBJ_1011,0.9684
2026-04-03 13:15:00,OBJ_1002,5.9411
2026-04-01 07:45:00,OBJ_1006,1.4464
2026-04-01 15:45:00,OBJ_1007,4.1428
2026-04-01 06:45:00,OBJ_1011,1.053
2026-04-03 22:00:00,OBJ_1001,0.0
2026-04-03 18:15:00,OBJ_1011,1.2796
2026-04-01 11:45:00,OBJ_1007,2.2435
2026-04-03 12:00:00,OBJ_1007,3.6293
2026-04-01 04:45:00,OBJ_1005,0.8722
2026-04-01 10:15:00,OBJ_1010,2.7039
2026-04-01 01:30:00,OBJ_1003,1.6009
2026-04-01 09:00:00,OBJ_1002,3.6259
2026-04-03 08:30:00,OBJ_1014,2.165
2026-04-02 04:00:00,OBJ_1014,3.2123
2026-04-03 05:45:00,OBJ_1007,4.1597
2026-04-02 15:15:00,OBJ_1006,4.0344
2026-04-03 05:15:00,OBJ_1011,0.8363
2026-04-03 01:30:00,OBJ_1004,1.0349
2026-04-01 13:15:00,OBJ_1006,4.2522
2026-04-01 06:00:00,OBJ_1001,0.0
2026-04-03 04:30:00,OBJ_1012,4.5996
2026-04-02 05:00:00,OBJ_1008,3.5274
2026-04-03 14:45:00,OBJ_1007,4.5556
2026-04-01 01:00:00,OBJ_1010,6.1048
2026-04-03 13:30:00,OBJ_1012,16.6176
2026-04-01 00:45:00,OBJ_1006,0.0
2026-04-01 06:15:00,OBJ_1011,1.5028
2026-04-01 07:15:00,OBJ_1012,17.1404
2026-04-01 20:00:00,OBJ_1004,1.0737
2026-04-03 19:45:00,OBJ_1014,3.3714
2026-04-01 13:00:00,OBJ_1009,5.5534
2026-04-01 05:30:00,OBJ_1005,0.7572
2026-04-02 07:45:00,OBJ_1008,9.3537
2026-04-03 19:30:00,OBJ_1014,3.0205
2026-04-01 06:15:00,OBJ_1007,5.1283
2026-04-01 20:30:00,OBJ_1014,2.2837
2026-04-01 09:00:00,OBJ_1009,3.2715
2026-04-03 17:00:00,OBJ_1002,6.9293
2026-04-01 10:45:00,OBJ_1004,1.2255
2026-04-01 01:45:00,OBJ_1004,1.1845
2026-04-03 20:15:00,OBJ_1010,5.2183
2026-04-02 19:15:00,OBJ_1011,1.3956
2026-04-02 03:00:00,OBJ_1012,4.2259
2026-04-03 08:45:00,OBJ_1007,3.1816
2026-04-01 07:00:00,OBJ_1014,2.8918
2026-04-03 19:45:00,OBJ_1009,0.3393
2026-04-02 14:15:00,OBJ_1009,5.6684
2026-04-01 07:00:00,OBJ_1008,9.441
2026-04-01 22:45:00,OBJ_1001,0.0
2026-04-02 00:00:00,OBJ_1002,4.6277
2026-04-02 17:30:00,OBJ_1004,1.1152
2026-04-01 16:15:00,OBJ_1004,1.0417
2026-04-03 20:30:00,OBJ_1005,0.9388
2026-04-01 22:15:00,OBJ_1006,0.0
2026-04-03 13:15:00,OBJ_1008,12.7791
2026-04-02 05:30:00,OBJ_1005,0.8929
2026-04-01 11:15:00,OBJ_1005,-0.8434
2026-04-02 05:00:00,OBJ_1012,5.5507
2026-04-03 12:15:00,OBJ_1008,10.0587
2026-04-02 10:30:00,OBJ_1014,1.5557
2026-04-02 12:00:00,OBJ_1004,1.216
2026-04-02 19:30:00,OBJ_1014,3.1478
2026-04-02 07:15:00,OBJ_1005,0.6617
2026-04-02 04:30:00,OBJ_1009,0.0
2026-04-02 08:00:00,OBJ_1001,1.6531
2026-04-03 11:15:00,OBJ_1004,1.2357
2026-04-01 23:00:00,OBJ_1006,0.0
2026-04-03 09:15:00,OBJ_1007,2.7205
2026-04-03 11:15:00,OBJ_1006,3.9324
2026-04-01 03:00:00,OBJ_1006,0.0
2026-04-02 09:00:00,OBJ_1009,4.0949
2026-04-02 08:15:00,OBJ_1011,1.305
2026-04-02 16:00:00,OBJ_1008,10.5749
2026-04-01 17:00:00,OBJ_1002,7.3077
2026-04-02 08:15:00,OBJ_1014,2.2947
2026-04-02 01:45:00,OBJ_1006,0.0
2026-04-01 01:30:00,OBJ_1009,0.0
2026-04-03 00:45:00,OBJ_1012,4.1321
2026-04-03 14:30:00,OBJ_1012,16.3205
2026-04-01 00:45:00,OBJ_1010,4.2271
2026-04-03 19:30:00,OBJ_1012,13.3933
2026-04-01 11:00:00,OBJ_1010,3.1913
2026-04-01 02:30:00,OBJ_1011,0.9505
2026-04-02 23:00:00,OBJ_1005,0.5968
2026-04-02 04:15:00,OBJ_1010,7.2557
2026-04-01 06:45:00,OBJ_1007,4.6505
2026-04-03 22:45:00,OBJ_1011,1.1195
2026-04-02 15:00:00,OBJ_1007,4.6044
2026-04-03 08:00:00,OBJ_1002,5.0457
2026-04-03 16:45:00,OBJ_1006,2.5897
2026-04-03 15:45:00,OBJ_1014,3.2664
2026-04-01 23:15:00,OBJ_1002,4.3471
2026-04-01 03:15:00,OBJ_1012,6.0527
2026-04-02 04:45:00,OBJ_1005,0.8676
2026-04-02 12:45:00,OBJ_1012,12.7255
2026-04-02 14:15:00,OBJ_1005,-1.014
2026-04-01 22:15:00,OBJ_1012,5.6029
2026-04-02 02:00:00,OBJ_1010,5.5465
2026-04-03 11:45:00,OBJ_1002,4.2829
2026-04-01 20:15:00,OBJ_1009,0.0
2026-04-03 07:15:00,OBJ_1010,4.9384
2026-04-01 04:15:00,OBJ_1012,5.0754
2026-04-01 14:00:00,OBJ_1014,3.1569
2026-04-02 03:00:00,OBJ_1011,0.9899
2026-04-02 17:45:00,OBJ_1002,8.2925
2026-04-01 02:00:00,OBJ_1001,0.0
2026-04-02 20:15:00,OBJ_1010,3.7383
2026-04-01 23:45:00,OBJ_1010,3.6291
2026-04-02 19:45:00,OBJ_1005,0.9268
2026-04-01 16:15:00,OBJ_1009,3.8835
2026-04-01 21:30:00,OBJ_1006,0.0
2026-04-02 07:00:00,OBJ_1010,4.8376
2026-04-01 14:15:00,OBJ_1011,-1.5512
2026-04-03 23:15:00,OBJ_1010,3.16
2026-04-03 02:15:00,OBJ_1008,3.794
2026-04-03 05:00:00,OBJ_1006,0.0
2026-04-01 01:15:00,OBJ_1008,3.3886
2026-04-02 18:00:00,OBJ_1004,1.1844
2026-04-03 03:15:00,OBJ_1012,6.3553
2026-04-02 06:15:00,OBJ_1001,0.2604
2026-04-01 07:00:00,OBJ_1007,5.0623
2026-04-03 19:00:00,OBJ_1008,11.678
2026-04-03 12:30:00,OBJ_1012,16.3222
2026-04-02 00:45:00,OBJ_1012,4.7298
2026-04-02 03:15:00,OBJ_1008,4.4043
2026-04-03 06:00:00,OBJ_1008,4.2011
2026-04-01 16:45:00,OBJ_1006,2.4675
2026-04-03 09:00:00,OBJ_1006,2.581
2026-04-03 19:15:00,OBJ_1014,2.6669
2026-04-01 09:15:00,OBJ_1004,1.1792
2026-04-01 12:45:00,OBJ_1001,4.2751
2026-04-02 09:30:00,OBJ_1007,2.8616
2026-04-03 09:45:00,OBJ_1005,0.6323
2026-04-02 01:30:00,OBJ_1008,4.2865
2026-04-03 05:15:00,OBJ_1001,0.0
2026-04-01 11:30:00,OBJ_1001,4.1787
2026-04-01 15:00:00,OBJ_1008,12.2452
2026-04-01 05:45:00,OBJ_1009,0.0
2026-04-02 07:30:00,OBJ_1006,1.289
2026-04-01 07:15:00,OBJ_1001,1.163
2026-04-02 04:45:00,OBJ_1014,2.7457
2026-04-02 05:15:00,OBJ_1007,4.6258
2026-04-03 00:15:00,OBJ_1008,4.1956
2026-04-03 09:15:00,OBJ_1006,2.7374
2026-04-02 17:45:00,OBJ_1004,1.308
2026-04-03 20:00:00,OBJ_1008,10.8199
2026-04-02 14:00:00,OBJ_1011,-1.3621
2026-04-01 15:30:00,OBJ_1001,3.242
2026-04-03 00:45:00,OBJ_1005,0.9474
2026-04-03 01:45:00,OBJ_1010,4.1716
2026-04-02 13:30:00,OBJ_1009,5.7844
2026-04-02 06:45:00,OBJ_1011,1.5759
2026-04-03 10:30:00,OBJ_1004,1.1569
2026-04-03 02:00:00,OBJ_1001,0.0
2026-04-01 01:30:00,OBJ_1012,4.3904
2026-04-03 17:15:00,OBJ_1004,1.1114
2026-04-01 14:30:00,OBJ_1005,-0.9202
2026-04-02 16:30:00,OBJ_1012,15.8955
2026-04-02 08:15:00,OBJ_1008,9.7242
2026-04-02 16:15:00,OBJ_1007,5.9432
2026-04-02 08:30:00,OBJ_1001,2.3238
2026-04-01 11:30:00,OBJ_1006,4.0448
2026-04-01 03:15:00,OBJ_1008,3.6599
2026-04-03 16:15:00,OBJ_1014,3.6691
2026-04-03 21:15:00,OBJ_1010,3.9684
2026-04-02 13:45:00,OBJ_1004,1.1398
2026-04-01 12:30:00,OBJ_1001,4.1144
2026-04-03 08:30:00,OBJ_1010,4.4726
2026-04-01 09:30:00,OBJ_1011,0.9249
2026-04-01 21:15:00,OBJ_1002,5.1987
2026-04-03 10:45:00,OBJ_1009,5.317
2026-04-01 23:45:00,OBJ_1014,1.7299
2026-04-03 11:30:00,OBJ_1004,1.084
2026-04-02 16:00:00,OBJ_1006,3.5081
2026-04-03 05:30:00,OBJ_1010,5.6825
2026-04-02 23:00:00,OBJ_1009,0.0
2026-04-02 23:45:00,OBJ_1011,1.5822
2026-04-01 13:30:00,OBJ_1001,4.5616
2026-04-02 10:45:00,OBJ_1004,1.0174
2026-04-03 04:45:00,OBJ_1001,0.0
2026-04-02 21:15:00,OBJ_1011,1.399
2026-04-01 10:00:00,OBJ_1008,9.3298
2026-04-02 11:15:00,OBJ_1011,-1.5481
2026-04-01 13:45:00,OBJ_1011,-1.7514
2026-04-01 12:45:00,OBJ_1004,1.1024
2026-04-01 13:30:00,OBJ_1009,4.9075
2026-04-02 23:45:00,OBJ_1012,5.3285
2026-04-03 20:15:00,OBJ_1004,1.1727
2026-04-01 08:30:00,OBJ_1010,4.6406
2026-04-02 01:45:00,OBJ_1009,0.0
2026-04-02 00:30:00,OBJ_1004,1.2014
2026-04-01 14:45:00,OBJ_1012,12.5993
2026-04-03 12:00:00,OBJ_1002,5.1619
2026-04-02 04:45:00,OBJ_1009,0.0
2026-04-02 16:30:00,OBJ_1002,6.5572
2026-04-02 14:00:00,OBJ_1008,9.3937
2026-04-03 01:45:00,OBJ_1002,5.1734
2026-04-02 02:45:00,OBJ_1011,1.0805
2026-04-03 05:00:00,OBJ_1011,1.3977
2026-04-02 06:45:00,OBJ_1004,1.0174
2026-04-01 05:30:00,OBJ_1009,0.0
2026-04-02 02:00:00,OBJ_1014,3.7687
2026-04-01 18:00:00,OBJ_1011,0.9409
2026-04-01 12:45:00,OBJ_1007,2.8928
2026-04-03 15:15:00,OBJ_1012,17.3619
2026-04-01 17:15:00,OBJ_1006,2.2046
2026-04-02 06:15:00,OBJ_1012,5.3882
2026-04-02 02:30:00,OBJ_1014,2.9044
2026-04-01 07:30:00,OBJ_1011,1.0421
2026-04-02 04:15:00,OBJ_1002,7.1428
2026-04-01 04:30:00,OBJ_1001,0.0
2026-04-01 00:30:00,OBJ_1014,2.3721
2026-04-01 01:45:00,OBJ_1006,0.0
2026-04-01 07:15:00,OBJ_1006,0.9914
2026-04-01 05:30:00,OBJ_1006,0.0
2026-04-03 19:00:00,OBJ_1010,4.8228
2026-04-01 08:15:00,OBJ_1002,6.2159
2026-04-03 09:30:00,OBJ_1012,15.4586
2026-04-01 03:00:00,OBJ_1001,0.0
2026-04-03 05:30:00,OBJ_1007,4.5057
2026-04-03 14:30:00,OBJ_1014,3.1462
2026-04-02 21:15:00,OBJ_1002,4.855
2026-04-03 04:15:00,OBJ_1001,0.0
2026-04-03 17:00:00,OBJ_1009,3.5054
2026-04-03 04:00:00,OBJ_1007,4.8114
2026-04-02 02:45:00,OBJ_1014,3.5071
2026-04-02 17:30:00,OBJ_1002,6.8988
2026-04-03 17:00:00,OBJ_1006,2.7299
2026-04-01 11:00:00,OBJ_1009,4.3452
2026-04-03 15:00:00,OBJ_1001,3.7222
2026-04-01 20:45:00,OBJ_1004,1.0838
2026-04-02 15:45:00,OBJ_1014,2.8067
2026-04-02 03:00:00,OBJ_1001,0.0
2026-04-02 11:00:00,OBJ_1007,2.4566
2026-04-01 12:45:00,OBJ_1008,13.1687
2026-04-01 16:45:00,OBJ_1009,3.5849
2026-04-03 20:15:00,OBJ_1007,3.2951
2026-04-03 18:30:00,OBJ_1004,1.1257
2026-04-03 01:00:00,OBJ_1006,0.0
2026-04-02 10:15:00,OBJ_1005,-1.1304
2026-04-03 06:30:00,OBJ_1004,1.1992
2026-04-01 13:15:00,OBJ_1005,-0.745
2026-04-03 17:30:00,OBJ_1009,3.0105
2026-04-03 00:00:00,OBJ_1006,0.0
2026-04-03 10:00:00,OBJ_1006,3.7559
2026-04-03 15:30:00,OBJ_1010,5.5752
2026-04-01 23:15:00,OBJ_1006,0.0
2026-04-01 14:30:00,OBJ_1012,18.886
2026-04-03 08:45:00,OBJ_1011,1.4176
2026-04-03 00:15:00,OBJ_1011,1.3928
2026-04-02 08:45:00,OBJ_1011,1.132
2026-04-01 17:30:00,OBJ_1008,10.861
2026-04-03 11:00:00,OBJ_1004,1.1303
2026-04-01 02:00:00,OBJ_1002,8.1331
2026-04-02 13:45:00,OBJ_1005,-0.9186
2026-04-01 15:15:00,OBJ_1009,4.5609
2026-04-03 23:45:00,OBJ_1001,0.0
2026-04-02 20:00:00,OBJ_1010,4.2323
2026-04-02 08:45:00,OBJ_1005,0.8032
2026-04-03 08:15:00,OBJ_1002,5.679
2026-04-01 13:15:00,OBJ_1008,12.0051
2026-04-02 23:00:00,OBJ_1006,0.0
2026-04-03 23:00:00,OBJ_1014,1.8969
2026-04-01 18:30:00,OBJ_1002,6.6094
2026-04-01 17:00:00,OBJ_1001,2.461
2026-04-01 04:15:00,OBJ_1007,5.6335
2026-04-02 11:00:00,OBJ_1011,-1.522
2026-04-03 05:00:00,OBJ_1004,1.2219
2026-04-03 18:00:00,OBJ_1007,4.6202
2026-04-02 01:30:00,OBJ_1009,0.0
2026-04-03 23:15:00,OBJ_1007,2.9607
2026-04-03 07:30:00,OBJ_1010,5.7852
2026-04-02 22:15:00,OBJ_1006,0.0
2026-04-01 09:15:00,OBJ_1002,5.0156
2026-04-02 16:00:00,OBJ_1009,4.9071
2026-04-01 12:00:00,OBJ_1005,-0.9549
2026-04-02 09:30:00,OBJ_1002,4.1578
2026-04-01 18:00:00,OBJ_1004,1.1019
2026-04-02 02:00:00,OBJ_1012,4.3549
2026-04-03 06:45:00,OBJ_1012,4.6879
2026-04-02 07:45:00,OBJ_1014,2.5726
2026-04-02 10:45:00,OBJ_1007,2.1145
2026-04-03 19:30:00,OBJ_1007,4.133
2026-04-03 17:00:00,OBJ_1012,12.5603
2026-04-02 22:45:00,OBJ_1002,3.5935
2026-04-02 15:30:00,OBJ_1002,5.9472
2026-04-02 07:00:00,OBJ_1001,0.9439
2026-04-03 04:45:00,OBJ_1005,0.8773
2026-04-03 18:45:00,OBJ_1010,6.509
2026-04-03 08:15:00,OBJ_1001,1.8344
2026-04-03 14:00:00,OBJ_1014,3.119
2026-04-01 16:30:00,OBJ_1008,12.1844
2026-04-03 00:30:00,OBJ_1001,0.0
2026-04-01 16:15:00,OBJ_1005,0.6525
2026-04-03 12:45:00,OBJ_1005,-1.0021
2026-04-01 18:30:00,OBJ_1001,1.2527
2026-04-01 20:45:00,OBJ_1014,2.3216
2026-04-01 17:30:00,OBJ_1006,2.1853
2026-04-02 21:00:00,OBJ_1004,1.0293
2026-04-03 13:30:00,OBJ_1004,1.2145
2026-04-01 11:15:00,OBJ_1008,11.2948
2026-04-02 10:00:00,OBJ_1002,3.8414
2026-04-03 08:45:00,OBJ_1002,5.2842
2026-04-02 03:45:00,OBJ_1006,0.0
2026-04-02 04:45:00,OBJ_1006,0.0
2026-04-02 07:00:00,OBJ_1002,5.425
2026-04-02 15:30:00,OBJ_1005,0.6598
2026-04-03 23:45:00,OBJ_1009,0.0
2026-04-02 13:45:00,OBJ_1009,5.1267
2026-04-02 14:30:00,OBJ_1007,4.6577
2026-04-03 14:30:00,OBJ_1007,4.5864
2026-04-02 15:15:00,OBJ_1005,0.6387
2026-04-02 11:30:00,OBJ_1010,2.9738
2026-04-02 11:45:00,OBJ_1011,-1.1911
2026-04-02 10:30:00,OBJ_1009,4.9353
2026-04-01 17:45:00,OBJ_1001,2.0181
2026-04-02 06:00:00,OBJ_1008,3.5968
2026-04-03 05:15:00,OBJ_1004,1.1921
2026-04-01 10:30:00,OBJ_1011,-1.6172
2026-04-02 10:15:00,OBJ_1006,3.487
2026-04-01 19:15:00,OBJ_1008,8.7423
2026-04-02 22:00:00,OBJ_1012,6.2094
2026-04-03 12:30:00,OBJ_1009,5.9034
2026-04-02 11:00:00,OBJ_1001,3.6475
2026-04-02 15:00:00,OBJ_1014,3.2988
2026-04-01 03:30:00,OBJ_1009,0.0
2026-04-01 12:15:00,OBJ_1002,4.6243
2026-04-02 01:30:00,OBJ_1007,3.5477
2026-04-03 20:30:00,OBJ_1014,2.414
2026-04-02 12:45:00,OBJ_1007,3.8971
2026-04-01 01:45:00,OBJ_1002,6.1348
2026-04-03 15:00:00,OBJ_1010,6.4622
2026-04-02 07:15:00,OBJ_1010,5.1369
2026-04-01 13:30:00,OBJ_1011,-1.3924
2026-04-01 21:45:00,OBJ_1012,14.2795
2026-04-02 09:00:00,OBJ_1010,3.057
2026-04-01 14:45:00,OBJ_1009,4.9222
2026-04-03 14:15:00,OBJ_1009,5.0106
2026-04-03 06:15:00,OBJ_1008,3.7718
2026-04-02 00:15:00,OBJ_1004,1.0779
2026-04-01 12:15:00,OBJ_1006,4.4829
2026-04-01 19:00:00,OBJ_1007,4.3145
2026-04-02 06:30:00,OBJ_1014,3.1047
2026-04-02 21:45:00,OBJ_1002,3.9478
2026-04-02 14:45:00,OBJ_1001,3.6714
2026-04-01 13:00:00,OBJ_1006,3.9159
2026-04-02 16:45:00,OBJ_1009,3.3728
2026-04-02 14:45:00,OBJ_1006,3.5616
2026-04-03 06:15:00,OBJ_1006,0.2188
2026-04-02 05:15:00,OBJ_1012,4.6596
2026-04-01 21:15:00,OBJ_1007,3.4992
2026-04-03 04:15:00,OBJ_1002,7.4068
2026-04-02 17:45:00,OBJ_1008,8.7744
2026-04-03 10:15:00,OBJ_1002,3.6225
2026-04-01 20:15:00,OBJ_1002,5.1176
2026-04-03 15:45:00,OBJ_1007,4.0544
2026-04-02 14:15:00,OBJ_1008,10.4901
2026-04-02 09:00:00,OBJ_1001,2.3934
2026-04-03 04:30:00,OBJ_1006,0.0
2026-04-03 10:30:00,OBJ_1001,3.1985
2026-04-02 00:00:00,OBJ_1007,4.022
2026-04-02 08:45:00,OBJ_1012,17.6168
2026-04-03 07:00:00,OBJ_1002,5.8156
2026-04-03 00:45:00,OBJ_1001,0.0
2026-04-02 16:30:00,OBJ_1010,7.0828
2026-04-03 22:15:00,OBJ_1006,0.0
